date,BANK,IT,FMCG,AUTO,PHARMA,FIN_SVC,METAL,ENERGY,REALTY,INFRA,MEDIA,PSU_BANK,PVT_BANK
2016-03-15,0.003202172982608482,-0.012631322326266042,-0.020620574446501734,-0.008529072695350417,-0.031715052911138505,-0.008254664937242912,0.0031947311409907383,0.0014268043539286937,0.0,-0.0021795889552290305,-0.02664291271940361,0.016264072917604813,0.0017347395320116107
2016-03-16,0.008763068470893459,0.006756892163391535,0.010415203998413775,-0.005122602874803733,0.004945579826646074,0.009571604859115913,-0.009478459870988526,-0.0003733677271071238,-0.006062624935144768,-0.002368382925667608,0.0008106197833962894,-0.0001490332174311464,0.01090435053540679
2016-03-17,-0.0011454458535629932,0.01107402716548508,0.00559015624702526,-0.001186894550214691,-0.01365394140443671,-0.002879105976091911,-0.0004094054016869448,0.0074341721391697315,-0.00950444267776111,0.007737612517474343,0.004609985645635413,0.0032090683720987986,0.0004601641820247713
2016-03-18,0.013560201718217561,0.02139266058899482,0.005646176587308605,0.013545512418933106,-0.01211058776369664,0.013523352762728664,0.024991514681901264,0.005773774040992227,0.018584754442959414,0.009508231528070446,0.007102562982471531,0.021951251074464318,0.012481396955841205
2016-03-21,0.01717845249494778,0.0030553930742532216,0.018901930409300532,0.01285619589445861,0.01284956010933907,0.017654823213750434,0.0038002274172042826,0.008805194944897258,0.019559694409608287,0.014500898611974867,0.003931442333485374,0.026525667036583354,0.015251530630062127
2016-03-22,0.0006214597515499603,0.001138370150738624,-0.016159675277450984,0.010060288732830198,-0.001621167507553869,0.004513303541863518,0.012572801064363115,0.006719902590370467,0.028161698496522992,0.0052339079438138295,0.0007542697410562154,-0.00038411740663815447,-0.0006881637692560006
2016-03-23,-0.003032302702316263,0.001921197060689996,0.001052553659512558,0.0054712611682002695,-0.0017130952431190847,-0.0029077995131277286,0.020583980765759964,-0.011600130848493777,-0.0012775278268356706,0.004442112356450533,0.00012926731378275962,-0.007286122978731636,-0.002005882623185288
2016-03-28,-0.01796340232864844,-0.005308812032340284,-0.008536206736707474,-0.014375563480511286,-0.02150513789202566,-0.01730898626875044,-0.05019730526772667,-0.002808002298408724,-0.04711369833589756,-0.017548687511671743,-0.01095891614876283,-0.0394496734866493,-0.016751940627313586
2016-03-29,0.003923769994774986,-0.004846666555295773,-0.0044982309856824295,0.009891602563173089,-0.02726603292160082,-0.001470884454377705,0.003877683278472994,0.004461407073482518,0.004012082220794811,-0.002958247370410737,-0.006379231651064997,0.005177909448974002,0.003671859615569047
2016-03-30,0.029472761328672405,0.012503899904121592,0.016152339198598133,0.016086137751624444,0.022707356573206713,0.021149231045935944,0.03517285794140671,0.016308648662321908,0.03829622474620316,0.021271479245592712,-0.0008550824312637367,0.04070817823401651,0.03014071560458198
2016-03-31,0.0004214125054136303,0.004852904836523238,0.0037106106226928314,0.00044523704444617034,0.007210308547238713,-0.0018980668480903685,-0.007474661652184061,-0.004181448391687658,0.005444408026526717,-0.001294238522066176,0.01804239920867202,-0.008761217976977879,0.0020214225967243576
2016-04-01,0.002057733340690935,-0.010189358312929388,0.01146746570617999,-0.007141306319174231,-0.005552720936441022,0.0016856772438631179,-0.006109664273753085,-0.009163909525566352,0.03020048905953435,0.0014901863259488997,0.0015499293410628713,0.020831370550131432,0.0015011030199926089
2016-04-04,0.0009701319508995767,0.0170978222017145,-0.005089937297229627,0.011699587760192384,0.0045375331324374385,-0.0009260181310481552,0.005926668114215102,0.0028709012212261844,-0.0071529407411862495,0.00895290680344961,0.013375145057831963,-0.006902371399745715,0.0023267729463456724
2016-04-05,-0.03108860675854883,-0.00995037458867894,-0.012913159183279465,-0.030169078115661677,-0.009251959856482951,-0.022928064415052338,-0.02684352724479787,-0.009228149491195827,-0.029777283965295567,-0.031941385899453556,-0.028939556571902985,-0.05270794720775865,-0.030188222347242836
2016-04-06,-0.0037054552335935133,-0.0044444714365342265,0.0011274486802716093,0.004663677424740889,0.002630505781096782,-0.0027854585996711736,0.02694808234284456,0.0054524271128801784,0.013097155954085494,0.007575244090677794,0.009133874210111703,-0.005789755490537504,-0.00481929176646513
2016-04-07,-0.006814802735282601,-0.010959716734501027,-0.014010924920117636,-0.01083508333389505,0.007199680873961783,-0.009739935326964688,-0.00695221531735988,0.0012881079176452063,-0.003178642156959499,-0.01207965360199176,-0.012197132977757428,-0.009178662914371798,-0.006669687947166414
2016-04-08,0.002418080589361666,-0.0037402756367223193,0.003483826418751145,-0.0016990778238737605,0.002559494336024809,0.004012410429532565,0.003416560485052235,0.005909970858867568,0.012968728290088837,0.010246031700602967,0.003936754809603277,0.004750010964377577,0.0017243300581383809
2016-04-11,0.015940157347869518,0.0205979069589533,0.010206519843217054,0.021659077182196,0.0011117540765518536,0.01025966817880712,0.019923500600182862,0.009908478390753208,0.01590049270734022,0.024999559737622478,0.010768454556656086,0.029119202707159873,0.014206615177314462
2016-04-12,0.0038929049395172105,0.0011595595215603035,-0.0022747251987785522,0.015389193408417278,0.009739521934756783,0.005653863505442236,-0.011120708535311953,0.008211054689555828,0.0015453565704512957,0.006515963521076606,0.01994706321523428,-0.000833420196172501,0.006933315975828873
2016-04-13,0.024775200235687158,0.004184221044537586,0.022123460295979638,0.034255248627487966,0.008327979267445053,0.02477931242616914,0.023085277358304325,0.014391994375814503,0.016235670951135796,0.010957644591653494,-0.0011437871891887181,0.020139775833075902,0.025886400492759597
2016-04-18,-0.003436750107003441,0.02138730921241726,0.01036011306536657,-0.0015726932734251998,0.008175331170857303,0.0007445324091937592,0.009736436528730495,0.001939865253999049,0.04341368769431537,0.01380383532583272,0.012090803558029163,-0.024275424697698653,-0.0008330404312773494
2016-04-20,0.007798023250663277,-0.0038444971757875222,-0.00036293875852727467,-0.005350467302939497,-0.004463102129242735,0.006683840438928783,0.040130220758615505,-0.009771769150282343,-0.0034862955127812154,0.005434828673715761,-0.005311238925715886,0.010638649108876914,0.006705003220217579
2016-04-21,0.017428634812106835,-0.017230067756371873,-0.008705908911955582,-0.002532826418737907,0.004706050544103654,0.014214837045934034,0.0008698911556278857,0.00365758859554364,-0.017616427072597397,-0.010501344836349397,-0.001664206332128275,0.03519985945723253,0.01717227244759162
2016-04-22,0.00397419083318793,-0.004532384801986847,-0.009742820625007888,0.009700116722666697,-0.0029990547739693176,-0.001392545538698185,-0.0038481364347981127,0.001976731217096428,-0.002372534676919397,0.004160920044945215,0.002779224258403268,0.024683836175950512,0.0007603502546485831
2016-04-25,-0.0014828502550848712,0.0010080144645390856,-0.008125372971691247,-0.009447683412686486,-0.009033525297062524,-0.004048544273603976,-0.012738703205780981,-0.01577803109410799,-0.005657284548747672,-0.004312515925048384,0.0005884909851255624,-0.01725413068852482,0.0009189797658276202
2016-04-26,0.01923388803945381,0.008965028278356444,0.008832027428517285,0.016049668238873903,0.009817288721249361,0.016257086923832265,0.022607617690391987,0.0036538290504759,0.01687682457321205,0.009827412074980451,0.016401879404558464,0.018443268489680663,0.019138580818799527
2016-04-27,-0.007651650521677643,0.003117610365317464,0.012540100540639636,0.002668831483295358,-0.002220123115996408,-0.008587602378550375,-0.0010088902483336277,0.006373736183558651,-0.0020573474032087465,0.00811323724833211,-0.006928131969240303,-0.01612417466554047,-0.008164912688428977
2016-04-28,-0.009291485679877755,-0.014586759297225162,-0.023812292510824104,-0.01928941145693035,-0.008120277695647733,-0.01609971476584723,-0.02356544147570735,-0.02333220551508037,0.016630615845263694,-0.015384918839479456,-0.007165004674041782,-0.01705276938045014,-0.007692183637159444
2016-04-29,0.004660953423489401,-0.008086044311086015,0.0035578810670701894,-0.003456483912897334,0.010132368138524047,0.004060457772693941,0.00684223883009926,-0.0007314004995654038,0.011507606649413077,-0.0023282527454542017,0.015951796390492514,-0.015690138628789048,0.006146884585154158
2016-05-02,-0.015118112459649911,-0.0070404503427104375,-0.00047123117759858977,0.001217700822639443,-0.0018922644321797025,-0.007245884407897504,0.009510815951234554,0.001717717191799042,-0.005737250289691351,-0.003264974141196872,0.002596253132564729,-0.01677215848106608,-0.014442843866696526
2016-05-03,-0.009371135277189446,-0.017420620432531786,-0.012755669452870317,-0.00434728175118335,-0.011039337774752644,-0.006062255660447542,-0.011418991956107367,-0.009211832785946408,0.0002876631714989799,0.005952380069896476,0.004578700561928391,-0.013193080303918924,-0.010061958220555719
2016-05-04,-0.007007883320436458,0.002093728497123116,-0.009413545675177562,-0.021498839285072204,0.003031742707518454,-8.285775366778746e-05,-0.03889754897111944,-0.004228613399968663,-0.02475013421629916,-0.017137430476152907,-0.026003040993016358,-0.025513495196404053,-0.006679653847680224
2016-05-05,0.00041468449236305323,0.0023035757468268117,0.008794778866972731,0.005745595479270776,0.00458617555977509,0.00639974802871553,0.0017550532756469873,-0.0021270984776225713,0.008220797157147816,-0.0003076992584706844,-0.004023728897493459,0.000843099887822439,-0.0006949053245862726
2016-05-06,0.0009577005177622119,-0.007945717376932754,0.002854628011745263,0.007703309045779909,-0.010020302862141395,0.0022063589135956777,-0.0005846341920573781,0.0013141711005833607,0.0032112305911185727,0.0014222105666595467,0.0008229117971125496,0.016457707227378007,0.0006568538908083584
2016-05-09,0.02361957823717356,0.00955282991899172,0.011748245819743954,0.014431570583267021,0.005545907854902083,0.023873711069148023,0.004313523112311661,0.011476111211430872,0.019053711322758408,0.01791117294081683,0.028732530032593784,0.025184961753606322,0.02368267227701065
2016-05-10,0.00590654281482798,0.0038954543617939577,0.00424603865582728,-0.00986099927269592,0.007447628050537899,0.00731891946479099,-0.012612113816182881,-0.0066384051145496215,0.004564845547131095,0.0026564127539700634,-0.0053016327542881525,0.004281019266239727,0.006529424280457808
2016-05-11,-0.0018187782165905266,-0.0067288883359039615,-0.005550511636998239,-0.005125796275850296,-0.007165961543389631,-0.0036854491505722907,-0.0008721903033620614,-0.006236353090869707,-0.010875859518766432,-0.005736062760131031,0.040947659324040875,-0.021885897418241634,0.0023141096376041426
2016-05-12,0.010051113407593562,0.010952106274355297,0.0011044204803199635,0.005113699391189189,0.006966240701145219,0.007927212887685723,0.007923971829791704,0.011002990530660372,0.014569622268950212,0.002853303002157424,0.004997136234872765,0.012222564043442533,0.008890899591048888
2016-05-13,-0.0122946636193436,-0.004558606878354337,-0.004109970328640427,-0.009009109385468516,-0.009539634052916319,-0.015873839268538904,-0.02245143394176808,-0.009152635632019882,-0.02498338758351387,-0.014061454491174198,0.005050279730321313,-0.019313966922802572,-0.01159474756425876
2016-05-16,0.0012344354364771778,0.005158583055889767,0.01560894147934826,0.004865392619343128,0.00427044351272798,0.004655962032592922,0.007936163150301885,-0.0032508428575970935,0.014434431008849169,-0.0016279005945047038,0.0002343170369787397,-0.04895585827724864,0.005981756899920166
2016-05-17,0.0015044352886502638,0.0033628863680901363,-0.0008112183703920644,0.005454428551412343,0.0041189794546268674,0.007113720756340308,-0.00033589086947167937,0.0017142027707357835,0.007424380551587262,-0.0007286815909584356,0.006324269955589442,0.0010257315115074922,0.0035489034882695814
2016-05-18,-0.002018481459540498,-0.00045401401269529326,0.00015028252850078885,-0.012165772318180364,0.0017448352793257166,-0.0025083989535147873,0.006927189831146146,-0.00047656017067505114,0.022782608319814455,0.0020120153178821262,-0.01700053476747955,0.016730269376791302,-0.002810910748931774
2016-05-19,-0.009833574592398935,-0.0022912994009224716,-0.01774071840039642,-0.004996914713313575,-0.002247144689037299,-0.013762358404233989,-0.01609098034579908,-0.012219876856796713,-0.00865807971618346,-0.01887954861838931,-0.01803744091939389,-0.03828933003517674,-0.006867291189860302
2016-05-20,-0.005071609898355097,-0.005282184711458659,0.004687466902207562,-0.0029656195471002575,-0.01571501233467696,-0.0051721738805614904,-0.0041551593517141746,-0.006691992461288637,-0.013555665665767208,-0.001307904026058788,0.000783167979348571,-0.00947243245508382,-0.005160340444654648
2016-05-23,-0.0044938685894074515,-0.008759591648145567,0.023772565573085255,-0.006723651750751884,-0.010182086695696322,-0.005712308750421587,-0.005330277803625029,-0.0032271644135836003,-0.0097144318640912,0.0019514105128959091,-0.0073741791048199945,-0.01671402078838727,-0.0018604350289722898
2016-05-24,0.002988067020722425,-0.00138127559065573,0.002294283345606819,0.003128420851998865,-0.009844309687896203,0.006666079467852456,0.00013162917278820667,0.0015348302814693895,-0.0020117313742346386,-0.0009752292561497783,-0.0019229801988698222,0.0007010492977336389,0.0030035921843619504
2016-05-25,0.03233363759912591,0.02626133382591497,0.020282028929900362,0.019700975162578478,0.005275766364773739,0.027300897787565406,0.012374433019362736,0.017358976047891064,0.016831074386369795,0.02537541007775775,0.012583847536954991,0.031298208057931064,0.03187912822128285
2016-05-26,0.02106516089441364,0.01078822829079309,0.01351543963591777,0.012188063652242637,-0.0024184226993315024,0.020915144109820705,0.009754395110049142,0.002502778496441506,0.02154837000196981,0.027506715510920647,0.005646255683185743,0.03597708724944657,0.02032693651668496
2016-05-27,0.008746542571986118,0.007355619661612812,-0.000626353007600834,0.009732733602637185,0.029392274676317807,0.012555128681735016,0.01375735708597387,0.02069412918355967,0.015112253027559473,0.0027435146665579424,0.01298659259921373,0.0471382989561847,0.003753253044820507
2016-05-30,0.0005052294025644034,0.01102836524427458,-0.0048184659895106,0.012201928495191543,-0.0028415789938679432,-0.002444101924400382,0.01973988133840262,-0.0003608179480391299,-0.009315202739417536,0.008203947463538879,-0.0050401937503511875,0.010157211410934936,-3.497274080356953e-05
2016-05-31,0.005705467236558796,-0.013219743564580515,-0.013811463672955665,0.02595199320143826,-0.016197571872987617,0.002972487376965818,0.011782569844098242,-0.009242731632422584,0.008223730832800095,-0.008966255470481403,0.00023686507166196033,0.028625036278009885,0.002153425430610535
2016-06-01,-0.011268784289353195,0.008654272967186023,0.017627340858331415,-0.005704117009526277,-0.0034847763734499916,-0.006604334299492387,-0.0085260436702893,-0.0011053256648685785,0.005173665492699976,0.0056493726413428666,0.006196720704471336,-0.03228221876996052,-0.00883814207107799
2016-06-02,0.008250754817206307,-0.0031978447922899338,0.0015715245547717317,0.004935485945441064,-0.005041396854552205,0.008736019237863176,0.018394274900645092,0.004497334725705225,0.0013570363961616073,0.006479154689939141,0.007366206754546408,0.01256819354296494,0.00891797564687058
2016-06-03,0.006411698450871912,0.00033156819660669595,-0.00033224456157119605,0.004071460251372148,-0.008650272029935761,0.004505248844234484,-0.0021221212505972173,0.005383187120386579,-0.01255476640371866,-0.009970029429285033,-0.004878725004443176,-0.019797700679256604,0.011556138084080226
2016-06-06,-0.0005318197792245329,-0.0057923668044271405,-0.0011722349161146335,0.001633069300741102,-0.012040010116275422,-0.0028280919139756617,0.0010494451783208312,-0.005918939662039305,0.009566835140537213,-0.004321664997447658,-0.0013114952785268333,0.01339960742679151,-0.002093919618258858
2016-06-07,0.015539492990570756,0.0015388393343488162,0.015514774082662827,0.004037026952553066,0.0056494162082774795,0.01270846853472593,0.013783942192813736,0.0003631292572491685,0.018596395872054607,0.007523671224626955,0.012323084778538636,0.03994524944702967,0.013171712629251058
2016-06-08,-7.519860297382837e-05,-0.000775674305003442,0.0005183764661246731,0.004858007929953045,-0.002125272199436944,0.0021854797870907118,0.0021869723210478464,0.0033454386317447217,0.0018674467095263925,0.011974848249011658,0.0007350237131222011,0.009365004542570336,0.0007803241369979755
2016-06-09,-0.0032985167409582787,-0.012320790814586938,-0.01863615152558796,-0.006541411180571312,-0.004784363555552267,-0.007972659497758721,0.013993174063713023,0.013891613273552447,0.0015978048297770474,-0.0040235027219385185,0.00551425466962336,0.001897643532592386,-0.0037169444602948055
2016-06-10,-0.0033094329709463994,-0.003183070596634663,-0.006220762470421556,-0.010977404910590006,-0.0007316776811905739,-0.004790816263523053,0.0007572814168317661,7.609956157292024e-05,-0.008820016676963536,0.0006090177584007676,-0.003679196902506023,-0.015283332318485818,-0.002179882841126831
2016-06-13,-0.013248882851407113,-0.0033451411311022565,-0.0026841758652688293,-0.010319769308125535,0.004587121231968658,-0.01611851081705171,-0.012664169005013548,-0.002225502725969809,-0.016511421677705824,-0.01413882715627373,0.003833063890478353,-0.016246569654662008,-0.013383770555536653
2016-06-14,0.004449125842182882,-0.001976621490123382,0.0033335444794510257,0.0016326493481190994,0.00696212615320746,0.0016278100947482036,0.006994691455294702,-0.005414646748037076,0.012745968371734778,0.00125239881820604,-0.005107607835136255,0.03109986852652865,0.0009140871784491776
2016-06-15,0.013796053326755011,0.010030559512481583,0.011429318233677432,0.0088425566973709,0.000825100894858514,0.012685574335127327,0.007843386182183717,0.014885412514116252,0.004302254724537149,0.020201619649324886,0.006298782700637828,0.029459490562909727,0.010496385621135917
2016-06-16,-0.013858277830685176,-0.0033560629569880573,-0.00420809634149443,-0.008883261092028052,-0.0026075513556689336,-0.010717545169460236,0.006634000689186068,-0.006005861425345688,-0.007270833599910244,-0.010346104216951145,-0.009240283672554736,0.005528678648707936,-0.017842453456029663
2016-06-17,0.00139961235301428,0.004131330642696933,0.00842231813416323,0.007218956688547656,-0.010156211256645608,0.005178262752445044,-0.0005628685026139798,-0.0006897371566749337,0.03687908046976953,0.00039511454451348125,-0.002172886974315024,-0.005452755511623851,0.002133677826522886
2016-06-20,0.0012734330045161212,0.018932532319459686,-0.0016192468816921427,0.014175336078096842,0.0030365981316251133,0.0008419351442232282,0.01612727232355293,0.009496904260568557,0.0106232535152338,0.011709418370285728,0.002599198802608301,0.012151991965661193,-0.00042943398063837037
2016-06-21,-0.005631459888183636,-0.0015785499910120754,-0.0006570658666402278,0.006728088879948423,-0.005489569755292297,-0.0006539993761052029,-0.0014322332711824161,-0.0019305086504029306,0.004115247811214241,-0.006730487213005746,-0.0016285511471133716,-0.00768159168200296,-0.005427669609913991
2016-06-22,0.0003944515929982295,0.00020449835248663459,-0.0056908686727427825,-0.009100430304627892,0.006485755085748561,0.0002504807973628375,-0.0009946439468123856,-0.002841618906484299,0.001282544724151211,-0.0018597162891050957,-0.0009706476554950316,-0.004945130417306654,0.0007528306492559751
2016-06-23,0.015000890853360463,-0.0003264013036069844,0.008957425396513298,0.010425968511039843,0.008990419718374464,0.01098134115667864,0.0034651671793607232,0.0012097277202886467,-0.011602553593629137,-0.0019170314829223681,-0.0037556193208336925,0.019989250101861863,0.013806291355511592
2016-06-24,-0.026412620110372872,-0.025025273272427692,-0.013164561279201513,-0.027261640414399928,-0.00420594057805487,-0.024451266535903037,-0.038362216595526896,-0.02045779092087904,-0.04156789622704941,-0.02469126848901164,-0.00851668845106362,-0.025111637521029666,-0.027093941248851453
2016-06-27,0.005088558595183948,-0.01756821803596933,0.010017063513567553,-0.003045767008045773,0.019920656701012764,0.0042925165720662855,0.004638026416199756,0.005248307015521303,0.015292081246188895,0.007471658055204614,-0.006074331799712408,0.02790041718469007,0.002817697101384978
2016-06-28,0.002657059803630924,-0.011273229872730339,0.02046839579505889,0.0015616612024690526,0.006482000075698681,0.005126829306006832,0.009306635013873759,0.004739331194748545,0.010329833251535312,0.009478518721922027,-0.0014055287498847906,3.707684857178791e-05,0.0025873895777847964
2016-06-29,0.007282064464393042,0.015746346694522233,-0.0015338049437412687,0.014496205119177456,0.004462075651235852,0.009878021122128777,0.012376646385788455,0.013203966017191177,0.0295971603492167,0.011517839483912478,0.01988805883055775,0.004390354907859756,0.009065851075507173
2016-06-30,0.013782498837021335,0.005658890656834314,0.009663092087510632,0.013522100736312036,0.005155954876025869,0.01269525839983751,0.018454445073335483,0.009122343935743482,0.024262009323512718,0.01665405964348144,0.02273259694206555,0.007348013648510922,0.016268060148832905
2016-07-01,0.0027978367219521844,-0.001957824086870897,0.019111944834246622,0.003502488017269664,0.009726408571420181,0.0007988035906407883,0.007783117035604483,0.016429321843604395,0.005726364030552841,0.01279690167684747,-0.0008925556954934235,0.006401485052040889,0.003651582655689013
2016-07-04,0.006207841717873924,0.007759160128739894,-0.014914062393969097,0.006951814936640617,0.0061096271258403445,0.007485705104554101,0.015498984146152762,0.011856903556582801,0.022825922616568406,0.012361003589009397,0.012293281411442744,0.025008262319746857,0.005374198472862766
2016-07-05,-0.005174228018577495,-0.0039281520324534365,-7.831042472380039e-05,-0.011735575767409303,0.0036814267686462515,-0.0041404836053382885,0.0027720447150615542,-0.004880717882309868,-0.004621177758524739,-0.0029857260009222048,-0.0008074075840334837,0.003904244676391513,-0.005855750195717175
2016-07-07,0.004469460172507509,-0.018023401435545337,0.01038480904044115,-0.005772149993726175,0.014457216243154429,0.008513469874685844,-0.0034438620060332817,-0.002533694364700418,-0.005132618029318942,-0.007330462733596703,-0.013730471338008015,-0.009574695798908172,0.004506353578716511
2016-07-08,-0.0038031651633214153,0.000429463178973861,-0.0030858692395563264,0.007814661689721942,0.003693198316061636,-0.003959839574736961,-0.0036131723534273707,-0.007135570646804138,-0.004420484418389849,-0.01080867517181267,0.0067942820577996865,-0.009432591309243647,-0.002120732511366494
2016-07-11,0.020584548831338055,0.009025803804523959,0.010094555107852163,0.021005474872349206,0.015097604169270558,0.022455362874036072,0.022958924643223338,0.015509960870714344,0.019257205483527363,0.016556825476512674,0.003210214949378757,0.03779914426597619,0.017250667810096387
2016-07-12,0.01493068887828487,0.000981743018078971,-0.003698229132643133,0.0069359521780575865,-0.00555357281438702,0.015503575810578872,0.0324906293661888,0.006859948552357833,0.013429399875496621,0.0034880563786773623,0.0013188636833700621,0.0035396869476042084,0.018662344850963727
2016-07-13,-0.002609572916232228,0.006436839049079493,-0.002915974652149986,-0.005705818602263114,-0.0035034167332499435,-0.002133822611688656,0.016705413415581547,0.0016329877459371597,-0.01657296019834827,-0.006124977832005097,-0.011494742918389249,-0.0016121008366771776,-0.003302164470102387
2016-07-14,0.013062301197452142,0.0026608063622962762,0.00400644520396061,0.004971134273554284,-0.004231470934543987,0.008857967566692677,0.0037163489249691334,0.002596213086636187,-0.0031533993213274727,0.007581867007522762,0.015534696853142311,0.02602842053352246,0.012637921614403793
2016-07-15,0.004754406732475155,-0.035702920029090535,0.00047670719669197433,0.009749176743226498,0.00146991551784943,0.007502222369818968,0.008156662489174817,0.00044673080677108776,-0.005359360469901246,0.0065894324520587655,0.0030893982833863753,-0.0008963115215920592,0.0028076366368579436
2016-07-18,-0.0015972922038515755,0.0017387479161903698,-0.002629239423119609,0.002338501152138173,-0.004390386866749546,-0.0034441391134596593,-0.012605389868281608,-0.011329551319743966,-0.012288186265200658,-0.013981465437392789,-0.017063490516338518,-0.018837032270689388,0.00037840949386121545
2016-07-19,-0.000964891014509937,0.0029021568885202135,-0.00616503996766237,0.003683841983967263,0.007770335158578733,-0.0011937294835384132,0.004698814956846888,0.01535232920310591,-0.00495786843580061,0.004201235928849151,0.010950341911211248,0.0025998581339283957,-0.00045790554915083303
2016-07-20,0.0033294980164248126,-0.00014858663117760224,0.005429775728695871,0.0021305466750741733,0.023617717572153533,0.0014709743588736694,0.002829422333878274,0.01045701867400388,0.0264851631704061,0.00563698647925318,-0.0015623605792585169,0.002112734016861411,0.001820890344480572
2016-07-21,-0.015615536650505777,0.000701102517142735,0.001908752565950731,-0.007696671656529491,-0.008818318640949792,-0.01179633922676881,-0.007863238049066685,-0.010462489326874302,-0.010950346349971682,-0.00876906765375664,-0.005345691880719523,-0.028508684040053148,-0.015589011167922986
2016-07-22,0.0008617650720804818,-0.0015096445912865547,5.220200115964285e-05,0.008849070552531788,-0.0004146477986686718,0.006567079172940533,0.01675714993463893,0.01127199181993326,0.0075563445124008305,0.011277527705931456,0.015690944482799025,-0.012364056578422288,0.0027725959629557513
2016-07-25,0.015881373410906438,0.010625791920262454,0.006277886958146836,0.00945942954887894,0.004547089491694259,0.014719096528655782,0.005687765375722297,0.012857946507690952,0.014704389898081347,0.009802470535254211,0.0162559923805487,0.03536678191663947,0.0134879249088246
2016-07-26,-0.0068030916891287305,0.0006207310348747132,-0.0035905935554148218,-0.013244595061806972,-0.015148298008000763,-0.005828268936865218,-0.0010447916441221014,-0.001706248182691341,-0.013005949073927799,-0.0003375869374049096,-0.0030313910817277244,-0.01147016216589249,-0.00644440051610722
2016-07-27,0.008505205591058034,0.004659237114511913,-0.007074031166368965,0.008108190302828827,-0.010425246848684922,0.009226310633135868,0.009221772036076561,-0.002570364230778015,-0.002670243391843039,0.007182872097328301,0.012125404562577005,0.010365340053804782,0.009641745738774552
2016-07-28,0.002866269388503779,0.0006586317643831911,0.017500128418634527,0.00785690917305886,0.0039550039242120675,0.005262180663310334,-0.008811927558112033,0.0044642362161511195,0.00967593436601458,-0.0011907822051100286,0.001199058620626337,0.000500764542743567,0.00223725411315477
2016-07-29,-0.006489680718726217,-0.002045919234922708,-0.0027852856676953,0.0070463123992180465,0.0069918356295246295,-0.007613431123883693,-0.007299827962305648,-0.0017382281987280658,-0.0014454498222510469,-0.00437269448833563,0.022033321626873863,-0.011564453054762705,-0.006353314099812506
2016-08-01,-0.01127792055955299,0.02047472404649418,-0.004145060115168447,0.006231324694830389,-0.0010135386871401753,-0.006130186599044689,0.014872162674005809,-0.00167129013863554,0.0004820733040421602,-0.012585216151096486,0.012110250612139504,-0.013468266771920994,-0.012441591405597613
2016-08-02,-0.0017275852719039384,0.003580083235966668,0.02242152268116014,-0.006363317340556787,-0.010114873445161952,-0.00927280673946253,-0.01958872182882361,0.0002204725295066031,-0.01212136053234485,-0.004636184579849936,-0.008281256030581515,0.007143580212077796,-0.004147119939972648
2016-08-03,-0.005695567411405457,0.00021470014778685118,-0.024789135341619233,-0.01788407190704075,-0.001262887532147481,-0.010419541901503173,-6.226979479054094e-05,-0.014210438555055415,-0.014494772509952273,-0.013152667172580007,-0.011441676385739582,-0.007249812866444682,-0.005685090892091094
2016-08-04,-0.0016302462240763795,-0.0029512261267767926,-0.0005526281092007136,0.014726942255796804,0.0032664631292627882,-0.0013691305282476467,0.016759422768808367,0.0012917817384559321,0.023478715785928764,0.0037978182160278563,-0.005401410468348839,0.006933350173377159,-0.0029192869674181197
2016-08-05,0.018895092428224864,-0.0010231219061249746,0.0035976129409057717,0.031173047706880286,0.007554893423317938,0.018033697731267225,0.02642303140238813,0.023025151303058253,0.02364852516159839,0.013786242466544025,0.01689612944721669,0.02464156664893883,0.019479717519161006
2016-08-08,0.0007130603930631184,0.005386394085742383,0.002187035102011651,0.006029790023726005,0.0011766443497987214,0.004579892144603732,0.005624537448619647,0.011669361619081881,0.00846268808456764,-0.001999435931194146,0.004201886972879769,-0.003281581807474449,0.0010928124902749945
2016-08-09,-0.00032469304261174446,7.142643788543297e-05,-0.008413521893850445,-0.00511127369768236,-0.008373531756645186,-0.003968462233145246,-0.00862801008656485,-0.004059559845872518,0.003738265068205792,-0.0035987289672381423,0.00794911923190077,0.007219066696903955,-0.0011115096981592063
2016-08-10,-0.015194068189754476,-0.0019754818047987093,-0.008420757831441647,-0.01950136853196358,-0.020321253714005554,-0.012391357488695685,-0.006294670332213059,-0.02128237666956779,-0.01480113449147321,-0.008291952812093292,-0.005784517271398786,-0.016607883494560848,-0.014830409876855908
2016-08-11,-0.00039693396536330647,0.0041342675872752714,0.01839834302474923,-0.004834128550224488,0.0013193309814440752,0.004186434841799602,-0.008030535342999322,0.007698051774898606,-0.005458629335802375,-0.0019406207791891588,-0.014377475312366049,-0.02863556148274716,0.00430106153808254
2016-08-12,0.017195287353974603,-0.004357988233831216,0.00727051050746352,0.011002763657483372,-0.0012753252269968934,0.01785447282913394,0.014384925941224468,0.010404288827079498,-0.005010164500687298,0.0074475857344047545,0.004714933532309264,0.0525912920637569,0.012147012584864874
2016-08-16,0.002025590496297284,-0.016227269057827634,-6.252664960656135e-05,-0.006247095405673007,0.005056511264343058,-0.0018432693532789014,0.015790138973055742,0.0011547086171688039,-0.006719531717316438,0.004860138921412237,-0.0010123153165915624,0.007972978521136667,0.0015354756290389523
2016-08-17,0.0020555511025482157,-0.016952728125016383,-0.002376029607117083,0.009205754229990492,0.0067025145616129165,0.002881410768642492,0.01930192539051387,-0.006095613874023319,0.0050438587769762195,-0.0013715071582412865,-0.0009599315079251834,0.0037124736488599267,0.0009772223783987507
2016-08-18,0.016229458499595836,-0.0023388031826040096,-0.0036206784058296095,0.0032702361815832868,0.0059405000069025545,0.011701542109027404,-0.0018287347024380167,0.01273804085578226,0.012617756431056407,0.008115887527358938,0.010421074631709283,0.010989336243259026,0.017878295655043706
2016-08-19,0.0031932550370454955,-0.005197364846487125,-0.0012292831092168693,-0.004146560262447091,0.001909115780328499,0.00015727969079786671,0.013302013167083866,0.0015291464391806193,-0.005694023483999135,0.002837830402301001,0.0008620594286170525,0.034735959187799995,-0.0010609559941383746
2016-08-22,-0.004359194394470507,-0.012607518997037659,0.006877619086268001,-0.010382003944481745,-0.009852176284339102,-0.0023744202231929974,-0.0080558219971083,-0.005903284037434423,0.0004757664455469326,-0.0037231358618082804,-0.0013549741125226562,-0.011305354045634512,-0.004033675112508648
2016-08-23,0.0005896024384806941,0.016282847882729344,-0.009518884688600831,-0.001332284026074187,-0.005659275301785524,-0.0011987912721412334,-0.004360262153076205,-0.011869145687416972,-0.0033349099185897347,-0.0038224484526935922,0.007648420650267822,0.003959397140534002,-1.3878058546309197e-05
2016-08-24,0.0007209494879461661,0.0017862574962428397,0.0008000911093846158,0.00028340622905432514,0.011113356323342493,0.0027173356740155578,-0.0006932730649326386,0.011388426276777445,0.0026212479670130458,0.002220173780911599,0.010223204546091423,-0.0011893699911841537,-0.00053075495367261
2016-08-25,-0.002656515054776052,-0.011253075931670485,0.0040177903851095435,-0.00612116131320124,-0.003969206812264769,-0.005999234789376174,-0.01619639630009986,-0.003504183706429376,-0.007165065075386214,-0.011512836478910576,-0.011149800606546297,-0.012705006018131782,-0.0005402386362686525
2016-08-26,-0.005636342575569915,-0.013460263030013488,-0.0013718760586867262,0.007107178409819576,-0.008336862439420202,0.0005951783925285149,-0.0007443090422367346,0.006253410978371489,-0.01181454228034407,-0.007065664851215662,-0.0049097065133238554,-0.016703630781514493,-0.004666840855549505
2016-08-29,0.0011064164121707613,-0.013171949081117656,-0.0026931730456984664,0.01649076185973966,-0.001150294365071846,0.002427870229681829,0.010873541881467282,0.012562598835155406,0.00048499566903982024,0.0077729624233087505,0.02551114489202878,0.00875616318411259,0.00219262813534016
2016-08-30,0.01623582946716537,0.01784123310739404,0.015831820009813525,0.01728299158986608,0.014859628168555733,0.014581477597035012,0.010430442926845513,0.011604645847188401,0.008449054486527663,0.004473587604454549,0.004325758005888208,0.020748978713711976,0.014498665188321009
2016-08-31,0.013024265021442981,-0.0024812684182178566,0.0027615934505847576,0.003162422024778143,-0.005520358113680344,0.012990724825495657,-0.015521231291842175,-0.005860469718660695,-0.011848751510640044,0.007678713278049181,0.011973161283433542,0.00035366771250179384,0.013922590531896144
2016-09-01,6.316961646209218e-05,-0.001219165790664298,0.004688385773377004,0.00430003718693467,-0.0022481901420063405,0.003360758459065283,0.0030342733310688612,-0.013370782966020681,-0.021141411892005153,-0.016923203841270582,-0.011273885626043553,-0.0076163324676226185,0.0018255881638821344
2016-09-02,0.0047565420129367705,-0.00046533889204182353,0.0032414154552982827,0.011304133075593158,0.007976303230656881,0.0049226339081706975,-0.0013993191113377459,-0.003351010687268372,0.007672370466470591,0.007680993567497693,0.0031661384153737777,0.013594488290355932,0.003873992741915686
2016-09-06,0.02694316318271177,0.0016086628978931718,0.008019779566302359,0.028980251205574036,0.004968084790058114,0.02157040360258242,0.013943871213145198,0.009227619176253372,0.015898585830446378,0.008986632274252924,0.006572474336855794,0.023046154864492425,0.0289556987711748
2016-09-07,-0.0009451695273847058,-0.004314473995570978,0.0015396987665850582,0.0010913258512220132,0.0017508245226145593,-0.006088174235226474,0.009885539413488393,-0.004304742433376745,0.00653039377112111,0.0021618650421704215,-0.0032469262087496706,0.0297073781996196,-0.004784878123595053
2016-09-08,0.0005069438884951297,-0.025015323967029098,0.007704494321607108,0.009491704302992869,0.025763363654703268,0.0055932403664696465,0.010315231296402059,0.005336414697768622,0.02828477187529215,0.009190725998384355,0.0069377482834736826,0.007490346948937224,-0.0005155320900622244
2016-09-09,-0.008457331514477445,0.0050067694980981845,-0.02102726210678682,-0.015363183279304495,-0.009922064352129143,-0.01045213210810892,-0.020143273526674707,0.0069332077719775256,0.00607472799383225,-0.010960681574194376,-0.013378238781175037,-0.010709084308051932,-0.008797032468296275
2016-09-12,-0.022715717282571088,0.008037049611026775,-0.01833364760445471,-0.028132058716724553,-0.01674002251858273,-0.019306111868412665,-0.0477225394344223,-0.01601998427538316,-0.05088877239161897,-0.031941385899453556,-0.03409146816157151,-0.048592477286471106,-0.020494811981583597
2016-09-14,0.005972456255206932,-0.006973747577099698,0.001589011903491431,0.0072389276172380975,0.0015475088720960152,0.0013817967064290713,0.0043555079768568305,0.002744693146681147,0.00024508296352963383,0.008949837106681633,0.011069043057374132,0.02565775810822193,0.004579893168022537
2016-09-15,-0.003602840741787855,-0.0012965602758664059,0.008913579129506612,-0.0022034614382870797,0.006426634374934789,0.0017475392856162609,-0.0027073927786512297,0.0021673222085985145,-0.002207762153404203,-0.003650886735675497,0.027563933119992143,-0.009536836014170397,-0.004242420933774901
2016-09-16,0.0009018540580104889,0.010609730361805809,0.010417629236142326,0.005341444730725594,0.000840369161967862,0.0004287534263371994,-0.01574714138182636,0.008689852925812352,0.00953201353633618,0.002621554249135617,-0.0149437532355359,-0.008978561371108017,0.00017993863508507037
2016-09-19,0.0025854146580439334,0.0061498027915709175,-0.004144783829510069,0.0028029029306705913,0.003503334690824041,-0.00034912585360587174,0.014038718476788484,0.008496931283395107,0.014729243635416719,0.007113450687802542,0.007875863723842105,0.006036711649762637,0.0033230378601351606
2016-09-20,-0.002743997003045745,-0.003513648287049307,-0.008023437523398725,-0.0070568885709418475,-0.0017224481157221516,-0.0011400981963498712,0.00383486502805225,-0.0033777836353001845,-0.014972537889805317,-0.006153933480279732,-0.001796207949240634,-0.003867499650448748,-0.0027070283927181846
2016-09-21,-0.001202187077571977,0.002853951945632155,-0.006430878002488448,0.0020772648430573888,-0.0013161789688614673,-0.0001717229146287792,0.006690724625631493,-0.0018068065444149055,0.0029154835744642834,0.001010909164311885,0.0007701985054157077,-0.012109224521012327,0.00030110405338853
2016-09-22,0.014079526134925401,-0.005692026911646755,0.002623735111066211,0.015177440558647975,0.009628754975758914,0.013876324963254026,0.011361039917154406,0.015499059918918721,0.013494121834362329,0.014681081180993129,0.0065483263451133495,0.028050832923013257,0.011625440847172082
2016-09-23,-0.010386999817769322,-0.0005869277816562192,-0.0038463736133669706,-0.0024809821915324714,-0.003874268673753206,-0.005903373662848831,0.0005705605246499899,0.005889198113964011,0.007867529757039669,-0.0034735729206105395,-0.0035416620025878016,-0.011302415867925419,-0.01241218937392122
2016-09-26,-0.015701743472979278,-0.005892556787575952,-0.015291722824905197,-0.017392495045525484,-0.007652979352211511,-0.014298569283236478,-0.0010036698449045994,-0.0025725237957528136,-0.024033840911477762,-0.016902560142658268,0.001380726129611092,-0.010381169657303338,-0.016853830138025768
2016-09-27,-0.003735562465621216,0.006465019864286014,-0.002914053303554237,-0.005603524394052598,0.006291661887806049,-0.003215039247644054,-0.006261010710642635,-0.0029250528662990295,0.0026721893200757412,-0.01058492225354623,0.0008853278305026442,-0.010104278992527412,-0.0033582601090518262
2016-09-28,0.00688506321170656,-0.0035168047808328807,0.0001802051670108617,0.012278593834457894,-0.00041167550769798003,0.00432553353167113,0.02173464079160287,-0.00092595221536008,0.017793192997476504,0.013191875496004547,0.022283047630982055,0.024209644276936036,0.005455505060003738
2016-09-29,-0.024199628585899042,-0.009962125456349495,-0.011744530601093582,-0.022200092932261762,-0.02977820597197173,-0.02265573786804116,-0.03570079040248395,-0.01970371879158955,-0.05439208196539749,-0.028697704651621286,-0.02039570863098397,-0.038646853879880115,-0.02379165838208011
2016-09-30,0.0053054341635660075,0.0033576511129405104,-0.005515730394066235,0.01359747693052076,0.0025160152040332993,0.0032052252624585713,0.013351739641150133,0.012905595263975082,0.03795857605181306,0.004628689284414752,0.00891228074881269,0.02022126087767202,0.0042072555530258265
2016-10-03,0.015606909343803148,0.001703687181343604,0.008661572124623347,0.024251631562779517,0.01534711984337961,0.018160965834282127,0.025059551682242505,0.01619618897587713,0.030607213562396013,0.021935004809404975,0.040947659324040875,0.018378492286739392,0.015729211653099342
2016-10-04,0.004261121208344832,0.008157849131910217,-0.0009023907491030506,0.0013809928845284476,0.0037007793127533262,0.004613649555139001,0.01099857407297436,0.01420448230398342,0.0038204585434190867,0.000962640827645542,-0.017106300490607775,0.017969783194860228,0.0024666521475254022
2016-10-05,-0.006929423092394628,-0.005876154973542256,0.0012406560731233977,0.005263227586189872,-0.005622983812263678,-0.005410369564690447,0.007847846155960505,-0.0022745162511300944,0.018184423013979385,0.0012937119855830944,0.007404052486161144,0.001847006835683162,-0.009852477636691417
2016-10-06,-0.007284470774398869,-0.008835674772413865,-0.0035625554075134087,-0.007194261319366705,-0.010510555686041693,-0.0056883346171863435,0.001838778065160856,0.01596633111726818,-0.015091052806736172,-0.004658274614216788,-0.015469649690013104,-0.01820246287585453,-0.00646004569064737
2016-10-07,0.0002602844203458006,-0.005703321174012332,-0.0009630716692705411,0.0072232443378217005,-0.0012492595437865659,-0.003012187216520887,0.009968688147692478,-0.004965229088327066,0.003794185521809871,-0.0007375363175683348,0.023299791013437134,0.005730718403152068,-0.00039497500109391255
2016-10-10,-0.0011113888572373946,0.008477131847789322,0.0015654332657938635,-0.0008220463768762518,0.005836558863720872,-0.0039469584662414885,0.01631066907938409,-0.006204214529918057,-0.01310322499842711,-0.003237370484919722,0.001280430419507842,-0.00805113285469007,-0.00023241113125148006
2016-10-13,-0.02213869716254,-0.002651777602663307,-0.010093443155852042,-0.012931783417966984,-0.01821677872004208,-0.02444402666574302,-0.020180835754809168,-0.01933221164237016,-0.02329073298772508,-0.019342015622985285,-0.033819357518928145,-0.03333933138514608,-0.019974014265091974
2016-10-14,0.0034708236140717974,-0.0014751188746724867,-0.0014879644861388222,0.002002325607196029,0.003631333908245787,-0.00026297860464572886,-0.004811556997222082,0.017247274552128676,0.008310959528060323,0.010153606778548593,-0.019041831400859043,0.007131294896026208,0.003796366004634161
2016-10-17,0.002638481746372554,-0.0068572415500527135,-0.0003501523198351237,-0.02125934087916051,-0.008888093882976615,0.0009360490644476643,-0.012332170807252367,-0.007431826315388676,-0.01027653213378482,-0.0125281280648882,-0.03160727329408272,-0.004117325134488648,0.007061876879852135
2016-10-18,0.022023163568626946,0.02127090812100234,0.01545740049244007,0.014053832920317722,0.01670890804598361,0.02715679990949454,0.019719268544270308,0.008445072374109621,0.011979103911772546,0.019263950749581517,0.017323604408806127,0.01992759948086919,0.022883228713884075
2016-10-19,-0.0042641140674628715,0.003266195945397268,-0.013864012971849768,-0.005681103787088928,0.005070176289596298,-0.005227208983085948,0.002456446666740805,0.009166600960547073,-0.005604956208198908,0.008023567627920157,-0.0040280130211072,-0.0032885409496691102,-0.004637219739080423
2016-10-20,0.01262343287544861,-0.0036710320908866652,-0.001170849207978326,-0.00038150356610126715,-0.003859045980458483,0.011351231417596483,0.014447635018690008,0.0018134790493980718,0.016240768164500003,0.009280110468434324,0.015423857187580915,0.021020920946083925,0.013606790065829558
2016-10-21,0.002651884143192782,0.009990410697790547,0.005689852674820025,0.0012777834843850544,0.0009748668490270957,-0.0015011227314889535,-0.007578934272550172,-0.007560578666977686,0.008141792990409428,0.003432072483561985,0.0010480385192725313,-0.00416893658392951,0.002314889315020906
2016-10-24,0.004909023873820603,-0.014362260974793402,0.0010737562420214054,0.008536418560630745,-0.0006048342475857819,0.004539833946622127,0.0010225234723699231,0.009375656996911773,0.005470386640347015,-0.004439612834567085,-0.009216079185364181,0.014523737294568089,0.004879918212669509
2016-10-25,0.0013621801478606694,-0.006440304040791955,-0.00849209258671791,-0.004377364653730372,0.008525015215455341,0.00012979679819589434,-0.004208355362868225,-0.001982053892187361,-0.006186091782044248,0.006600243505458053,0.0019079106868912078,-0.0070103418989736835,0.004690205781632154
2016-10-26,-0.017869975049772748,-0.010191777842905436,-0.002300728758881987,-0.008628698293544021,-0.0113755538133977,-0.01438812269792701,-0.014415818557611593,-0.0076360712636050964,-0.0026287650734742457,-0.0057315846600093,-0.0008342318678119663,-0.01224994680306882,-0.019713591726568672
2016-10-27,0.0015898358051284994,-0.010336353948754543,0.0052163605749251775,-0.01439228820103415,0.006929242072234626,0.008967115060602408,-0.008192719754326264,-0.005040373836069467,-0.00648179359662074,-0.00508369900179399,-0.016209407250219233,-0.011622246227136115,0.0020680606671103535
2016-10-28,0.0021166892002347933,-0.0004477322263016045,0.0045560027842541356,0.014407242584338885,0.00322852872213568,0.0014774139382281132,0.022179298097879423,0.0038767913565777154,0.013634900023375814,0.0017787733983834152,0.018642072029620843,0.010631360268588252,0.0007538497959773485
2016-11-01,-0.0049904943155400505,-0.005768844907298834,-0.008273842894880963,0.004845660078521196,-0.003610013335297749,-0.00017993000226230248,0.037609605513118406,0.004473616872833123,-0.006674608314679723,-0.0008540805117440004,-0.010470193378961639,7.86800620902576e-05,-0.0067040739229558164
2016-11-02,-0.01192667860647221,-0.012018119988081303,-0.008199020086037552,-0.013123123343123221,-0.02291862392227343,-0.011638306109750732,-0.008758125595177,-0.021743923540335715,-0.02739901879378588,-0.011417087581912927,-0.016463502417818063,-0.03526389333205558,-0.008004529456525087
2016-11-03,-0.0025621518056854974,-0.006249702776905775,0.0031018985538919827,-0.002564978899853584,-0.012914866525896924,-0.002866315570908101,-0.00684300229571159,-0.01154896391497399,-0.011620805084626009,-0.007346791177614852,-0.006479315198834838,-0.020286159258579815,-0.0013170597164039938
2016-11-04,-0.006308030912759434,0.011584295374400961,0.01850904414173644,-0.007820817904515899,-0.031715052911138505,-0.008972551106079819,-0.023353529324360422,-0.00967378186793,-0.028504940149706063,-0.014172486287164266,-0.001969646723020853,-0.014965847277352557,-0.004903470974281526
2016-11-07,0.015510237795440026,0.004619499546598195,0.01182104992512177,0.0022111250075406035,0.019860861227444113,0.009866032942217724,0.01982280446969685,0.005227649227472546,0.016244073971103123,0.0,0.006684428625263469,0.037921654185329494,0.012227609577881892
2016-11-08,0.007453067509245254,0.0038441954474565166,-0.0006230302908754711,0.018736556264436634,-0.01423839742376042,0.007674778907557875,0.003987166633321975,0.006091844013176179,-0.002016175845256656,0.0017646425982787413,0.0003147475380684557,-0.0007643105403940417,0.008838527056569692
2016-11-09,0.0008944052816532314,-0.03302719068040299,-0.02255550769844222,-0.026122784001850353,0.019065513514266164,-0.009071975651714602,-0.014210415089585402,0.0003817347524684414,-0.05439208196539749,-0.012199449123533383,-0.010932370244057755,0.020801836507609358,-0.003439925654102149
2016-11-10,0.03434506038853028,-0.002947566515084276,0.006829507221550547,-0.0062978623619354135,0.010927938855364487,0.019206013706489708,0.04395472142881397,0.015156108721569982,0.012197054551135001,0.025619608129010568,0.011002272240889333,0.0525912920637569,0.02699707755636113
2016-11-11,-0.023108673501448837,-0.023066281043875515,-0.025015322513587124,-0.03934744125544064,-0.008158333329194108,-0.0289777734362382,-0.020913729658583464,-0.016989765968875525,-0.052080033772714994,-0.027022871350607682,-0.043950553452369416,-0.0271559353127906,-0.024708610800488817
2016-11-15,-0.02301248171277102,0.00553869922889882,-0.025015322513587124,-0.03934744125544064,-0.01416703856135674,-0.02538366700739723,-0.052049093365204274,-0.015324691785675972,-0.052748145750351645,-0.015177994950054388,-0.04061195543523331,0.022366795944007752,-0.03364977037181716
2016-11-16,-0.009461566748081839,0.01610239727150346,-0.008994935740924706,0.0101482262416101,-0.01770816996909217,6.52315721040658e-05,-0.008449900312407823,-5.177028595033401e-05,-0.010069253290812766,0.00399137545082024,0.027559340031615902,-0.006663602840349997,-0.010470789530009024
2016-11-17,-0.001060334323483398,-0.01513309852965065,0.0013853190710828502,-0.00034212610900459376,0.003441323369632674,-0.002998548141448414,0.006517767603321483,0.002130779938528337,0.01257087530497636,-0.003140009968203361,-0.022512443942967975,0.001274107562042078,-0.0003487931554300739
2016-11-18,-0.0067705314531089494,-0.0020819449815630024,-0.009677499436994377,0.007625969930641404,0.0145970709665229,-0.005182004631489675,-0.013972736622071857,0.012205095321639919,0.013647835197921943,0.005700105384961964,-0.02171482272551313,0.0016272914640553038,-0.005771265664991674
2016-11-21,-0.027412186497892326,-0.0023983059829274164,-0.013043194913602564,-0.034222678979000526,-0.010222851210430598,-0.022721573293459172,-0.034794897314416616,-0.011048628985604493,-0.05346835188382605,-0.021155135015720774,-0.028525142325137542,-0.05293372154755901,-0.02182581452099782
2016-11-22,0.005527844716259,0.005874573376438471,0.011759819779539092,0.019539334595177125,0.00485097718887939,0.009907699201291696,0.028951487340067594,0.006142362460055158,0.029460925436951554,-0.003010576861995328,0.019920094126736537,0.001538773460069506,0.007308767922660502
2016-11-23,-0.00041791230874437115,0.0042393450946775655,0.0020946341303799874,0.004311310840897957,0.022226736392424333,-0.0017601673323798348,0.025265157433511376,0.0069201091832883565,0.028924480172029005,0.010124580075845805,0.013139940983944965,0.0026910672028236213,0.0004291703306307909
2016-11-24,-0.015479948143702694,0.011079967438800629,-0.0062469329883598785,-0.015488590039728793,-0.01583226760573696,-0.012868020774718665,0.012544719336446462,-0.012371227411009475,-0.013269808264979348,-0.003363483190272123,-0.025703906802891897,0.012192720672198428,-0.021162438239196453
2016-11-25,0.013666094449358514,0.03479592568938993,0.015269477111809723,0.002954155299904249,0.029529600938373417,0.014841341201879335,0.016878079230929873,0.011296003064741092,0.015413375715413156,0.013294235547109531,0.012310362714827354,0.002183986083540716,0.015834019953826682
2016-11-28,-0.011185065918786461,-0.0008605066586142594,0.013252001720225427,0.005253589252434562,0.0022752625803170237,-0.005965049228463756,0.009797949656022101,0.008493864946276736,0.017887377208001834,0.015013875229430257,0.02265017519900703,-0.0257921845324178,-0.00887673219535987
2016-11-29,-0.00425450297736451,-0.004621752604922697,-0.005865148138193214,0.021441458738518868,-0.004415593431890235,-0.0006970444355803178,-0.002733063238502766,0.0025195678144087135,0.0047961906911349545,0.004085529310753491,0.001181977390900218,-0.00413392748426976,-0.0037108562287905124
2016-11-30,0.021929378556640736,0.0027895156603347715,0.008888549922533082,0.010572669733830775,0.0016936641002306579,0.017768879589166144,0.00785523963411461,0.002407615812441939,0.0038800773904993013,0.011781355270561561,0.0032339094976720473,0.02079980624353435,0.021342470004070642
2016-12-01,-0.010759526648167783,-0.003769120705151302,0.0032551002003928515,-0.008019939153693584,0.004682141347438489,-0.007629713917615177,-0.018061977387545,-0.006318430184658628,-0.012590130722988471,-0.008832042976357942,0.0003608622161162637,-0.012214599762016849,-0.011552649065354872
2016-12-02,-0.009859306199362674,-0.01271263872301107,-0.01840502480736534,-0.016988958670228607,-0.008479940545671654,-0.013416280729618146,-0.011415296772255485,-0.007301506795150136,-0.018572633597942482,-0.010753519950981843,-0.03061272461828318,-0.008601278551501928,-0.01094199906380625
2016-12-05,0.008797934618805948,-0.00878599549683358,0.014705680415258271,0.01756947811319969,0.0032064894590637157,0.0011831273858344676,0.014992220431970795,0.00035691523642122723,0.007043416927423023,0.0038824026323831576,0.008867466164844105,0.01066861074522563,0.008594620644039846
2016-12-06,0.0006516538332466279,-0.00010673655091118618,-0.009104426790449528,-0.0035713829297438584,-0.0003297053718126344,0.005099783236112303,0.008230962673499497,0.00950810010184779,0.014240451663935085,0.003921805024395037,-0.0003298448550964337,0.004406666693781658,0.0005468009396070253
2016-12-07,-0.010189692168879117,-0.0058176107893882535,-0.007709535775639402,0.004344884998752612,-0.021660403390911603,-0.004535563143567761,0.0018677656006049971,0.0011355235633274138,-0.012106685626673622,-0.0024856808050682504,-0.0087920982701539,-0.016248059401728018,-0.008873095192922507
2016-12-08,0.015309317446372022,0.016029723029096655,0.018348480898269005,0.02678841413315535,0.012841090811636086,0.016297355428204634,0.029053718384079663,0.015410850195913648,0.014810589696278019,0.011020291493838331,0.019564157343502364,0.013730119313933989,0.015302943640614434
2016-12-09,0.00969347246382265,0.0061805616960930445,0.005453121424146014,-0.005040075244950073,-0.003944850053616024,0.002276529910665667,-0.0012382344944602286,0.004465059032097261,0.017841687124143215,-0.0010425866570807035,0.01871771591945639,0.024187005728047113,0.008312005433614305
2016-12-12,-0.016331523505425227,-0.0043705883221039485,-0.014787062236302558,-0.017477242165117673,-0.003074391037259251,-0.012982771074249918,-0.002585978347836551,-0.005101046861277389,-0.005319125500495751,-0.0032607236333653355,-0.014215576986759572,-0.01547253752533489,-0.017113229950980566
2016-12-13,0.003966496840325073,0.010468526253648299,0.00842668478384557,0.011373700910638345,0.004761085192857595,0.002820487116312034,-0.01067669903869643,0.008851933384229531,-0.011922644956906146,0.0044291055574993115,-0.011573974018617742,0.006095892514335232,0.003606541520053434
2016-12-14,-0.0067676739277894235,0.006964679983242985,-0.008729315636505659,-0.005446536164099136,-0.008130441381153078,-0.0069220350300062804,-0.015234826264976362,0.00041372877903498646,0.004189096219590435,-0.009312987719536469,-0.0021874903268758457,-0.013083547380970445,-0.005454154006224538
2016-12-15,0.0032468634497050883,0.006573287140259178,-0.008776409777873865,-0.0030441710279753465,-0.018941060572260127,0.0011993832751665677,0.0004847007760090309,-0.003872904506884838,0.002385978773636821,-0.0030873190840671615,-0.0063378904468304,0.007506279379273501,0.0024249905303797624
2016-12-16,-0.00481282200741533,0.002664245142118898,-0.007649904407233498,0.0038584201000716935,-0.0008449911309274218,-0.0021653533145476827,-0.01566348928880759,-0.003391839440968935,-0.0008941091575183562,-0.004703710529743282,0.002493338166336787,-0.004266629638342963,-0.00640369925429481
2016-12-19,-0.003048997461591839,6.849014434759566e-05,-0.001271934000405749,-0.006076236430390218,-0.008565182760060318,-0.0075854642083235824,-0.009782250405874389,0.0058899576544342944,-0.010490130855080835,-0.006710960191360009,-0.005677362868809666,-0.010898413690639994,-0.0015948970567488299
2016-12-20,-0.010331441136321404,0.009656144797030362,0.004092967554076422,-0.008277690633268588,-0.011332785576493904,-0.009471364084586114,-0.008355600686037797,-0.003581285264585996,-0.00030135937029235864,-0.004203432430728623,0.008513617198487375,-0.025655656692983343,-0.00940246500223502
2016-12-21,0.0008353060824527706,-0.009206347040861283,-0.011511231598455006,-0.0011144131710007625,-0.007226603945932072,-0.00023896086276172838,0.0052950519728190764,0.006319078056129391,0.010493276099871312,-0.0005914130856984025,-0.009962476388290325,0.001684144564768137,0.0003413087409836135
2016-12-22,-0.010732223888136529,-0.006399825680889119,-0.0030055277964407727,-0.005752695621259879,-0.013158424120887696,-0.012014555805471314,-0.02896257292254558,-0.013430701184456866,-0.005082928285383931,-0.018941550675529925,-0.0028058789208141063,-0.0191500117085615,-0.009680910579243309
2016-12-23,-0.0004164478846840545,-0.009088722145132764,-0.008001465668097578,0.0028916222955857403,-0.006819501411077314,0.002243492288126689,-0.002817080516203425,0.002961018877657025,-0.012973536467820061,0.005823253048088048,0.0004714380342704929,-0.0037038444685118252,-0.0016429555714826836
2016-12-26,-0.01285627174461273,-0.0047525887432079425,0.0016115141612436453,-0.01485286804927843,-0.02667535701425257,-0.010529181648683241,-0.030638889669662866,-0.013386606240410444,-0.037121492195108956,-0.012040714476953557,-0.020676512547719756,-0.02733170145730855,-0.011140396554896145
2016-12-27,0.012607455830732285,0.014598693519797229,0.025908493938698415,0.015358990990596092,0.019397492595466068,0.012175832516055765,0.02536403283929323,0.01387844971680037,0.006596556554022996,0.013519280410594713,0.011522066009166282,0.017218184710712056,0.012884679515258636
2016-12-28,-0.00015950193479070935,0.0027393608790361335,0.006369172578909284,-0.0011850492204181192,0.006558788129553432,0.002172945286030213,-0.001399878086899585,-0.007202756850996562,0.010898442190448474,0.0008599599906029116,0.012839915531842617,-0.004637221668113807,-5.04633600143024e-06
2016-12-29,0.00871359935161249,0.009101864265638283,0.005985797037721179,0.014140423413258335,-0.0016763885311454664,0.010006056471998868,0.015007860428211953,0.015300425514277865,0.010474507326775814,0.00475370238524789,0.01035587148294168,0.0003052637818292821,0.009002413336748996
2016-12-30,0.007956250460174348,0.010381406230511918,0.017172133817918427,0.0035834298391618238,0.013201631307341408,0.007425834183370537,0.002812604322537031,0.012012554841849129,0.013394490711630657,0.008795131452827345,0.011112012193413866,0.011331599131328463,0.00840937979502606
2017-01-02,-0.011486624392644475,-0.0031011996766202843,-0.002110242246534246,0.02005090678581836,0.004198847109603531,-0.01397585248389747,0.019691737963619803,0.003508457338075923,0.04291233767102116,0.009010823802154868,0.0029258705311579238,-0.02024034883680401,-0.00934365329076351
2017-01-03,0.00366618385856488,-0.00046309376761418324,0.007398837406250464,-0.002856103304957552,0.0007029400015262827,0.0019968546218175516,0.0035791895555279383,0.011900540462526296,0.004624215135862385,0.003246661253599461,0.017678210099920103,0.00619172580015935,0.004902771901921362
2017-01-04,-0.008049752163694966,0.012910617972222338,0.0034019472663073566,0.003284878390315091,-0.0013239151476085735,-0.007508803981358788,-0.0012715317261707687,-0.008104828553419909,0.02196013626484812,0.007709579106397493,0.0016683201641381476,-0.008281373641356149,-0.008578080365777943
2017-01-05,0.012494857529957505,-0.009269417642140343,0.006439616832747436,0.02030488065800312,0.014830590055470444,0.00951526190781681,0.031492234488261675,0.01521210090638866,0.011220314067492842,0.014406343874281432,0.016568855707930284,0.012879021569858299,0.0145164066569926
2017-01-06,0.008139174100809866,-0.02824103330265716,-0.009700220681116903,-0.001644800940671548,0.0014285596072228961,0.0047341307171471225,-0.00014292179819948368,-0.0035186830072823864,-0.008403410796379504,-0.0038191160232960244,-0.011319579784054961,0.005368238136828554,0.008992252413294191
2017-01-09,0.0012394120017914785,0.008666205364433587,0.005741373204599175,-0.0011261823238370306,-0.014353864511311269,0.0004613133400071934,-0.0014486062004111888,-0.0069399228326100255,0.00840341079637938,-0.00534249020034952,0.005295982602876071,0.004116303697096811,0.0010635906285853495
2017-01-10,0.006700911334540973,0.0022575779330293684,0.008091158152742852,0.012625318746502183,0.004180739354635162,0.004419277781733104,0.014251126582177823,0.008943921994693205,-0.002793297905612711,0.006986145744760619,0.0034966506180740876,0.003765411115299123,0.0056535205968707685
2017-01-11,0.022579149303227054,-9.296477821579247e-05,0.0017378413844333796,0.009011412412687252,0.009404183064304388,0.014926413709966477,0.04177716282665709,0.0032551027994913396,0.004187026354216453,0.010476878216606065,0.0146667826530473,0.0227077928037169,0.023438384023863168
2017-01-12,0.0023313074380525043,0.017290015827700306,-0.00979084465870278,-0.002755354467616083,-0.006028886628253462,0.0006384289902272769,0.0012683167547215411,0.01138991159239416,-0.0027894020875785254,0.020803127629763326,-0.0005643672842915508,-0.002648780190904743,0.002892708991650639
2017-01-13,0.0020192052526098797,-0.013091631326417788,0.01160091821872606,-0.007910756352427314,0.004158870301194464,0.00753087239557325,-0.0021147558222614857,0.001154862601379957,-0.0011179260333446597,-0.006961911120936906,0.0008918724619072594,-0.0018681326004830261,0.003910436169255225
2017-01-16,0.009700515169959737,-0.00885182145852547,-0.001661535206631434,0.005194438992616463,-0.0025786360949276374,0.009417886615476408,0.00965748115028664,-0.0053395686409484205,0.013333496959537956,0.0036172574426256297,0.0023987282649246652,0.01678574720729126,0.0077847722132773954
2017-01-17,-0.0015405731498853942,0.0033072023903915606,0.01150323521622113,-0.000917513407817288,0.0008107705776595664,-0.0030901125115862277,-0.014819292045496917,-0.014654152021928409,0.0038556752028912115,0.0007461247150476017,-0.002635239149436946,0.0019497895977593424,-0.0011265276890480723
2017-01-18,0.0050978108264167305,0.0024267865948001672,0.004030562789690302,0.0003059313489007545,0.002471353372001894,0.00261283108217217,0.02337052499869491,-0.004004887802218167,0.0005496351069559223,-0.001301801008319127,0.005136791199436919,0.006546610138727009,0.0048696695794917125
2017-01-19,-0.002102470462205471,-0.0009239596086032451,0.004846656393659549,0.006634400628572944,-0.006016676154384595,-0.0024554511239224834,-0.0002494864709167294,0.01286871508589068,-0.0033021830424830776,0.004834133001609354,-0.002338231873635651,0.003321010917936641,-0.002509524236438365
2017-01-20,-0.01599446068830972,-0.008794050873185256,0.0003189073879091458,-0.011186030672521111,-0.007914040240020874,-0.016019188954257406,-0.024483854270342695,-0.01256126049214691,-0.02257928839959527,-0.017998969655456453,-0.018387768122817862,-0.03129679032101032,-0.015324572797543845
2017-01-23,0.0011628602940969048,0.008524991050276702,0.01069759915388959,0.006643852944807409,-0.009131650897332914,0.004426907134603742,0.027042276448812217,0.004051510144454137,0.007023486981900782,-0.00433872477665001,0.020146531871478097,0.01086147700577648,-0.0009895008963412787
2017-01-24,0.009549535158781658,-0.0017433804180602833,0.0015805334428895652,0.01674471168459182,0.012192642979624649,0.011756166270727711,0.01606408961981561,0.012893461225399291,0.0033537808943137756,0.01447685751328958,-0.0017405990182129934,0.005678054132745623,0.008614788250279044
2017-01-25,0.023364031189878384,-0.0036481748420641377,0.013503638031953437,0.014094060533662274,-0.0006627873145630865,0.02911464223055149,0.015150945433267771,0.00724347652867993,0.018247689511614654,0.00782631718266072,0.023352336917821938,0.020003694109981693,0.025084095915014485
2017-01-27,0.012000824961163238,0.001710327525982756,-0.018546419048603737,0.004719067588790403,0.003343087226863669,0.016067265386499302,0.00019291926679051362,0.0068746917113889725,-0.00604566898823393,0.012914878003112933,-0.0029116064261681973,0.025332445088030644,0.010222720850532361
2017-01-30,-0.006263247393467837,-0.0011005252308398173,-0.0005459940022524434,-0.008644395970940742,0.004326436020372358,-0.0028547695575722536,-0.0016252341952899142,0.0027766127741891107,-0.003866323324662043,0.009341259336828387,-0.0010317184384885582,-0.003422452428880523,-0.007539648746504678
2017-01-31,-0.003585566720842255,-0.03218700057255296,0.0021252059288266937,-0.009197530115170351,-0.017028358402348856,-0.005077087628298728,-0.010523515438485814,-0.008503013129165739,-0.00638444304085665,-0.006138371864642164,-0.013582786927804048,-0.015240741903840343,-0.0021976430473639045
2017-02-01,0.025570617375387274,-0.010051874313856497,0.025908493938698415,0.035371185791477334,-0.004587294279226674,0.026504026664160463,0.024024680362645257,0.006373596919389738,0.04341368769431537,0.012172181260549917,0.02246009600503156,0.03888014016058715,0.024512694190599364
2017-02-02,0.0024794540971837453,0.017890292155493346,0.008828878111361517,-0.013150358327361363,0.020640317033551393,0.001008053376463726,0.00020650668342054278,0.0013070286368542469,0.0015906846099818651,0.0009908891582074305,0.0031174927942442866,0.014305420492475893,0.002166986699308861
2017-02-03,0.006283041220297087,0.010004173861257185,-0.002251756956273493,-0.00835590521701955,0.014601585949403128,0.000958008107404298,-0.005975018466507974,-0.004505164856141313,0.008703702171850862,0.003585898505284977,0.02248384883675519,0.028664481573408007,0.0028805403125060397
2017-02-06,0.00861754386169164,0.00032411113438934213,0.011383330681420636,0.00559827937774301,0.014652878679910816,0.009997621596410213,-0.0028486543529433125,0.006975010757557276,0.019246431319191057,0.007664788003696354,0.00902081700101779,-0.003722355348010103,0.011728303524640384
2017-02-07,-0.0021794297586272392,-0.0031057706469675276,-0.0011642263811474877,-0.009958546547470956,-0.010021271553415693,-0.0030125728424388134,-0.012985414582905447,-0.008470324218682783,-0.005424283101809472,-0.0001992389209527729,-0.0003919731930538983,0.005274038549830083,-0.003354090413349717
2017-02-08,-0.004034674395647922,0.0009097335668663317,-0.004885646384529213,0.0062782461595525885,-0.0019445156542140648,-0.004251306552206698,0.008745413735990117,0.0028485126325227,0.007482924540134485,0.00572793979002923,0.011963421890736807,-0.0031494292224163393,-0.004786193158778014
2017-02-09,-0.004666302585811924,0.015945912399699613,0.00476321508314919,0.003376219227940506,-0.003862617814857009,-0.003550405144522138,-0.007090744932379432,0.0003217167921068729,0.009466649050394238,3.3046436533172276e-05,0.018210327442504944,-0.010286530010985886,-0.004189440093632022
2017-02-10,0.0031091638952803822,0.021401078873566137,-0.00726782459494913,-0.004071880541575089,-0.009961618825994216,0.00021497912733850223,-0.00298695093609307,-0.004606863805573951,-0.0015290678043327734,0.003230131383997474,-0.00397759826633996,0.0028598475994156907,0.0035185182900817646
2017-02-13,0.0018731364256169124,0.006242672889171966,-0.0026588657747936622,-0.0014027637014599455,-0.0033106735827533127,0.00209817671072091,0.0024681664413308234,0.00261443550159445,-0.010511585241234342,-0.0009053572784722472,0.0035475197792739464,-0.030240449416771287,0.007293297414630669
2017-02-14,0.00031098085201622486,0.002026016724943551,-0.002340554027805884,-0.015429322082945642,-0.00785010300334602,0.0005269676419799434,-0.008992517275230531,0.0022534227416002423,-0.007242628009191204,0.0011685158511846327,-0.00932653432441591,-0.001344304956563706,0.0001776561793760906
2017-02-15,-0.004670732679656632,-0.004444536482616116,0.003461405202488594,-0.03073554387716819,-0.01804550513397395,-0.001870024648938156,-0.014571590357442953,-0.007493823973419759,-0.03998945573044114,-0.01246361187229796,-5.015792202408675e-05,-0.01467791837917824,-0.004950689613655301
2017-02-16,0.003959722015406936,0.019035744577871848,-0.01308228895937819,0.01697100098518575,0.02629446652545191,0.0035897863455013317,0.02119349901119716,0.009100347326220753,0.018471931564369555,0.0013980732632445387,-0.0004677723768224872,0.00738109248833365,0.0028834847736558967
2017-02-17,0.015083001006913808,-0.009534311656508485,0.0029492860275599506,-0.00028394498998624923,0.02060255845741042,0.012747606024899055,-0.007227519528563913,0.00927194453305147,0.00397088542949272,0.0015954430250821375,-0.0002172369444203421,-0.002591701949679854,0.014666581801751448
2017-02-20,0.0061001516530306225,0.013590806935456454,-0.0002740482941762877,0.00621290699783513,0.0016175324461598977,0.0038806452551161377,0.02046953781336996,0.009264377861375727,0.01416601323053614,0.0103086723456407,0.009515435621999078,0.005328555406904324,0.0036944677177735918
2017-02-21,0.008852172753226542,0.0008898464431306533,0.0004856467805749564,0.0015331295468809995,0.00028187277484655683,0.010267339116468314,0.0032832862327569516,0.007036367087957805,0.004418492456970058,-0.003473928296730967,-8.278625555624787e-05,0.0054060620494138885,0.010063967433040416
2017-02-22,0.0003594629886377446,-0.015659285833726874,-0.001076293835730508,0.0009780953546981552,-0.0058699089636005935,-0.0010959203514480222,-0.006368202577917973,0.031844422567472296,0.001036790899821076,-0.007117114584666496,-0.009315701150008494,0.0009208181492442283,0.0020653962032749222
2017-02-23,0.0003929211916059204,0.016492250212205944,0.0003722423254290758,-0.0006861369067758299,-0.0019580306849401948,-0.0008524629048353363,0.004207250918639913,-0.0094502094112,0.007741974153615459,0.0010625701381587677,0.0011191708375757484,-0.004930901622437905,0.002056932413634768
2017-02-27,-0.012706973572722739,0.0015937118087291432,-0.0006755372147004232,-0.00976922138373269,0.0009558930029812145,-0.009642941249028552,-0.0030010848143382867,0.012968977294510579,0.0017979000503923882,-0.012640356999229059,-0.008668402405441604,-0.01070135140987485,-0.015086832129517617
2017-02-28,-0.0002814559231125145,-0.0024079327996804375,-0.0036373763904224447,-0.0012627612111935404,0.0012714744162780726,-0.0019107833889402738,0.005257986084608074,-0.008641940752729962,0.011988363584196238,0.007483305545784286,0.009102374037027986,0.007299124241748824,-0.001102612736170544
2017-03-01,0.008528480772878188,0.006262525425769978,0.013899179115367902,0.001650609681236035,0.010866374389767983,0.010855586898657423,0.018156695018646345,-0.007319781210803669,0.03805960709483821,-0.00103464201925065,-0.000417261256419691,0.007382076508190445,0.00980229160884298
2017-03-02,-0.010821457675478081,-0.00060030718807198,-0.010364344520073425,0.0036024204119211142,-0.015036621839310023,-0.00796363548375967,-0.005762993923566318,-0.009358771666777859,-0.04314350221098646,-0.014039152867517755,-0.012278352644801517,-0.01942813952340031,-0.010283987186557701
2017-03-03,-0.003139737032471235,0.006000653038728173,-0.006112219239209815,-0.0025791822819260534,0.006896711815978904,-0.007009405349381589,0.006547713873236154,0.01181202817839338,0.010142074921580773,0.0042409264209796035,0.007442064822204306,-0.007124192426886485,-0.0023197815651693613
2017-03-06,0.008165927013258144,-0.002520253131145068,0.00499638684069798,0.012268832829443384,-0.00011308248937983764,0.004853237564840287,0.0007213376577185096,0.020535053317981364,0.008790713531700392,0.0125991761029757,0.006354217865086054,0.015084403285108775,0.00752725073969399
2017-03-07,-0.0017510202634173845,0.0018583438341105338,3.567359532870302e-05,-0.004751084396681461,-0.004906955356229179,-0.001152213608040675,-0.017698162338362883,0.002963644650742935,0.00821824644236559,0.001015101188773634,0.006198192521861266,-0.005991130645390368,-0.0020500570553477356
2017-03-08,0.0023751362866673287,-0.005538865624861963,-0.0012467137924936282,-0.005376558093633257,0.0022179192360033207,0.001929699218844886,-0.01935020950993669,-0.01019095471680571,-0.013986256899220194,-0.006424022931009783,0.006176410902274433,0.0024406766979683785,0.0014834403327249994
2017-03-09,0.0021643303228673005,-0.0013697410084792566,0.0011976077556728418,0.005458556126427268,-0.008091699866148713,0.002527092302874068,-0.00675797993759604,-0.005158851630824079,-0.0020141454862836828,-0.0023294830261917543,0.005598408557986271,0.0072406373531219035,0.0006886492744893423
2017-03-10,0.00029922356186117395,0.002337610131143959,-0.0022466268146846937,0.0025494946769155243,-0.002928376251634355,2.406034522487552e-05,-0.005930364497839992,-0.004096944814472827,-0.0007563035721269097,0.002463438964695943,0.0007364553800465421,-0.003522138485621973,0.000370261474168185
2017-03-14,0.017937114788137233,0.011965540577989972,0.01783325697986528,0.013321956222855919,0.017020376431454747,0.02244276272462468,-0.0008405834549427266,0.0074342449716054936,0.025645593092050216,0.020640058432077425,0.009605908848633644,0.010514287071939939,0.020834552555328286
2017-03-15,0.002612449737484649,-0.01693606391799412,0.002169686982678405,0.007764618651470163,0.0021576904601704563,0.00411044349445194,0.004737909732359617,0.0029556351684767663,0.0024551940395337447,0.0039435033938591225,0.005413410890002439,0.012989242903351926,0.0013469456308738143
2017-03-16,0.004338881545779619,0.011669062208650905,0.004914770042525338,0.006869822747258432,0.005620955646868454,0.006602330718239086,0.028811222159839608,0.004809879993766896,0.012428589903490475,0.013689052536783855,0.003619491214357599,0.010935513639179198,0.004140351586073491
2017-03-17,-0.003528610090976787,0.007241290688552457,0.025253171985136803,-0.004694501114611744,-0.005255511004461706,-0.0009887285307766357,-0.0025706495073225403,-0.0032721648826660728,0.007479842151286252,-0.01220403725416766,-0.010119141470680527,-0.018227795477140544,-0.002344418011551449
2017-03-20,-0.0030649698619186153,-0.01144055841214248,0.0003830480027258266,-1.0049197652092265e-05,0.003333975269236344,-0.0010538717226034513,-0.0002877799638345349,-0.006567984219717988,-0.0038535840445509595,-0.0036102756433661026,0.0034814184831507083,0.002896283337455843,-0.0052393753883571885
2017-03-21,-0.004331871627485797,0.0009692283682654004,0.01253377149153612,-0.004561134538878918,-0.020454026984830537,-0.002525369651584655,-0.0023055390656075486,-0.004646303262338925,0.01580115746566917,0.0002782074573068303,0.0023249659601583955,-0.009228280974963044,-0.004712887148906131
2017-03-22,-0.01137089834502424,-0.0003616411921382643,-0.017204185815882206,-0.016168121144517877,0.001599654206626785,-0.010490609543699144,-0.012987091173144854,-0.0032979094681744757,0.006156794453547015,-0.0138385428874625,-0.007640992205113384,-0.01985707523942208,-0.010811819616808872
2017-03-23,0.005477957371529232,0.006240169015998425,-0.0023733760440390788,0.009542299108517728,0.006132159701629822,0.005684633691723527,0.010997567262530171,0.011853525158521559,0.0021223776154735362,0.008276745570558621,0.00739905866351786,0.003419047389549163,0.006805507443070004
2017-03-24,0.01080734204383798,-0.0075717804714502375,0.005120669577423788,-0.0019822305030793193,-0.0017841181656783043,0.008239733484510983,0.0031429578820691435,0.0025063160502818154,0.0044658527861715334,0.0019886778752793407,-0.003344626550714336,0.03259538763814573,0.00960782172317518
2017-03-27,-0.0031128548001759537,-0.011247974350550699,-0.00047117392265668496,-0.007126663804651507,-0.010900941943852351,-0.002575722191348757,-0.02687079163398623,-0.015575066541824759,-0.0007037837075684142,-0.0042452107560251645,0.0015848316873410535,0.013069554361917847,-0.005266640677492461
2017-03-28,0.007970280207321625,0.0030520878549232995,0.0010082096491047666,0.008082863804416392,0.005329608512822287,0.011792354354219964,0.006279220353305137,-0.0008581927582751292,-0.00423335139153851,0.005738290908206862,0.01674544214563839,0.008337525872291753,0.0075360547921204946
2017-03-29,0.007778705760245915,0.005620344624959295,0.008689062548632142,-0.0042617642287648486,-0.00747715362625474,0.008789564703978585,0.0038170315469565398,0.0036223280167754913,-0.0035414983142654744,0.00762736053526176,0.0,0.015767033812657514,0.006227013135104118
2017-03-30,0.01067379207070767,-0.0009780179617133063,-6.336667126431716e-05,0.0014766843152884083,-0.00117158630441801,0.006682440127548418,-0.0030492372592712236,0.003385172771642288,0.01828037398050548,0.003102858759992343,0.003933250558950402,0.0077841409525041955,0.008076242595410316
2017-03-31,-0.008199258722332532,-0.002566018017109239,-0.005451833927813716,0.002016199930737356,0.0003699205219682482,-0.00819260475232044,0.011318302989262846,0.023543663499330857,-0.0016269897999950705,0.004547422065420044,0.004863315740876959,0.0034796474965406825,-0.008482814473425682
2017-04-03,0.004819559677947521,-0.010448434471820802,0.004124419120351301,0.004130988634938456,0.008845468248488803,0.01042144750417388,0.002950512791855165,0.014547679748338116,0.019122845713868204,0.016287636460631458,-0.005670912997497199,-0.0002410820928047946,0.007936616635955797
2017-04-05,0.004858685194015372,-0.007743289052555957,-0.002367493085932195,0.011270695199120842,0.003563829382851928,-0.0024617504345120804,0.010107502919216783,0.013437861640427597,0.03056412199666109,0.015135083171834318,0.021361906954674915,0.014165673380421068,0.004315239246017907
2017-04-06,-0.0013749234119908357,0.0026463328114311076,-0.010001605665498422,0.00017439963311283657,-0.006801292546071899,-0.0016084320858488087,0.0028328320443817244,0.01196146575257788,0.009033896816316058,0.00034420539425375035,0.006507043566444817,-0.010796215678233904,-0.0006153705729284802
2017-04-07,-0.008909738290441364,-0.004984850399621119,-0.004870689579819195,-0.0041489601049874815,-0.017721105561030362,-0.005498647161468099,-0.011203059259006186,-0.0056579666313202,-0.01480522379222202,-0.0018474623447867805,-0.012588563324491847,-0.015295943740608565,-0.009292469786275766
2017-04-10,0.0041442825634413925,-0.014176218524195476,0.001255872417907454,0.0036705535798785033,0.002912397267587815,-0.0002460211235284851,0.008752639119538323,-0.003123866648785512,-0.0055809943541273496,-0.00036045683357252404,0.008868805396665829,0.00616647011309405,0.005567401195548551
2017-04-11,0.009987092970841537,0.005854211516209738,0.016497768488610856,0.000951623697518492,0.003845907475452151,0.011003837558824217,-0.014894714763998838,-0.0004328140052861388,0.012237331153423158,0.006157408658805181,-0.005940043783026527,0.020540690417303824,0.009844649590166125
2017-04-12,-0.0031956570544687465,-0.007277160114189759,0.000779732026652139,-0.005282769091176466,0.008619972427818095,-0.00437786900580063,-0.006765968343457094,-0.00821278321882317,0.0013259130913506041,-0.00574989539434856,-0.012758769279271043,-0.013179488849321188,-0.00263356570265922
2017-04-13,0.0009133797788383423,-0.025433433450458596,-0.006880288511624362,-0.008017313690847707,0.008270951289516644,0.002724271463412308,-0.028284347972785864,0.008724662061827149,0.007042309584404535,-0.00969950387840465,-0.00494363170475277,0.0040553379597121145,0.0007340878884797873
2017-04-17,-0.0017999854500559773,-0.00630946397799986,-0.002043954194685478,-0.0018134399867066025,-0.00795031862149896,-0.001883562646585423,-0.010843848492875445,0.007415129048814344,0.04341368769431537,-0.002265232449845914,4.7545178655403296e-05,-0.0038429801442916157,-0.0015021533930372002
2017-04-18,0.0011196026292051267,-0.0019367586854553394,-0.0032855064001361123,-0.007689163581790092,-0.008916463742932354,-0.00030094068872545,-0.017798473733567563,-0.006334038907204029,-0.0344897627749883,-0.003351674536715542,-0.004920176182771109,-0.0001415668661796063,0.00012526566981024652
2017-04-19,-0.005343718450026584,-0.0036885874621097564,0.00017965203928952848,0.0017968311596609776,-0.003361250226569568,-0.0014495103724434383,0.0050025628281220175,0.005751618569232832,0.014601844938342552,0.01293172874782379,0.015393784800564799,-0.016674401135274675,-0.00414625098715341
2017-04-20,-0.0030175803580713644,0.009432686961756288,0.0046072905657080325,0.007958077204615662,-0.001658144319308245,0.0021081786630691465,0.00131947119978393,-0.002672797654648837,0.02090242536772482,0.0013812500936205747,0.02013248372688629,0.008971383112934148,-0.007131842529659204
2017-04-21,0.002790222542605014,-0.003082668724891287,-0.011358062677246867,-0.005169859348187634,-0.009306629226744443,0.0009645390818710061,-0.004944267513569633,0.010328857500300593,0.023846423667433912,0.0029132774548450593,0.0031275748061723252,-0.009014543144221442,0.001839351581876512
2017-04-24,0.014096475085596503,0.0050032963864753794,0.004931881719702262,0.012038295365807288,-0.0030167415116184445,0.01541355510475925,0.007014306481344477,0.006486371494096044,0.023677802913388998,0.012665971078381298,-0.0058337850272756585,0.014265304343553819,0.012490420667243608
2017-04-25,0.008986156199778095,0.0032656152480402814,0.017839729266171146,0.011176749951990993,0.006239265137593678,0.011382751097200296,0.006863681795462393,0.010834726634890287,0.014971582581339807,0.009146663138281129,0.004823047614481176,0.007141624838129563,0.010628520902102749
2017-04-26,0.008494905732987468,-0.012414158829498466,0.02244573976299771,0.009797942479931867,-0.00433003826495961,0.00846651987476975,0.004082090677999392,-0.010386694318156673,-0.030170604847782907,-0.003756146531231603,-0.0049616145789176305,0.005228356529498168,0.00882814711692979
2017-04-27,0.0037447554929386792,0.00456473909694112,-0.00981171401862103,-0.0016304820333558573,-0.009577768107919105,-0.002938641539576666,-0.009528263564926904,0.0009320148219816982,0.003919268289148863,0.003021388796300205,0.004195178339503529,-0.008206096055283737,0.005382300872045946
2017-04-28,0.0014300063490560566,-0.006880087545477533,-0.016405056662313507,0.008033113211734748,0.0020672074600172926,-0.004440859852955516,0.015091044642064374,-0.002162596246868887,-0.018157163014818546,-0.0030213887963002435,-0.002579582078199313,0.03379510096287914,-0.00041834237562442505
2017-05-02,-0.0007561852011624292,0.006280647980089251,0.003360676938308678,0.0038540000328676004,-0.00838916788020482,0.005697341766480987,-0.0057486750593305465,-0.0016893709994600802,0.01815716301481859,-0.0074001325496910585,0.006039150683709717,-0.0013126006960141876,-0.0001990001123761114
2017-05-03,-0.001525207621020964,0.012385093698569827,-0.0030059247252124514,-0.002114962317942469,-0.005450048212112185,-0.003273645604960293,-0.002200332557321269,-0.002453417077123374,0.015332710689656786,-0.002478930409572323,-0.01609819841430224,0.010032986319961067,-0.0036144346605216583
2017-05-04,0.018336003524656492,-0.0024261649227967984,0.01125220712555054,-0.005975198975025578,-0.00028053031273865016,0.01518442172881499,-0.00792738509411938,-0.00597047055443213,-0.008704958525613723,0.005676985788692743,-0.008311713932372268,0.03360348685238002,0.019971284128541017
2017-05-05,-0.00508116289380936,-0.0019957953140233185,-0.01350740868160921,-0.010221632999694627,-0.004403871557001725,-0.006807439532139437,-0.024498817049575888,-0.017847561635239595,-0.009369614284412232,-0.007493555826949939,-0.023448476106978706,-0.01770659368309654,-0.0040772102445379415
2017-05-08,0.0071586838623400395,0.01210142936830414,-0.007998317911800473,0.005829817682728759,0.00860884775035082,0.0017551949949574084,-0.0008229147453243466,-0.001330029066075274,0.04111219439003331,0.003149774030876664,0.00030452277599614977,0.010635179245250627,0.007528661091969713
2017-05-09,-0.0026410124705961496,0.006876895504932602,0.0036470256129924996,-0.0009102158998867511,-0.002332775019792316,-0.0016188084206402939,0.007712697312529566,0.005956455121989435,0.004507095731239048,0.009374942317815329,-0.00631806364984985,-0.012930865953207124,-0.0010680314238529203
2017-05-10,0.00540425795570868,-0.005858777380785654,0.01796511020372639,0.014280638214113926,0.01079403014779774,0.012420141811782828,0.007843499723294187,0.011432062790583262,0.0011235499045938447,0.011748148225493969,0.022279977824942978,-0.008116982344952502,0.006787507656993423
2017-05-11,-0.0005213950726269793,0.0035700790503613174,0.0029803983347605123,0.0103164238848289,0.007162883540317252,-0.0002585826266144103,0.005589537019752885,-0.006743861393404966,0.0026168695570287785,-0.004134202634623976,0.033790149704921855,0.010239369850361214,-0.0021528325222170356
2017-05-12,-0.006451957994506657,0.01078399062556272,-0.002454552417665512,0.0017706568355533071,-0.005659966957695234,-0.004883718919943373,-0.0011325974183821062,-0.001608804387862745,0.006141245235016731,-0.003035536854423284,-0.02126690455545195,-0.006340362415325621,-0.008658213065773442
2017-05-15,0.006585648623805755,-0.00266091222098551,0.006342771187723773,0.004983115390256425,0.012903644811191124,0.008283832884662222,0.022562500802291566,0.0015714027320034437,0.00757784917863894,0.001374004022404611,0.00710837901707059,0.00687357488591619,0.006751248523339698
2017-05-16,0.00468200286302981,0.011687024388793543,0.010356931616897715,0.011020726202774837,-0.0005560213557883369,0.004068215571788274,-0.004846340083911029,0.005216291693116948,0.00934678604852673,0.004900433924271543,-0.0029427729747582435,0.023561785989759713,0.0018077331899584539
2017-05-17,0.00032049566636387886,-0.002296805623269152,-0.00426836757705823,0.006794542440275827,-0.00239873892177416,-0.00036384352914566373,0.022203607741418874,-0.002180118388811511,-0.0016431302903857595,0.0032587389971613567,-0.001024271502908915,-0.006123401159841615,0.001947088149308932
2017-05-18,-0.010402318223621487,0.010322764670996534,-0.01673605338212087,-0.022113099973293308,-0.006112967289423538,-0.009116704339195258,-0.027972399157492892,-0.01575736244263186,-0.03325273993630103,-0.018464303804698212,-0.016784966340967492,-0.021190246408117168,-0.01074224590150303
2017-05-19,0.0031318500397590236,-0.008499262267120881,0.020279907774149532,-0.0025472156526771374,-0.0004134783222890467,-0.0013671777154261977,-0.0013072783683410593,-0.007576354014038663,-0.0007559040511766772,0.0013709137939395795,-0.009550959370000422,0.008339055961994293,0.0017444313507920016
2017-05-22,-0.00514945028372697,0.0046276060873290704,0.025908493938698415,-0.006732599016317377,-0.01957770503136539,-0.005432897253275942,-0.005758565140232796,-0.008014462036113055,-0.014854563186598028,0.0015381305752217077,-0.0003508020487127481,-0.04261613858844029,-0.0014241212979344893
2017-05-23,-0.003097015029267042,0.0005092146916467518,-0.009063957826020303,0.003928481463402928,-0.031715052911138505,-0.004146005168841521,-0.004246486497722444,-0.012149850306488897,-0.027820135234265013,-0.015005028091115908,-0.018639147429476626,-0.017821962934506837,-0.0007208419520505059
2017-05-24,-0.002061235898651753,-9.515019288571709e-05,-0.000634125811254584,0.0005440774065260856,-0.021089755023420014,-0.001611832804186428,-0.022840216999259214,-0.00111664637001867,-0.01590807080439069,-0.019790473474940555,-0.01800015861389767,-0.02297873114608362,0.0009529556989914781
2017-05-25,0.028628295675987774,0.0215703270229037,0.002803597936055739,0.019243080844053732,-0.026580827816675513,0.022177505608052813,0.01798964635433748,0.0070079295832312085,0.020827887930536956,0.020507915974477937,0.004077513359992717,0.025933732833597168,0.028592076925342703
2017-05-26,0.007363617844515551,-0.0002746812986593473,0.01783524044962283,0.011591888228988911,-0.015192321693266179,0.007565904434226824,0.03322022134200362,0.019654962387288095,0.005676816553677375,0.01336499117701275,0.017571544498116095,-0.005537255444595487,0.010469947502038432
2017-05-29,-0.007710836238684486,-0.01568307975883063,0.01712197498660212,0.003908702668163695,-0.031715052911138505,0.0019408213706077805,-0.003006767487008088,0.005177077263824791,-0.044096871121103595,-0.00851254573044815,-0.007262275083673616,-0.022706314017127315,-0.007735548039462976
2017-05-30,0.005355981644564921,0.003839048917948778,-0.006365603240453369,0.004504629872477816,0.026201487060594515,0.004081549178818665,0.0033402953813699435,0.002856645290965569,0.010148250024938967,-0.003543702714252656,0.005074533660914903,0.017536001133156537,0.004944980522267173
2017-05-31,0.005030911035714031,-0.005662186280096191,0.0022624770155273482,0.0063443646630187795,0.0038800080527947632,0.0035129570499054137,-0.015390881022326873,-0.0023743750205748163,0.011245049389730685,0.0005914645501578228,-0.005188632762836682,-0.0017768180234202125,0.006152767628031921
2017-06-01,-0.004906475765335496,0.0024238630083662414,0.012457937496443755,0.0019069637847556027,0.00879203846123449,-0.0037293840674378566,-0.0088437456047148,-0.010871727482715391,0.001197378140419899,0.008321595812123824,0.006437073660509606,0.0012370270138912073,-0.005330951244090815
2017-06-02,0.0028167217859272984,0.003233628691241132,0.008977068768076,0.004639650219025339,0.016313308565825784,0.004149905520228561,-0.0012306561851240046,-0.003324277077694886,0.0130772740272359,0.004296298165004454,0.007473953281019825,0.0024269066967831467,0.003018926298396299
2017-06-05,0.0035763051418252383,0.004809760016439144,0.0010959639306945706,0.002350509822746172,-0.0026995891358950436,0.0019426147394919786,-0.00596990994348393,0.00414621958675588,0.0076478339617978295,0.005424786985356274,0.0023773270617114075,0.0010059432156617355,0.004350700445810927
2017-06-06,-0.001849484498333148,0.0229199428307076,-0.014164960846320362,-0.010886038789259887,-0.00599320887423897,-0.001390948562339168,-0.0032917896000134264,-0.011003551048056554,-0.013768903763973191,-0.013431664546896266,-0.012073589195964879,-0.007291096548946574,-0.002149942472518696
2017-06-07,0.006442622697389176,-0.019067148669233775,0.006552013410436145,0.007639530403740465,0.013634763512131403,0.004187997798051931,0.009774677889928054,0.009520204565548359,0.0011876606842195832,0.004111748555737188,0.00374421545500028,0.012319655683134848,0.006676159309387741
2017-06-08,-0.00133964502943975,-0.014234697152482847,-0.0017876912706528332,0.0006629465465347314,0.019812071121249428,0.003977726579521457,0.00879918308493219,-0.007471282970058115,-0.0019801986668624536,-0.003879433535526275,0.0021009768855084748,-0.008631966441518162,-0.0011820963550094445
2017-06-09,0.006555622058060816,-0.010227440853010129,-0.009281652214892128,0.009805810279157069,0.002179554274426414,0.00695172149833894,0.01580289788276375,-0.0010945751322641154,0.028913887549905707,0.002397433575514552,-0.00048444918311587925,0.00018478076176078656,0.006359245497821693
2017-06-12,-0.00934890081324524,0.0026872364856645632,-0.0029571564434527865,-0.0075961882008668685,0.008014206815757324,-0.0058426089674653535,-0.0035925281302232994,-0.004682229305219672,-0.0023135006451255485,-0.009515202722597227,-0.005295804969763159,-0.019760312241400062,-0.01001348731573634
2017-06-13,0.0003152607048652885,-0.012662502950173864,0.002988024760944464,-0.004905312195766238,0.0008657469512374904,0.0029930137538730557,-0.007763651728586076,-0.0003696657983738255,0.00730781873011894,0.003891539925609135,-0.0005035201110155427,-0.0010295443871344999,-0.00011107479687254209
2017-06-14,0.0008876707202482076,0.002617676356130427,-0.007648032547478629,-0.0004538247300093639,-0.0016851281023646401,-0.002025553824364852,-0.006821854901911962,0.01433420614874633,0.013512386429736779,0.004804571881686941,0.005346913325992048,0.009184724909068518,0.0009416876282736423
2017-06-15,-0.0045616408342158505,-0.008530294645675908,0.00033981936045791676,-0.006056644690846245,0.012437950366734656,-0.0040895591047801745,-0.00382904246221759,-0.0015566118915081514,0.021321219405505215,-0.0075894347332001845,-0.004048064207041169,-0.006287347821913375,-0.004221592872870798
2017-06-16,0.0047340111955506805,-0.008652755997681342,0.006230269473632404,0.0027454393743507697,-0.017725505549054218,0.005050910266835434,-0.0004774971843945063,0.0037496469061799173,0.0027718763609709918,-0.00042068221670691274,0.004306599002574243,0.0020231806079109693,0.005342088200886516
2017-06-19,0.010134565450402276,0.0008240767277280524,0.008141773365477799,0.0022147840759336643,-0.003818082684670552,0.010375571144377442,0.017367575498557306,0.007579113570542297,-0.0031420636690165193,0.009801977995498467,0.005461705601700446,0.006719332917395732,0.009607982809242644
2017-06-20,-0.00186347407417327,0.008985854683502359,-0.0027059160919217858,0.0006791218600923156,-0.0007695710657062169,-0.0043841431545797865,0.002110181146003575,0.0016689732868068134,0.001849454896363793,0.00021610966519285905,-0.008795273667823341,-0.0007172572391848846,-0.0018755440589035628
2017-06-21,0.000455670067823653,-0.006488461052536116,0.0076922715247273775,-0.0059992446037353325,-0.0026507205220737953,0.0009650699381490316,-0.011830640689877098,-0.0029583400463631926,0.005527929928171833,-0.0008799517732549541,0.0005833802472507089,0.0032236139524209643,-0.0014004397666118554
2017-06-22,0.0011529146000672894,-0.002335666155198323,-0.0026332937872293005,-0.0013621935728305955,0.0015637674776050466,0.002858594276986142,-0.013944567037843443,-0.007288262177831048,-0.015929280545919168,-0.005513254677009471,-0.0011670218325251372,0.005420840663920197,0.00025068590166976094
2017-06-23,-0.008179174418250017,-0.002842415557739343,-0.0009111329677455771,-0.01708477520066018,0.0006913844785230211,-0.007957327864872063,-0.00697671262762729,-0.0036217030926566497,-0.01637674468384989,-0.006465556651550035,-0.01452349655390405,-0.020191093691251615,-0.005662028371950147
2017-06-27,-0.013965448004154911,-0.010054706145223115,0.0009341038895427833,-0.00577459975776042,-0.0010820197959327967,-0.010983597213443013,-0.002561673595544852,0.0008111254097900855,-0.012989769712592926,-0.00457439846555191,-0.027307964395162938,-0.034334650983609244,-0.011598741443721527
2017-06-28,0.0008438730715335715,0.006405221002720232,-0.007912619191559323,0.0006096924297575475,0.0015249636865112726,-0.0019202521010924197,0.016074614398974053,-0.011450620095776244,0.00785226033834608,0.005074468061487473,-0.007673443188369713,-0.006390553796604108,0.0028430328896264607
2017-06-29,-0.00036798741943702186,-0.0009032912606061669,0.006206189354339791,-0.0013711066944037415,-0.005726915676074026,0.0003570919869768607,0.020075113997804827,-0.0011514837469944867,0.009304089591181898,0.0025431701794603034,0.008653802409468121,-0.008168064810101437,0.001647268557528192
2017-06-30,-0.0006934655536203964,0.0030227089101228215,0.023004788986485985,-0.0026435358773440926,0.018724364708411136,-0.00314961278436223,5.019481096891754e-05,-0.0026171210405146797,-0.004166580216935087,-0.00229322912634057,0.0076075760851418315,0.006836542941498182,-0.0008310003647346325
2017-07-03,0.002650473838230858,0.0034209890074393366,0.025908493938698415,0.01326053717603081,0.0010299713190195993,0.002892318386827962,0.018202932306739507,0.0036655271050486824,0.013759499976385287,0.006693465215088257,0.005184304790618271,0.005285185283664207,0.001999423909385613
2017-07-04,-0.002521232735745547,0.0023085333669046397,-0.008663667515454183,-0.004823959109488366,-0.010280044997861943,0.00032024914693198426,0.0012629822464578053,0.01327570620243728,-0.0050671257449082,-0.0025164973928288406,-0.0026055327701171227,-0.009518318282643047,-0.0013991918923408275
2017-07-05,0.005944168653677085,-0.0051781669176741065,-0.007217182312458588,0.007054380699772916,0.007452781708419138,0.0022651676151895146,0.010663787768097288,0.010282937870503502,0.015310254460773373,0.0036173401407414343,0.01147335499104069,0.007558508754399342,0.007633230929889316
2017-07-06,0.004871943960075104,-0.001157091206745403,0.008457875942027397,0.003892533894226262,0.000969355743472231,0.006255086740426214,0.0036910249488894095,-0.0030077194548631682,0.017449243877972156,0.0029865310308178966,-0.0007277016526439993,0.02325327795480832,0.0014418670996967902
2017-07-07,-0.0007460260514251366,-0.006038610150482042,-0.004209080435997775,-0.001634399002939038,0.012979942959338076,-0.00421971106332203,-0.0021028801020079447,0.014285658873525129,0.017507913837248135,0.0013896182121134661,0.005132336879425846,-0.0031453268029070533,-0.001564073952805123
2017-07-10,0.009587549209990201,0.026635098020109695,0.0003149011885795301,0.006151253328946381,0.016381244563493696,0.007062729938413094,0.013558353622832512,0.006205932318847809,0.007309018181694039,0.01755796496134296,0.00021392968417025023,0.027482899319869268,0.007492922630101602
2017-07-11,-0.003827805700858552,0.006724417423029374,-0.004117745461687884,0.007470745442537315,-0.008412056271569114,-0.0029523083538000126,-0.004819995620115906,0.0023754684884097865,-0.01539313622708862,-0.003143203516799759,-0.004271415509692415,-0.012713909644633224,-0.00412744550904613
2017-07-12,0.0046890453305087195,-0.002736242496380687,0.002345428756755218,0.002589401942684369,0.0016462660827970183,0.003937954356914689,0.0037491474995749257,0.012938481911112234,0.0016219943521911166,0.005414761603815867,0.006441394678266798,0.013346877247037868,0.004017534972041715
2017-07-13,0.008120465711296312,0.003747217835773456,0.017808953224155353,0.002957813726390629,0.005834582135371446,0.008883980664426817,0.008503491146887514,0.0024892029271269306,0.0023383189641460727,0.007054321737459862,0.011055743166118164,0.002685371417945574,0.010319072788744383
2017-07-14,0.002051146056292083,-0.010582001864173674,-0.001943283514592544,-0.004068042921281658,0.008369726425289006,0.0011607640235223923,-0.004194928074792654,0.007671681016117013,-0.007212436919975844,0.0029845472809951687,-0.004443515704033527,0.009548539830213172,0.0014354858773494975
2017-07-17,0.003226116306383261,0.011089490464403811,-0.01711341808141476,0.004049737760408899,0.0036586017855776984,0.004869807709501332,0.009540135666382602,0.006903277699881227,0.014729945644242865,0.003020428927066392,0.006552570851708227,0.003134390351339437,0.0033204528984792083
2017-07-18,0.00029144478836051947,0.004522713981000502,-0.025015322513587124,0.0016399727607784458,0.002952170701118082,-0.001482504169485741,-0.001704811041954971,-0.012592909793091581,-0.01021608023846856,-0.0006122703958586328,0.0003402924261124102,-0.003319043996911113,0.0010521273244373092
2017-07-19,0.005421912025353089,0.008597064799431226,0.014307528506982166,0.005258006468512143,0.020761972765232974,0.0053013367004693035,0.01923089539187725,0.00931140987377281,0.013420618945954936,0.009767299561728173,0.01838006716372645,0.008530648878936443,0.004832406583952317
2017-07-20,0.0025100259092353224,-0.008792429882150963,-0.005913509002409607,-0.004683078250745005,-0.009212138674803257,0.004209782508954581,-0.009279812960456752,-0.003461068083685758,0.0026626448055659213,-0.0014953474068316807,-0.005838563324526753,-0.011632678286620443,0.0033492449709435156
2017-07-21,0.001803232097261826,0.020790498460151113,0.0012665366163979066,-0.00048364486830368035,-0.008750509100334175,0.0021563861797128966,0.0021095241725386095,0.015593972074483467,-0.007651942190963347,-0.00567588033945501,0.010503964073208511,0.000854737410195164,0.003478094310592966
2017-07-24,0.006729928418144473,0.010401717368995068,0.00917829998730141,0.0012223402095844571,-0.007178261555705488,0.003875836497063048,-0.004897759654215253,0.008205002771641039,0.00035722845389992135,0.0041189520211434615,-0.004108851340557317,0.014868859900444169,0.0031427963655379543
2017-07-25,0.004080334877848365,-0.0012203252587979687,-0.004174465476487781,-0.0033148569491827837,-0.0050173446994072135,0.003238579501074507,0.012486440129429753,-0.004269396117801697,0.003742942845169438,0.0033185794345033893,-0.01151183869738983,0.007282735871294509,0.00401163655358846
2017-07-26,0.0060986376305947375,-0.002537771347161076,0.006708402941434717,0.006477925950961057,0.010642474331310029,0.0028126257106710646,0.017110434869157767,0.007911089315379684,0.005322936858348715,0.003130589236616627,-0.006420795146424707,-0.004746623458914712,0.008389050241985154
2017-07-27,0.010150779291784038,-0.015952513719064847,-0.004956833928967056,-0.00771353922397042,-0.015720503817333666,0.017563180246543717,-0.010071072587353189,-0.010036872875112353,-0.002303106404051448,-0.004447848556848411,0.0033445724568065857,-0.0014003643235097941,0.008653933412097978
2017-07-28,-0.004467839032774436,0.008178669177316085,0.002442102340058516,0.0014505098586510485,-0.02124070934019429,0.00038857789004296194,-0.013380051043359889,0.0005565126635779517,-0.0024861731217122934,-0.005226630349914585,0.002191373659516438,0.006829192680070447,-0.006066154901901203
2017-07-31,0.011714101283288446,0.005248138763271234,-0.011186255082868678,0.006181287487574227,-0.020492567212955042,0.009933046390718767,0.016329181007082427,0.012376447169669336,0.00620404338353602,0.012663092598629324,-0.001981650679334576,0.03557452303828112,0.008215322563740567
2017-08-01,0.0007624930936981596,0.004276884298853098,0.0014420100723875706,0.015176029388508807,0.0043066360799372885,-0.000638010987497414,0.009403659463878332,-0.0007173893428540552,0.0,0.001909182220501396,0.003846978544624322,-0.013577119723699018,0.0020227380451301067
2017-08-02,-0.002694425326776531,-0.006920860976900246,-0.009759878867584887,-0.00328627451214395,-0.006678510360404083,-0.0042231956563960294,-0.002022830790819308,0.007979049345722036,-0.002122788994851727,-0.001997400738041705,-0.0029120689729810884,-0.003682893632558847,-0.0025505821858421715
2017-08-03,-0.015288736950934087,-0.004189630081204198,-0.0018641249731247362,-0.006799469803898456,-0.012458331046811181,-0.013114738344369761,-0.019245581936000625,0.01217537238242892,-0.008536398336460431,0.00041152417535274955,-0.004667267637909445,-0.029370686497660045,-0.014850965791809686
2017-08-04,0.00615721386368788,0.007038145755351087,0.002647176655622001,0.007095791137655351,-0.008610557401399033,0.005068284297688874,0.024681255901376244,0.009336347813087002,0.0023191300207916214,0.001732585868920981,0.0009061060621761403,0.013697121342074039,0.004771670552917252
2017-08-07,0.003172947808498338,-0.007384584912456755,0.0022459573349907468,0.0019106054543937582,-0.0030076789905148973,0.006067855829425132,0.011756797958472448,0.004820345721296867,0.01538357970019212,0.0014951638656040018,-0.004912468878111092,0.015195158390461004,0.0017400702839972383
2017-08-08,-0.012396643803390804,-0.005173076610762827,-0.011882782154343373,-0.0036854600876575464,-0.011245093800029965,-0.009620399702324933,0.01460375884311296,-0.017104244565144425,-0.04504221725129983,-0.012054346477151898,-0.009454736586786094,-0.024216938260844065,-0.011746039015085495
2017-08-09,-0.009184553889378432,-0.0009559044977963253,-0.008064103630231993,-0.017434138422682162,-0.031715052911138505,-0.007886167125573083,-0.0020078101038152954,-0.002525749126010854,-0.004968291198652336,-0.010896664768361665,-0.011003748056128818,-0.003915711908248739,-0.0105513693735105
2017-08-10,-0.006472282959856555,0.0045873398172329655,-0.00533435702562475,-0.029646250802061767,-0.029291197820158692,-0.009937170768019494,-0.01631430514584288,-0.01585185796329684,-0.052060588825357725,-0.013839357734766387,-0.03507884617094732,-0.0268791455501118,-0.0047408403902020144
2017-08-11,-0.009609429001764994,-0.0014359679519099287,-0.008312605042818808,-0.014123690394448817,0.0009568101038960925,-0.008684124436573503,-0.03424185561036883,-0.011455536887668363,-0.00937138440757801,-0.01006521114172287,-0.01295180721977563,-0.049753401135363994,-0.0026679653448554177
2017-08-14,0.005405231783848642,-0.0056276889844691065,0.005872648906678677,0.013524858476367667,0.027404208691723428,0.0072975148819338625,0.03362585929097682,0.01571041750078196,0.04341368769431537,0.015581689573931915,0.026602731597283286,-0.0020973734650397056,0.007356938648325844
2017-08-16,0.01326190959783339,0.00681514292385179,0.02483714661631577,0.016708414472210192,0.011500144480728674,0.013700619581208448,0.017092861061307887,-0.0022069905224348886,0.008493471607730618,0.0011177425760436077,0.003704662573781726,0.020777935049172403,0.012115678704315512
2017-08-17,-0.008236299225054094,0.012872097512793486,-0.0009188224124797311,-0.007832950332947624,-0.007057009011431776,-0.0025514659943463107,0.00741931292399062,0.004758300501488974,0.005683351106024574,0.003120036171134677,0.009963085493048657,-0.005543672025901013,-0.008260044335736233
2017-08-18,-0.006739623566237401,-0.021322591705731017,0.008094887526762544,-0.0017126747202661223,-0.01808889613923241,-0.007829622663251021,-0.007212489891304984,0.0052026937640409325,-0.008076447191737113,0.0013385557700380034,-0.014278068611662439,-0.009378826563599724,-0.006121239575523261
2017-08-21,-0.005746574349336431,-0.012370446875095947,-0.004674801223412316,-0.009751041894175914,-0.017420600998222957,-0.004935464311862306,-0.013998459740726443,-0.012684663152494315,-0.010188103774170372,-0.011837722407598445,-0.01051819799512404,-0.018332348119237705,-0.004013581876073957
2017-08-22,0.001584093618034015,0.0005937093264585042,0.00023435898043926024,-0.008534540903035346,0.008964223127931178,0.0017016674308578186,0.0007786557333174507,0.003677917590894619,-0.008977034209977905,-0.005214733128590329,0.003541108790205786,-0.004059713782068462,0.002256112562040076
2017-08-23,0.014178857639800492,0.0030586178830600895,-0.0003437758261492867,0.006645813610479665,0.005726681589618335,0.014689429864250068,0.017038657942583125,0.010255938432880196,0.03380133112157735,0.008327564338456144,0.0034265749777149124,0.020726908625242863,0.013335501084978435
2017-08-24,-0.001753415865069306,0.002444973744388771,-0.0016011131024322124,0.0017657806048465281,0.032678080459227384,-0.0016121525305440082,0.004829955384511599,-0.0032381057636042695,-0.006011472521896064,0.0025135681110455515,-0.0027948997721264825,0.006884827418891547,-0.0019614619071160384
2017-08-28,0.004230094047210994,0.008380649656336383,0.008063679222810394,0.0019750159280355686,0.008166918274685207,0.005591497621387105,0.0036254413933464193,0.0022704714386398038,0.003101365663753418,0.008373179237564542,0.008598346300138485,-0.0009634199969358099,0.006157903287573726
2017-08-29,-0.0102318575147031,-0.008180781085524298,-0.009062025183639185,-0.008423470623735755,-0.012331925991300506,-0.011990948237808732,-0.01112260985094403,-0.016665529369812315,-0.008965432888195098,-0.013801846947047851,-0.0043409192559689495,-0.012091467110114381,-0.010324937736439853
2017-08-30,0.007421952653316823,-0.0012143292324019422,0.008904773595331828,0.00653353061122621,0.004838782749723869,0.009457306028534397,0.02611278886672027,0.0189770812533143,0.016767319220499278,0.008282799092700955,0.007820292646161551,0.0005181514410691083,0.007756452963007342
2017-08-31,0.00039900734700465233,0.0061753515487516595,0.002986886278942992,0.003795179082830564,-0.005448035845124031,0.0026821901533962463,-0.0009635638320687742,0.011991721087243064,0.013463986111371028,0.002439973394047873,0.00032037605112398453,0.0028907031699096884,-0.0008282917903045249
2017-09-01,0.004742378556113024,-0.004161761511028378,0.002777246377511388,0.01969165453286004,0.02365239464436362,0.0004751858571238351,0.019281351861493858,0.00521073020124291,0.02552730869749263,0.00120271827032617,0.02030581002460946,0.001563624034142896,0.007699411147452623
2017-09-04,-0.008101432533476257,-0.006933590408945851,-0.005626289762560647,-0.007902760612764282,-0.00014889011490273212,-0.006718291455618543,0.0014386534648742322,-0.004161869617301334,-0.016650985358048574,-0.009844590350285157,0.005994139612065089,-0.004134402501526779,-0.008752319433388167
2017-09-05,0.0037660910753523655,0.005372569901962748,0.002229534258141643,0.0030497851393893657,-0.0036171998621319077,0.0035311472246303227,0.008574533729764019,0.008415664001674622,0.0140402449805967,-0.002050535027002988,0.0030819166584691395,0.00012188811169842638,0.005023265651618864
2017-09-06,-0.002022283572050052,-0.0072993522305358155,-0.013483818938677781,-0.0023330620060061373,-0.01564577123490926,0.0006550838490501385,0.007448124233931032,0.0012948348799653293,0.0006969066729141702,-0.0050148955542753644,0.0016517870541593118,-0.009871597097683643,-0.0017801799651883377
2017-09-07,0.0010599506635547607,0.003763884763479855,-0.006453036506425954,0.008497143661879926,0.005771585286167487,0.0031950095908882983,0.01144634871646275,-0.0039537138750743205,0.007979184720926956,0.0019388580918081428,-0.0002451400909686906,0.0008148093047187513,0.000526709328748789
2017-09-08,0.0027077657291520243,-0.0004111183527381343,0.003927581600119811,-0.0054402085635225,-0.01219863262775823,0.0010874401743840207,0.0017946942447409034,-0.006604116044435391,-0.01479445690917382,0.008761618348869333,-0.006345511784957952,-0.010318894651102545,0.0028043931544558956
2017-09-11,0.012293387528354547,0.0002724793367241171,0.005557375280517392,0.005620136215432597,-0.004063492960112686,0.006391976160611955,0.006018085692328419,0.006536181389580921,0.0066410378898748585,0.018172692386621395,0.004382224675399868,-0.0003727893543716364,0.012965989568263519
2017-09-12,0.004547418306666218,0.0039693200355717575,0.014097562795371141,0.011570560451758327,0.021533808993506782,0.006273256217041083,0.009761735937679254,0.010739819817735698,0.020174858907620476,0.007852398568366326,0.011511831254514483,0.012948271589828962,0.0029400333291718676
2017-09-13,0.0018985688419689967,0.0003998967443855812,-0.010897250878003136,-0.0045608906205903185,0.015934879425278724,-0.0003903200674066408,-0.010809930722687404,0.002440560146333998,-0.012712700501203898,-0.0035119050733594926,-0.0017499485446873676,0.0034898941524350064,0.0013198571886475856
2017-09-14,0.0032345666514706456,-0.0008808958252873906,-0.00015995167496986825,0.0030185250451958885,0.02594434951819421,0.0011656482338051213,-0.005668214000941687,-0.0037342459491803873,-0.005200219507036276,0.001063764425079259,0.002154600434594506,0.006837280258570524,0.0037241185605943225
2017-09-15,-0.002731300680672904,0.009831438632524789,-0.004783531035096215,0.00204833413200361,-0.004578239059997821,-0.001897909244337811,0.003527669975098366,-0.0013177505038361053,-0.003307556977744009,-0.00509259288991638,0.0031829724029407316,-0.005005358518865652,-0.003423153229528385
2017-09-18,0.008121717687925986,0.004682526762285171,0.0028345476305599343,0.012085452626714894,0.00016595374738795162,0.005299250601144606,0.007194311225799807,0.0022675855227092334,0.006950505826523332,0.01266844220240717,0.017905867322586824,-0.0022598236040250797,0.010305364561146968
2017-09-19,-0.00021360898305822974,0.0005022081955584925,0.002734931453356148,0.005916840313115139,-0.0048943784477374335,-0.0026753199785178525,-0.007221636048363332,0.0027173612797977524,0.008792360224025143,-0.0006303982350610348,0.0021526302398930538,-0.007919146420576,0.0023625699826934003
2017-09-20,-0.003059634035892709,-0.00032854288045912523,0.0019533937430440806,-0.00604286653544289,0.0027828203857572977,-0.001818472993745046,-0.0007236463449430101,-0.0002535334508808637,-0.005335139840167313,2.9356303616818683e-05,-0.001202375990088063,0.009934892706219837,-0.0048516860717106435
2017-09-21,-0.006663466447534388,0.0002346844998543882,-0.008160182128750108,-0.004653494198926355,0.032678080459227384,-0.002751031271512785,-0.00595945230192843,-0.005720903658224397,-0.01530196384756786,-0.0046886538984427925,-0.018501341553739628,-0.010412672440042332,-0.006738276264643777
2017-09-22,-0.017507714874435323,-0.0020436023168187993,-0.010623225521132535,-0.011361045703473556,-0.017208917186078032,-0.015155388430601638,-0.041236593832322116,-0.021766906987581918,-0.04442784542193651,-0.024412762447475728,-0.023725928672276842,-0.02836203128509064,-0.018458972217374494
2017-09-25,-0.008398271781425643,-0.005938272859558727,-0.009547697378093516,-0.010913094838461007,-0.017951223216795084,-0.011205267539640042,-0.012014132116409693,-0.0008971958123690276,-0.03182558805722677,-0.01114275366968103,-0.004352297580209677,-0.008552741016406419,-0.007538836527344869
2017-09-26,0.0014101343886417576,-0.0019557476163532283,-0.004356817820182523,0.0006982656137906016,9.148569145490811e-05,-3.5127529124437656e-05,0.02375828993998968,-0.0008518862945001496,0.026499054480860165,-0.002063006423822201,-0.0033557960410855367,-0.0011363157612299297,0.003113856026504121
2017-09-27,-0.01608803163589321,-0.0004077054817302349,-0.01278639765443073,-0.015837606307416235,-0.028522190445252393,-0.01464595599991872,-0.01593417619536803,-0.016634223992245085,-0.029719082390480697,-0.018932604282197504,-0.012003007804564163,-0.03109593363808687,-0.015492585157943778
2017-09-28,0.00816386811102911,-0.0021171277452068844,0.006840457520763723,0.0035256590146115463,0.008276398287459595,0.011178455043522566,0.006978383370256433,-0.006823073697082141,0.010943597572871513,0.0011062703354358593,-0.002208695220701793,0.005074949875078315,0.008005080923117532
2017-09-29,0.0018663782827946609,-0.004433995643896495,-0.009911568733271474,0.011872686630781011,0.006677918691111555,0.002155320467239884,0.013826379161638438,0.003977333316352625,0.02611496730565494,0.010795465692362994,0.0071646477129166,-3.282333705851846e-05,0.00126474790715625
2017-10-03,0.0020932209737021114,0.006731245443813486,0.010837357023186904,0.008519508126706635,0.004606449611294547,0.006063486387077898,0.01212239202473584,0.013422728774886525,0.0027384772933037706,-0.0024987221714556475,0.0018583755505304053,-0.006182578084600177,0.003630366762713569
2017-10-04,0.0004106670602318248,-0.0005928118405480215,0.014358397138806267,0.003565818358171802,0.016931323170905444,7.499868902298793e-05,-0.0015316710321177879,0.01651755830329088,0.00472895687330041,0.0020827394457810567,0.0018382973122043258,0.005639994296021016,0.0013869099982921345
2017-10-05,-0.002293922139223593,-0.0014431124771811278,-0.0037931689407804435,-0.0010057419385939648,0.002328687160793775,-0.004369252535239928,0.002866433379199872,0.0002925360338931164,0.009031853702643734,-0.0029634525951416635,0.005992727000269701,-0.0004440636320008618,-0.0029779821888869114
2017-10-06,0.005469614851920751,0.012341914805070714,0.004794457589587944,0.00686459085638555,0.008859749626794202,0.0028181353898297087,0.03094683249134848,0.01809246723234709,0.0014376441436145034,0.010180817702491846,0.0023871359242911465,0.02045334439811581,0.004465441832520376
2017-10-09,0.002555685991034553,0.0023295014567509043,0.006178497425079008,-0.00010904522135652454,0.0029446929005822525,0.0017310715265327864,0.001709462905683148,-0.009534283130607776,0.02307521524531372,-0.0036329137963415402,0.010557121869986703,-0.00038691878089309697,0.004146632044908927
2017-10-10,0.003932073519886278,0.004297786640065719,-0.0032282881786423493,0.00218280966307647,0.00258453698974946,0.0017281775602710659,0.0009946908094969394,0.0076788129368040945,-0.008635218533716264,0.00685620007186296,0.0037121283602533457,0.0011281408004284758,0.003984264660244108
2017-10-11,-0.009906153978135008,0.00549009503964968,-0.0006885811118158304,-0.006325562894940934,-0.0093983400687624,-0.006171955672827627,-0.014371045070765505,0.0007284232840565939,-0.019480599333889643,-0.0002440698650742828,-0.019348621238540784,-0.02430894844060985,-0.008383552298772462
2017-10-12,0.010472826557124249,0.008866241719214178,0.011294766718198068,0.010162342512136187,0.014296955234435565,0.008863036264974934,0.01970400755429941,0.01947314837623014,0.016644766963164245,0.010803162034967187,0.006254171023449567,-0.0004621741498657646,0.011121476739149266
2017-10-13,0.013370132716670787,0.003934827999977508,-0.001522340911119019,0.0005462442143670841,-0.0032945169644716093,0.011735756488681559,0.011453778592506993,0.0018257503399839341,0.0030127646569975265,0.011806967171495045,-0.004508346038800235,0.005663762546308667,0.013806928563534849
2017-10-16,0.0005628642686818029,0.0034176909960114453,0.00676890165861236,0.012428854874788052,0.01527725461036432,-0.0004279816254236482,0.01856071668882151,0.002395091505642823,0.011086869090704212,0.01079901997009532,0.0044256542531643725,-0.002087206373484413,0.0003606700606609779
2017-10-17,-0.0023284067906014214,-0.0017256355072690303,0.0005211785218420434,0.0004501838413728664,0.004940035154514672,-0.0026657926083922426,0.0032886122685114876,0.0012391123710885057,0.008885807185696277,0.007306037661985761,-0.01770364668545181,-0.0004278657923021105,-0.002273396654045732
2017-10-18,-0.013556334121550455,-0.0029790007149209643,0.002459861390450494,-0.004828181310609848,-0.012183106344258529,-0.009837124099418811,-0.003742618236024866,0.026300961559864174,-0.0010412628036028425,-0.00036623329469959176,-0.005503161620554287,-0.025167575178329835,-0.016293078605996474
2017-10-19,-0.012582020873139204,-0.0017752062039366502,-0.004059410934188931,-0.005400500618839888,-0.0030286720208998713,-0.010005430516400984,-0.008809494387764181,-0.008114330073212597,-0.002433979616700509,-0.0020093720610956625,-0.003527150970853356,-0.006638499453691745,-0.013822566571986723
2017-10-23,0.003291210071538424,0.009781385426275184,-0.006306032901716651,0.00020254167008055258,-0.005361698507006407,-0.0005386195129549935,0.006081121498227584,0.017770373972277903,0.00935561969405356,0.011313907037709748,0.0022398277818959983,0.01271326538850034,0.0006230240862213688
2017-10-24,0.005516333372834174,-0.01033246096582169,0.003291329054351491,-0.002699439452190767,-0.005485474687173851,0.004922703365362386,0.003921344414903199,0.004221411708267885,0.005674484642707687,0.008902321779281706,0.03544892544559898,0.03721390156448141,0.0016314736847113018
2017-10-25,0.033043277824941306,0.003727645276500938,0.0052873040045844245,0.006324704538286069,-0.015209923328780607,0.016548358684896174,0.0036865327767933915,0.007445538980793839,-0.004123759132601379,0.024670167600495684,0.006424687540245032,0.0525912920637569,0.00634209210548281
2017-10-26,-0.0005474171664930768,-0.0038884328632562064,0.00023399841700808281,0.005571725267294345,0.008692377122899997,0.0011525473531582146,0.02029589823811889,0.01253095374107876,0.004295170339086133,0.00495679951085072,0.008255413133704924,-0.00533870493316857,0.001052461910254631
2017-10-27,-0.0073262340856926084,-0.0019314702535973402,0.006626672124903357,0.0093474665871909,0.023247171096690934,0.0021882977493738816,-0.0016841062181043238,-0.013267431579780319,-0.005156422671219301,-0.009247293168362855,0.014769615175911882,-0.042969032882589464,-0.0020109549511806634
2017-10-30,0.005980570035989494,-0.0007137479796019623,-0.006884058159022548,0.009549641478892975,0.010796319670138636,0.004269429314744233,-0.0003168828851520604,0.01001774432228157,0.019792552782778992,0.009777964000756744,0.0037099755841838817,0.012097079216478259,0.0040689209999704165
2017-10-31,0.0012317729896183514,-0.0015120104958622146,0.0019522390100274196,-0.004956911428357349,0.00011792317088856877,0.0013001995473882963,-0.017262531102611275,-0.0014219868561237406,0.02848052476628073,6.979876827099699e-05,-0.0026145877113804197,-0.021683001680322125,0.006724403833908969
2017-11-01,0.01865431679683514,-0.0019026000190268135,0.015300267364625019,-0.0005718433305146144,-0.004566601652997773,0.01953300491862938,0.017858150769331622,0.005093380273858523,0.025613311278077075,0.008299108128537888,-0.005042473014044385,0.03574124998473747,0.01744343004615162
2017-11-02,-0.0024803629651614445,0.0026357959935339372,-0.010012080225716122,-0.007122625321733211,0.029719113073734385,0.0025978329136793063,-0.0013692479788701786,-0.0024506838120588424,0.0003200707484275773,0.0016184525180960847,-0.005116082176461202,-0.015313134842810609,-0.0004412412435017922
2017-11-03,0.008747349252425849,-0.0006271465484374198,-0.0012942277749787084,0.002726156734518067,-0.010783083186039674,0.006296541083761134,-0.000659973546932818,-0.0023740150168897146,0.006856421398693071,0.00369729395280378,0.023633405463333694,0.028849515606758826,0.0052862378911156735
2017-11-06,-0.0031060129491066795,0.008346852979567786,0.001216777141210088,0.01313192561375894,-0.00031332817889327035,-6.166967636736624e-05,0.0033839941094339736,-0.0070727728742163145,0.004439499719423314,-0.005897318642285124,0.001063899213439634,0.009114683170363277,-0.005599562295482028
2017-11-07,-0.010628778341507925,0.02191737527246018,-0.002363235094751456,-0.011533401152550873,-0.031715052911138505,-0.010640270348715479,-0.01689396226770094,-0.01967143335201425,-0.022720899276235884,-0.017762668218998107,-0.009474245506234658,-0.040037624636253565,-0.006824257864711482
2017-11-08,-0.004613268670993126,0.006584088487509227,-0.0007611159411185322,-0.006876048314368348,0.0026575911967966622,-0.0058044369231411925,-0.013877696399052744,-0.014256901235978604,-0.007798656630326364,-0.004479808984645048,0.0014040028513050745,-0.020179674515997552,-0.002836270233871838
2017-11-09,0.004239642244656946,0.00022670622907546378,-0.0005906336694750243,-0.0010312323288292904,-0.006243875436324479,0.00032331747002853004,0.0046213510177710694,0.005632984848430893,-0.000979072529073503,0.0037886743817304907,-0.0010094165698960134,0.015342251415842641,0.003280741428111658
2017-11-10,0.008174837954151,-0.002305229148211572,0.007528121034303794,-0.005082942992903261,-0.013266028065344526,0.004357494271537975,0.004134554431493531,-0.010608765201108004,0.00016321212660477203,0.011461844530213719,0.005617801939377714,0.0422918003868537,0.0026554267638909503
2017-11-13,-0.0055311083312405,0.001215596799101004,-0.009931287716876028,-0.004610333711442503,-0.007832818636634008,-0.009146103741813167,-0.019117333317328476,-0.009112398660462227,-0.013972447814734352,-0.015165527670174863,-0.005254950831693597,-0.006606853640478177,-0.005515633247109303
2017-11-14,-0.00291058078275749,-0.006021026469212923,-0.003313583379113985,0.0020322688488030355,-0.0032958147698458214,-0.001926702873410178,-0.005221253724027468,3.639712275455629e-05,0.004789084328745849,-0.01185303167852769,-0.003223194526406776,-0.0065369151984508425,-0.001658101688448824
2017-11-15,-0.0026018005903789385,-0.0041136186174275625,-0.01202494173956805,-0.0047708869263673745,-0.020100875703928565,-0.00398659937920442,-0.03008151527988011,-0.0044940988363152525,-0.018120393789938526,-0.012575474720616502,-0.010883666374176402,-0.011370462110090228,-0.0012030585910845146
2017-11-16,0.008988421735972259,0.01732202909170474,0.010647922669228668,0.00474401440039415,0.006345356982281861,0.009117977889590168,0.01002893284833991,0.014604747919267067,0.013165800665255148,0.008684223893922373,0.0034975804070584344,0.03173546785999281,0.005803742697519423
2017-11-17,0.011013307001485317,-0.014888612493750637,0.007981561035590478,0.008541383900089102,0.008676601351940897,0.014704700445501102,0.01875297683783584,0.006106472333283963,0.03593586582257828,0.005223203709816251,0.00014345988925416347,0.009482408105624075,0.011223982571962634
2017-11-20,0.0015612440902986312,-0.004485415810536186,0.0041217362777314255,0.0029152537255592043,-0.0020158482340761315,-0.001949787620163816,0.013025695158665638,0.009739514038446981,0.021020211051116153,0.00788340155885591,-0.0023459673134206705,-0.009271511548573523,0.0031308674879381025
2017-11-21,-0.0004308394533173846,0.0017417626369248661,-0.005909811075833495,0.003622175992858355,0.021980473976136013,0.001287559941970179,0.0013482039595116575,0.00934004539612559,-0.011482703953991457,0.002637677236549665,0.008654465854115837,-0.009170501758096236,3.180283182762881e-05
2017-11-22,0.00035519253761006784,-0.00017540132980202819,0.003636937072124242,0.002526354552366663,-0.007361264025745604,0.002541654627202801,-0.0066013515050045305,-0.0006045320039497984,0.0026858571422339705,-0.0010060430189687268,0.025723634068639444,0.01252607620797129,-0.003226409278232393
2017-11-23,-0.0011805450452384147,0.010121717455200909,-0.0004265028895626757,-0.002451342634489742,0.0016369646061547224,-0.0031804772711815643,-0.0025973784738329998,0.008276415598812516,0.0006309533554154935,-0.003763861525888987,0.0026210314110735517,-0.0036285007447530173,0.0006234430342260051
2017-11-24,0.001684951794491645,0.00672681076290449,0.0071700508991988186,0.003982629372446955,0.007621594913399676,0.0019865433386125736,-0.00569289148373938,0.005021986496683733,0.0022050148993441303,0.0032392329298792755,0.005573752498303454,-0.005698280387632372,0.0029102495328173126
2017-11-27,0.004346618095366788,0.0006940215736085619,-0.0024826890233994505,0.0027003724016271937,0.00046980096150481585,0.00364375654451478,-0.006968086305985561,0.002875217583020451,0.008616016660179325,0.007925674148115723,0.021689962965677198,0.005474965703721537,0.004196557889723017
2017-11-28,-0.001760758502729539,-0.0038654625318516726,0.0011437724576377583,0.0003244490356835269,-0.005372695272028548,4.741830923693107e-05,-0.0010433684644968306,-0.009397553279503803,-0.0043770397739646,-0.00830874306121648,0.007106855632519028,-0.011092980832981486,-0.001006121636765661
2017-11-29,-0.0019635831679209854,-0.0033460897962461506,0.0014024615016222052,0.001887490603616024,0.003572471382869959,-0.0027682871039950243,-0.0037411314627466105,0.0016886197670170457,0.008890352966627274,0.003031922995255125,-0.004144540299269197,-0.009341220791096269,-0.001528742855893596
2017-11-30,-0.018123538779966503,-0.010524440109924276,-0.00590039446625029,-0.011887881981269988,-0.012167547804493258,-0.018301522379202642,-0.01176995572832951,-0.015371880006262686,0.011118107329417945,-0.004878252166254717,-0.008431228581909356,-0.02335956840974993,-0.018242178534285912
2017-12-01,-0.00555974360397773,-0.015124540178746567,-0.0059529937420317695,-0.009314575316723514,-0.016908526561660798,-0.0066760093197618395,-0.016570588598139275,-0.013080241807861503,-0.02000846029604528,-0.013294305269725656,-0.020071721352664756,-0.023599632079993525,-0.0029481471823291066
2017-12-04,-0.004649138031885062,0.01208816187167015,0.0035469000550494576,-0.0025147864484050724,-0.003512340784007694,-0.0014246074698830138,0.003545518487055329,-0.0028409531506803642,-0.003767016471437556,-0.0011098981806741618,0.002778252583307205,0.0036570024107416012,-0.005918890063789265
2017-12-05,0.001982019610351272,-0.005088885165875007,-0.0024235263939131548,-0.0053502434391181864,-0.0009781195391593495,0.0009466930950787805,-0.008186026728854658,0.0029091086734843886,-0.005519212725560547,-0.003004234900184108,0.009094316065150264,0.01360888186948821,0.0013898885791859834
2017-12-06,-0.010927135634411089,0.004479584532805329,-0.0028645050699388783,-0.007214779560302852,-0.01167335974923122,-0.012960098927432726,-0.019742898809885577,0.0016483264495045589,-0.00332626678868154,-0.01196175428331127,-0.004063856984061553,-0.02124276009171378,-0.009076164080971323
2017-12-07,0.008233008273162229,0.007968206040094275,0.008803052323866257,0.01931193416284998,0.002480663959211863,0.0077668191536799346,0.018005834242186793,0.013637294444897755,0.018548139625743094,0.026537282979311457,0.013798486092472051,0.012397030025649729,0.00844660242806183
2017-12-08,0.010476790272759518,0.0008864606189922455,0.023356901935179353,0.010755742282227108,0.01528917836918496,0.012652283949610335,0.01342861091897686,0.001210726346461283,0.007293092052200796,0.004863656681218554,-0.003375210816265186,-0.008313927215265514,0.012909344427274977
2017-12-11,0.003300093363602324,0.013388378774306207,0.009407756688730133,0.005921355104657751,0.0095873386406326,0.00643742610993958,0.0017139139697523165,-0.002751795430248576,-0.0017020902924566438,0.002465518872041413,0.004713162930621621,0.01110054089425805,0.0013567457704896746
2017-12-12,-0.011058891089004062,-0.004562654193151078,-0.01341435810233609,-0.008217767802706956,-0.007320357281739826,-0.00928322304028386,-0.008378021633398394,-0.005529955749807626,-0.015765622286022213,-0.012145046432533904,-0.005860936679977494,-0.0026945160625237025,-0.01232081036092103
2017-12-13,-0.004991416649921001,-0.0018424673526077795,-0.0073905510833727015,-0.005881584838440669,-0.012835453802525649,-0.004861969284089559,-0.015593554973350946,0.0020041151538433134,-0.02162930351233208,-0.009889839776748973,0.0004834570236039577,-0.01847754351459221,-0.0038036272198343143
2017-12-14,0.006691452725316558,0.0021041504179705314,0.008511235077075486,0.002796864872955387,0.007530313850337614,0.006016736598884838,0.002144557669175071,0.007867304803476463,0.0032102756302481894,0.001561207171364223,-0.002646604440987081,0.0034664267960424215,0.006501933423000351
2017-12-15,0.010753347452468424,0.0011433776691002575,0.0017987625047890437,0.013383613098517022,0.003241426332163963,0.01036745539420728,0.026242191559147247,0.0005105588970160356,0.016686918785014736,0.005272813766412456,0.008714819877189204,-0.001965990176512957,0.011554514192291712
2017-12-18,0.006044900710973467,0.00238019805118619,0.0008603679814990846,0.012210653560649033,0.014200463998578413,0.005718881863210793,0.016502917983000742,0.0012523918577018308,-0.005056121117202347,0.007843149506896246,0.005613745342933084,0.023222547917062738,0.0033631023787755792
2017-12-19,0.004741623328038521,-0.006610265116050659,0.009048426719902872,0.03417078452114645,0.007468984497939659,0.004238101581640753,0.014491116060611754,0.0063923423030324425,0.01602801801845112,0.010155841474083197,0.00910932056899986,0.0016597769435885681,0.005838967701256636
2017-12-20,-0.004853043702880286,0.005637648629566698,0.0013383562679996721,-0.0031571713563014066,-0.001528127115606786,-0.004409890303933248,0.006615956147614727,-0.0034679409789368236,0.029036564958879765,0.0022272390978686856,0.007222269888572635,-0.01159730274207456,-0.002809065051079087
2017-12-21,-0.0014624360976855436,0.006182051954852938,-0.0023165677359259437,-0.006483188719845988,0.0038855659465405457,-0.00041052957165654315,0.008749493858232,-0.0008276325193815298,0.007542651260611217,0.011647273989839191,0.005141639637289406,0.0012674067445111578,-0.002231669364039115
2017-12-22,0.0036814062871445277,0.011155865764878046,0.001588678472185009,0.004565739806433195,0.000536244820335076,0.004920184880364051,-0.00014325773518508974,0.007532221959003811,0.0016517393435815004,0.006284982541719141,0.006901686029738422,0.007858883256944796,0.0024758017828685175
2017-12-26,0.0010404347169632841,0.00047806755685796386,0.0005501688548902744,0.002339874248748235,0.009539879260022513,0.00033727121374045664,0.01203882435886047,0.0058051616744684295,0.011338292023358065,0.007358499598042278,0.005599781279268117,-0.007133495298119306,0.0038661001646597805
2017-12-27,-0.007003929216713562,0.0001607192486821829,-0.003298230192809473,-0.004496230209134329,0.023495137855545897,-0.0067817960563474455,-0.0016484180636351018,-0.007680315772283521,-0.006399289506907152,-0.006639535474839391,0.004434447738530497,-0.006587299572169798,-0.007161416315267788
2017-12-28,-0.00023735322308466184,-0.001117083020305427,-0.000865741663873017,-0.004027216363070135,-0.005789578166049986,-0.0017374410578425543,0.020550909264535976,-0.003057224850936977,0.03000228621491195,-0.0036692207734688098,-0.002877244395358401,-0.019593255483465435,0.0007521187734810727
2017-12-29,0.0019380890977915973,0.014623221445203071,0.008886200261792465,0.012741411004956784,0.0037386893814227184,0.0035959609332018683,-0.005012617727319993,-0.002747248928485691,0.005202288591070485,0.009113567635114608,-0.0018024907832645126,0.001649790139244856,0.0029287264272603573
2018-01-01,-0.008704769882079117,-0.008609053882097718,-0.006169501228361711,-0.009974910895606325,-0.00020263992376330398,-0.009732046916626848,-0.005331229982709748,-0.007774354895007787,0.002303537740505246,-0.0002337311360179768,-0.0008375028298476736,-0.0058948451272951,-0.008455286477409157
2018-01-02,0.0007955814612625986,0.003159485709913471,-0.005744098518322389,0.003077584812258038,-0.005457761863684036,0.00237820983507109,0.0060162979563502875,0.0016571789115117934,-0.011134540605393616,-0.003939887914353704,-0.001329783535002265,-0.015049601775405548,0.001845605590704053
2018-01-03,-0.0007758327085962116,-0.0013497246821318149,0.004321040375020835,-0.005072778152366537,-0.004846658979934969,-0.0011595792684842476,0.014440510823629953,-0.00032489784297014994,0.0046424167550484065,0.009246640144664432,0.0029031091040169705,-0.0002759876852623723,0.0014335208822732026
2018-01-04,0.005671394658589171,0.00035375768894429935,0.001544835837247631,-0.001986483590349492,0.01190938891834807,0.004093205076640044,0.02756518048935277,0.006298210467211389,-0.0018834468850967843,0.012422506807827197,0.003498467304963073,0.026543287460903123,0.0023786880204007756
2018-01-05,0.005453969109716899,0.0036814850794768855,0.008383811117887595,0.007264588852117276,0.006977159760697901,0.004238775880264721,0.004464702787146822,0.0001860109236406555,0.007224421215336363,0.009357183988477132,0.01442550172984584,-0.0069049762295644995,0.009462070034834957
2018-01-08,0.002895941138706207,0.01224255869931175,0.007645017461113624,0.0037567148869836462,0.014043742778757584,0.004453819897321159,0.008666145251269637,0.00532615163360994,0.00931439022881399,-0.00016061711508553168,0.012067213591628262,-0.0016388361115890556,0.005017502423750672
2018-01-09,0.0010783009143700607,0.001188066897562624,0.00472134384876805,-0.002696856349318149,-0.006940893054445545,-0.0019505703275280175,6.0002758738529666e-05,0.005922647677756579,0.02771119396832469,-0.005313969747764687,-0.012336392103814944,-0.002687490412781799,0.0011841464138961214
2018-01-10,-0.003370899305559044,0.02213086776940068,-0.0014175452965015712,-0.007168322401335622,-0.0022133117785550346,-0.003334301150607478,0.0007197524193811686,-0.0010691514249282995,0.012545882547354196,-0.0026002254907234183,-0.0038474555837790837,-0.013891488312655286,-0.0028211448347862955
2018-01-11,0.0017004564217406564,0.004006944275604396,0.0035620961817620245,0.0012474182306479134,0.002484447973284975,0.002071539346938906,-0.0014159824132358575,-0.0038104695920912735,0.019805280217974362,-2.6940836114121453e-05,0.004697289893731512,0.0034532502948621795,0.0007733666723240054
2018-01-12,0.0034293555933980237,-0.0003222350047482418,-0.004074866779638058,0.0030824380033093964,-0.0031770949404336508,0.004310620069949331,0.006177246115039743,0.006810334813182503,-0.014748964461610852,-0.0009178051099694779,0.016985963185068412,-0.0003983573830809414,0.005216040839143198
2018-01-15,0.012356740008072907,-0.00883289742691811,-0.0009288544081525745,-0.00964469294556723,-0.008463229946814872,0.023836379651448743,0.0014907131349474613,-0.0019792344318090706,0.00027260762336300516,-0.004031909762823341,0.013988134636864982,0.0018394083449921044,0.013164412589911327
2018-01-16,-0.0036238508915964213,0.03479592568938993,-0.010985192715193638,-0.012615133527064875,-0.0037649194322323435,-0.004558084665794418,-0.028857886190243886,-0.02140665766507499,-0.03438096875368842,-0.010617287716755295,-0.00683143150062854,-0.028517323425480027,-0.0008554768214286358
2018-01-17,0.012023752589507372,0.008048179370988081,0.006313130235979022,0.003971889881864743,0.012479630087046289,0.009390810579591706,0.010068366546193145,0.0025242066227108544,0.00856683238145514,0.011999137378295284,-0.014673580440056455,0.04081179420925682,0.010255745235505117
2018-01-18,0.009400644985396476,0.003131199053419961,0.011144999463323601,-0.002611895537901635,-0.012167940159991095,0.010463755282740406,-0.029275744357174997,-0.010456942827077828,-0.03994255240858978,-0.015306799057541193,-0.013469629572257677,-0.01623830018529884,0.01072742941268117
2018-01-19,0.013924326259558549,0.005010964027581065,0.006169714518654511,0.0013239442714152471,0.001178308077206031,0.011023933805422527,0.008602824306784974,0.009554892965522057,0.010856298656603392,0.009699702136169261,0.006531586093788977,0.021588520800058023,0.01306181731501297
2018-01-22,0.004882200215407276,0.020456088237623366,0.0032889149986198053,0.001138272749267123,0.0017623342363517413,0.0017955460174727844,-0.006779012511422441,0.019749803139740004,0.018966770106557024,0.005647751494377379,0.005071076143762437,-0.006814323260993207,0.006969061349515179
2018-01-23,0.012838280306697604,0.011868091963398568,0.005551809153912476,0.0029850744781598788,0.011584870891553387,0.009143862954807779,0.039845542898371354,0.012883403724707258,0.006617343643039476,0.0031628781877775,-0.0025182236494934404,0.0389675976172099,0.01172234347141396
2018-01-24,0.00029024959422837535,0.015259705886548515,0.004585827121756039,-0.006086250101858357,0.006032629323066071,0.0015352317183006847,-0.01733575178650216,-0.006322719206118486,-0.0008423074992169914,-0.010404846716309597,-0.0033298697653619696,0.03428339308565508,-0.007734975074198227
2018-01-25,0.0017175988258195578,-0.009989706492161712,-0.006206262960451192,-0.012684554088187349,-0.009946107147950507,0.0018178201629469926,0.009183132784701278,-0.002699281514108661,-0.0177121173064399,-0.0034696511670278614,-0.008615815024988711,-0.05293372154755901,0.010382490481991349
2018-01-29,0.0019218625965606354,0.009457486078423569,-0.005758630222401144,0.014720293728476276,-0.011038096853268306,0.008739644765769931,0.0013775244596129156,-0.005865546348033081,-0.003436956635508049,-0.0013830353175524309,0.006635224189022363,-0.014191275025763755,0.0018293050602683433
2018-01-30,-0.008377177695598693,-0.01021242317139233,-0.0016433797986296307,-0.004333598841514535,-0.006129500370513984,-0.010923168426358678,-0.005958549648034947,-0.0008695773824687217,-0.010817153523767917,-0.0035827773490531263,-0.009032970957918449,-0.0005804781401647006,-0.0112297273320239
2018-01-31,0.004040290835773631,-0.009316245171109927,-0.01408526401055154,-0.0013769483377750601,-0.01887294519248223,0.004806353460090011,-0.012319707457782155,0.0059259703733450155,-0.0002899944500018526,-0.004507053447048268,-0.002905044739481331,-0.005647119323851523,0.00514735031302525
2018-02-01,-0.00581501495268211,-0.0016801500041199878,0.008245380879935418,0.007011182203476385,-0.024381762888920796,-0.002702991353767159,0.0013640494142398204,-0.013235849851879087,-0.008156230142813976,0.007856896892167642,-0.005633613719305387,-0.023260190203249143,-0.0022168283999862964
2018-02-02,-0.028678003165996443,0.0014644564145274172,-0.006300937051630481,-0.034066355704497946,-0.012740936858823281,-0.03118432173068457,-0.030701777771770952,-0.03351050192364347,-0.05439208196539749,-0.031941385899453556,-0.03593322442632585,-0.029409942588282337,-0.030755458380486562
2018-02-05,-0.013412236786046038,-0.003603269171257321,0.000426677424730615,0.007444400597133055,0.0029538041324942816,-0.018705303868435497,-0.005523928719020814,-0.000646250181297377,-0.004530138820609489,-0.005399811488519605,-0.00029883305041576545,0.005723829547772714,-0.015669585224523136
2018-02-06,-0.011075063167863742,-0.029379508978590704,-0.01927494433395789,-0.018141164200897064,-0.022101424958831488,-0.010598673237361578,-0.016576006167780197,-0.01336031012855469,-0.018966902970952836,-0.011276845597431907,-0.016347002681947043,-0.02127570134470316,-0.010353514024376531
2018-02-07,-0.0054894039796682245,-0.008979591075380846,0.0022825535221097453,0.0029513452702671847,0.007249947423379638,-0.0030834725648739058,0.004585534563274332,0.009054331041066248,0.016772506457056018,-0.004433728649946437,0.01595837156392009,-0.0018044888159483613,-0.004343464169976969
2018-02-08,0.009717005736215987,0.011047128763755843,0.00198238775902866,0.011476741166823163,0.032678080459227384,0.011034788546015719,0.014508570949508377,0.0014507620966398326,0.025408066126480344,0.006348403294620353,0.019863846629350656,0.026050580068967218,0.008033216650811904
2018-02-09,-0.017788057922170124,-0.007627262695012707,-0.0045761265255449485,-0.009694963818444122,-0.004317062763723583,-0.01797539722612524,0.012609253968598431,-0.006398354202535476,0.003512239651654079,-0.008739483568905066,-0.009586585862092415,-0.012193239391526637,-0.01825255946225891
2018-02-12,0.009301303189794172,-0.00562303861779001,0.004411837210452507,0.01150480620393968,0.012649368999144803,0.009030445165218361,0.010617240497881387,0.013805015029760217,0.01677913417407442,0.013517461499569394,0.011168189285490706,-0.002185845404589762,0.011095779499828944
2018-02-14,-0.014119739960282453,-0.0002133742248416071,-0.005132204446423703,-0.0025637984188577366,-0.009763837404512239,-0.006068403085188173,-0.0010429868453187099,0.0035945935108610714,0.0034419021306223026,0.003572095658533275,-0.00416427554281061,-0.048976616398754114,-0.011626716516533034
2018-02-15,0.0032738960943053896,0.002934498518090992,0.003312206468128894,-0.0025483639183915183,-0.004518713077283117,0.005916942138659803,0.006883527522979234,0.006399223953485826,-0.01021037222884456,-0.007286349471478552,-0.01155692143262283,-0.011098386679681374,0.006066256308196646
2018-02-16,-0.010296960008537361,-0.0014902765857536427,-0.005041930363372206,-0.01714925417105448,-0.002893087746957123,-0.00908435582047554,-0.015154147169785796,-0.012031468253976411,-0.012452630423852033,-0.01119703128477645,-0.015036286106572599,-0.025235099301743998,-0.009406126191080937
2018-02-19,-0.004195296458056363,-0.008603411828674046,-0.007079780318054418,-0.01248471826033069,-0.016805456077960395,-0.00260256713548334,-0.017233577571031937,-0.0016896899354592822,-0.014313516903286253,-0.014488129388036945,-0.010085240438980524,-0.024891405938110494,-0.002108966106012079
2018-02-20,-0.007375947440202458,0.0032869682138273494,-0.002084605350343863,-0.0012534442420758546,-0.0007923463355250065,-0.005437462862687094,0.01092549383749243,-0.0021470514790194882,-0.0052843819133770835,0.0002505944073563377,0.006820558262901098,0.008291809156660463,-0.009097917511268079
2018-02-21,0.002501433783586116,0.023015495905018554,0.008146885235875104,-0.0018899891733570099,-0.019856016916652106,0.002352491361307382,-0.013809754579257717,0.005100353439860399,-0.00688044061347126,-0.00178482044348081,0.0030534208097250945,0.010828882970535041,0.002106867354755993
2018-02-22,0.0007415337309543212,0.005529700297498668,-0.004195526846685925,-0.008650751470748484,0.0020727997831227903,-0.0008364607992180617,-0.0019958168136477565,-0.011005814046456648,0.0031333255123553814,-0.003475486603731373,-0.008335654699154652,-0.004963872308304276,0.0023156377168934037
2018-02-23,0.013821024755131951,0.011007352029002444,0.007873100345937342,0.007260650541179872,0.026024572116312015,0.01168030767548068,0.031390054620644814,0.010875559539355284,0.009031497014492972,0.014122243174486333,0.0096629055475118,0.01111078763877223,0.014609139016846098
2018-02-26,0.015116896846281409,-0.012351481483944713,-0.0009022018027085815,0.022142563648516373,-0.0033370016649386515,0.01506331187080608,0.010653411215448324,0.006708432934914608,0.030832742706878042,0.015767799426395435,0.019301526425899513,-0.007061927571874536,0.01838054655390613
2018-02-27,-0.011916783876721113,0.002643322818557555,0.0030857570870772154,-0.0005730777939854907,-0.004605066532790921,-0.011016904570363362,-0.008558221076068859,0.005917152383047682,-0.01667210518061549,0.0010921333808109025,-0.010761728204283958,-0.03550516656845801,-0.009890717519839921
2018-02-28,-0.01094061407904638,0.004867804460043498,-0.008057607516967623,-0.0007212295214914205,-0.007028637578388123,-0.011671218635081086,-0.010682880077060232,-5.7162182423064636e-05,-0.0007644675998506941,-0.008307484047158026,-0.010244438884366887,0.007040169128122343,-0.013393363467763413
2018-03-01,-0.008192416640167502,-0.003092434131379229,-0.0008055537434505547,-0.000941539425104102,-0.004754455762256633,-0.006390658026080508,-0.008409639533917098,-0.0021787147205207676,-0.006598639508560647,-0.0026103237830612126,-0.014631246678522445,-0.018835526169826894,-0.006899174142458008
2018-03-05,-0.0033729086447446413,0.00688338060461044,-0.012442912296382565,-0.015833427123585098,-0.006971083083650052,-0.0033847981924343224,-0.03339757610453959,-0.019868770765574834,-0.00990264093292645,-0.010128573252758752,-0.00960626585347332,0.0005790244520911299,-0.004627171297525754
2018-03-06,-0.01503051925761537,-0.01185683295447023,-0.010486738596373446,-0.013789081888847709,-0.012070341384375757,-0.013331396159817474,-0.0036351221621216566,-0.007657237518767742,-0.02296416714742571,-0.013274745761228104,0.004152475018563969,-0.029148510187693367,-0.013647028788132202
2018-03-07,-0.012941095235870673,-0.0022809712153871084,0.0065174196675746015,-0.003035630036649229,-0.015497378173130379,-0.014426233100123878,-0.011581373350735707,-0.01661127660839625,-0.00911060767070186,-0.018528355811967767,-0.0029311961746154316,-0.03639609222649634,-0.011048192546693947
2018-03-08,0.014134714251167227,0.0004140451950657789,-0.004148880128422913,0.00979565338020622,-0.003331182467600722,0.01525419221110499,-0.004502614552648668,0.014215527397012595,0.014189196869150041,0.010214360473933856,0.002561428621029306,0.027622330820906753,0.01174438733011839
2018-03-09,-0.007430261773320665,0.0051003257188568865,0.0025725387336133533,-0.0005876473893947482,-0.008262145972477243,-0.0014604908866251095,-0.018229610505961537,-0.0009081837710775291,-0.00047500243830514606,-0.00306243437195223,0.004597128677817233,-0.018219057091214637,-0.007252323065275663
2018-03-12,0.015022566295201068,0.013724089789110017,0.025908493938698415,0.014356873092988566,0.009932076464969778,0.014858324016683274,0.02112740526932253,0.021796366288694902,0.005370354632081042,0.019828303684294155,0.008644853562122185,-0.00471693151851125,0.018735554552448876
2018-03-13,0.0030140809365595384,-0.014748349062296042,-0.0021818797021169096,0.0016734437785581972,0.012869201143500729,0.003661109570631591,0.005295360547497184,0.007112110873509046,0.014233503037533669,0.003443089613130554,0.005837905149241756,0.022987571601591983,0.0022432152798708633
2018-03-14,0.004557324862696012,0.004133832081319509,-0.0042368190223250595,-0.0003344824559650931,-0.0012116708826929825,0.0002936379730066586,-0.005706872302781564,-0.006548514690240138,-0.0051382733962459515,-0.002514962023998899,0.014842196302848335,0.017335141552145675,0.003957842770611227
2018-03-15,-0.0024092381317261154,-0.0019296377211709635,-0.005701764474330018,-0.0008004223887384787,-0.0035689448715950436,-0.001387146815786568,-0.0031254388603834888,-0.012802577365865426,-0.0010932467654657797,-0.0027132113408029983,-0.008933002129730206,-0.007370728502141154,-0.003083229333412452
2018-03-16,-0.012268410941149905,-0.005019465115614755,-0.01255514206925012,-0.017373530859604518,-0.014375282359421667,-0.015754821339115217,-0.024023505109941754,-0.018304928600206116,-0.016227293972255766,-0.01763733725591422,-0.005561542200681173,-0.0027247973261851424,-0.013210193342301786
2018-03-19,-0.010031965135705858,-0.022063306846541238,-0.004476029580165636,-0.006873550212219901,-0.003974215055686629,-0.009688124788126248,-0.027023051415563826,-0.0071233229141660845,-0.02982408637623366,-0.007436631218038501,-0.011858928342222607,-0.026682978805761065,-0.009522509267261082
2018-03-20,-0.0031768687801567923,0.015006019331976084,0.0041631315778994,0.005694298002783201,0.007699703657030517,0.0019905804703383664,-0.003187225178697308,-0.005973193529570906,-0.004099374602109411,0.008397981768358058,0.0037096611208454694,0.003374537396024122,-0.003941156950851379
2018-03-21,0.0036098572570732266,-1.9827147547932685e-05,0.001879663748469335,-0.0013836237036367058,-0.006226579026365629,0.006551073164671203,-0.004609138662211018,0.006070742410634054,0.007856094133611801,0.009384732572465783,-0.007033990594054959,-0.0007333427365467784,0.002809892678747759
2018-03-22,-0.004715205987432636,-0.009502650647394008,-0.0021811071727130074,-0.008942652574540225,-0.0060531784051864905,-0.0057767112664291395,0.003187760563192741,0.0035695553993742852,-0.012137305412046401,-0.008244295830522736,-0.012973755647536934,-0.02029290345225584,-0.004161165290933283
2018-03-23,-0.019706996680672086,0.004114952780183769,-0.004855017468972512,-0.009305413624637656,-0.01745132268825779,-0.016710497831608224,-0.029396397683968192,-0.010051884136683469,-0.03373081784923887,-0.008327892878863031,0.002809736683736517,-0.03222674221573229,-0.019425051540398322
2018-03-26,0.023958279267711532,-0.006295076980490239,0.009942609124234805,0.015234408943076405,0.007548783942969616,0.02322714487865221,0.021180618537332073,0.0030920784077052934,0.011707885169643419,0.0141895333746181,0.03289086072640541,0.04823076143831252,0.018924280453853793
2018-03-27,0.007798185679986596,0.004467458442461566,0.005001093836450167,0.003950154710795493,0.0073621421408246734,0.006094818962126282,0.01810923284943135,0.00557172892680752,0.002863662741117513,0.003690670944256982,0.0036683552273038414,0.02935333763161386,0.006781476189341269
2018-03-28,-0.007014795760195707,-0.0005313988978314046,-0.006590070397046896,-0.002067878663021696,-0.01123713266784997,-0.0060458346499165485,-0.020611416058242044,-0.010557693108529479,-0.010823756178381428,-0.011143273057646199,-0.017792990519240732,-0.019438128146332535,-0.005816641264747325
2018-04-02,0.0026814881033637343,0.015508659556412535,0.014214831951832154,0.021673860785268586,0.03095851945908229,0.0052518693529876904,0.007657330881323096,0.005817669281988472,0.007960093437263872,0.015367848545762253,0.013989637453858053,-0.008407695942706126,-1.8264472704475718e-05
2018-04-03,0.007457165293425982,-0.007238592870805242,0.0001886511317072713,0.008554025328924438,0.005073680675548439,0.004870575269843003,0.005718822361102938,0.007756915158766853,0.005047966400991429,0.008484003172352117,0.009407126020852983,0.016348966014188122,0.00994118012518893
2018-04-04,-0.015670524639273008,-0.009925923765517406,-0.00220560901053889,0.003990753959826759,-0.01104793521619476,-0.013886486208089384,-0.02603943187309812,-0.010555930084257929,-0.013178071892083363,-0.016742267174614377,-0.017193632519758757,-0.017084891725496917,-0.015303432050114843
2018-04-05,0.025786303535004072,0.015230672498659864,0.008598663319425484,0.01841307930979024,0.010002944184848678,0.02383538708418148,0.039820989823417204,0.01332559486406216,0.025853419287159164,0.015347945526241455,0.015497949878799116,0.047983454970278956,0.02558356046323339
2018-04-06,0.00456749665133199,-0.006264396849615738,0.004840902676139303,0.0033259986723402956,0.01339814164473658,0.005133503153024699,-0.0014417678558869774,0.004360613744157604,0.005618860171532093,-0.003501746062075558,0.0019482600510926742,0.008932450326489722,0.0035698574037000036
2018-04-09,0.00883193503708939,-0.0057410705815524815,0.01119576443506454,0.002461041867904249,-0.003911932195140904,0.0059669268569734115,0.0015248976908369574,0.008914587945604678,-0.0003296723502212984,0.0027671109328343928,-0.010980830902499303,0.008245836980190017,0.009175041470374554
2018-04-10,0.0052861013557452255,0.0036124032372983643,-0.00015679431744956726,-0.007498107551687363,-0.0021252209743121684,0.0009728619934601844,0.020239566322444547,0.0018606486183451916,0.010821611897657873,0.008765617498163559,0.0006307641672582934,0.0066948845795435285,0.008194533082019792
2018-04-11,-0.005108811514564571,0.014410758600975822,0.002062228287191059,0.005862406102504653,0.004828020490354236,-0.0036209514353647727,0.01579753716671651,-0.004048708509719066,-0.0039216135455941055,-0.00010202244203760427,0.002908227945959134,-0.023605856297208322,-0.003293651475556443
2018-04-12,0.0038513601214007352,0.03156013508854827,-0.004352380411852745,0.0005193694972896262,-0.008798206760447444,0.005028793635574825,-0.013871839246336061,-0.0005045273615326725,-0.01934106502051341,-0.0014727295688012983,-0.00037429913473118967,-0.012759353834501505,0.005748065013203011
2018-04-13,0.00021827513279476033,0.006981088575550337,-0.0021674985990743074,0.0005016390701403469,0.005230917029564238,0.00133010566383904,0.009439248192069474,0.004336870939474569,0.004496655573097831,-2.9214503934492177e-05,0.003244285456337566,-0.00479947546600428,0.0017958732099691403
2018-04-16,0.0047603414031615445,-0.004334314643684739,0.010481139492377233,0.003452328991311846,0.0155250464428293,0.008356717735492045,0.0016226607916738516,0.00033365941647163467,0.01615329022481198,0.00650201126668582,0.0035907896009688338,-0.007919194637906453,0.005708513235256173
2018-04-17,0.0005369534234593873,-0.003094953094719647,0.009835146041686078,-0.0028376361095593513,-0.004458928704470305,0.0023942272181124514,0.0010847789150460886,0.008193160394092605,0.011865314056265733,0.003242418142186164,-0.005503222661903322,-0.006342880722545795,0.0010476987751752676
2018-04-18,-0.00920554427283084,-0.002914052725154863,0.017286468905030567,-0.005291867737290817,-0.004285457311366682,-0.007440444917039047,0.003994087923202823,-0.003967716854917147,0.005639263897037248,0.0012131926564582852,0.014136639065773421,-0.011080092326422493,-0.00918871985387807
2018-04-19,0.0009495787648290125,0.01132319909796987,0.005565042784049782,0.0017379678432450796,0.004511989947193242,-0.0023884989149756367,0.04395472142881397,-0.003836851697177013,0.006406171561928283,0.010096063249186908,0.005616781872492181,0.0010804084104287168,0.0004547998958885317
2018-04-20,-0.007281797468902785,0.03479592568938993,-0.002211991372706698,0.0007388345128249594,-0.0011275297644155315,-0.007428470295537351,-0.007348067193813375,-0.012330508378742977,-0.009624712997273466,-0.008120505079166151,-0.009605854163776814,-0.02525791363311451,-0.009266114236438434
2018-04-23,0.0006732468626039079,0.007420136726947093,-0.0031674242183154146,0.004978851423578214,0.014643230805860798,-0.0020828984039260724,-0.0077131563470392624,0.006081016666180537,0.015990106617044864,-0.001052211153121506,0.0070660060903083586,0.006782634818909604,0.0025173547890619966
2018-04-24,0.0032578303740370025,-0.020120532136960922,0.0020195258264216935,0.0022067458957379434,0.0038195544394493274,0.006444164077301069,-0.019336071013831717,0.02066823658190123,0.003957893084612482,0.0041446485715880355,-0.016944378224970885,-0.01007488875432757,0.005758402598094113
2018-04-25,-0.009134275293262547,0.011409212254126184,-0.002339010003361973,-0.0016589534553738882,-0.009281431366498215,-0.007680687001544602,-0.013663559854958138,-0.004122850739399267,0.005986135839151122,-0.0023148464816062832,-0.006284078994474706,-0.01662548743294873,-0.008364016924311374
2018-04-26,0.007887613331388559,0.009617163261046733,0.011684894745171306,0.002717199117165688,-0.0005113883888891102,0.0013653928604121849,0.0003478996614076462,0.002897534498204067,-0.006934660436514605,-0.009502214941954898,-0.0002107118011106383,-0.011749135635644122,0.011325127458925548
2018-04-27,0.015224814134156262,-0.016660132440147236,0.0032108887692222808,0.004066347607951875,0.010154502514431216,0.012704120940973887,0.007025456935982927,0.014762312462818367,0.003473341395633669,0.008839834773757625,0.009987160682990671,0.037295607464429135,0.01638339547523219
2018-04-30,0.00538033356086483,0.013775717183456713,0.01186073119790674,0.0037875819053721743,0.008122761435224862,0.0057161029786298445,0.00291827702963542,-0.018726747352553107,0.01563753522479975,0.009204921819596106,0.0019647246996178343,0.01717029853526193,0.0022844553183286732
2018-05-02,0.0014364648210974027,-0.01672321584357231,0.0015783462089689131,-0.010162623797038093,-0.011059015494237637,0.004719193881214543,-0.03493572246816563,0.00011254179774893075,-0.020218578652066246,-0.006716151780092984,-0.002396865488044772,-0.02524927838582131,0.0021493802220898
2018-05-03,0.0014440918529917111,-0.020593282119602124,-0.011583807512377817,-0.0049259831918914785,0.0005856973021081775,0.0016441798757905756,0.00759744267476792,-0.004526752913625647,-0.016764183469699784,-0.010108681558324662,-0.005095624090164949,0.0007875673670735216,0.0020082994999394413
2018-05-04,0.0015667669413311264,-0.0015337915808978585,-0.010883567901580172,-0.011235966791117359,-0.016740348406178475,-0.0007542550638861621,-0.010798473643974455,-0.004844129350764052,-0.0014500339087166283,-0.005910143031213208,-0.006251725745123268,-0.0036029145661356124,0.00010575316202304185
2018-05-07,0.008025715765162417,-0.0021131939210567914,0.014394848943530799,0.014544352634448494,-0.004894299256617932,0.007220632112889487,0.017013693093100777,0.015985711970467033,0.011063952268525466,0.007288043223711121,0.016995318870177956,0.020053344595163978,0.009510625752274088
2018-05-08,0.00918136316469668,-0.0033762955667047427,-0.0010972596103208721,-0.0045710265493841004,-0.002413375486080314,0.004700612414330453,-0.001855060002213148,0.0012615478695151032,0.01173130853715757,-0.0031065702768760394,-0.005379741807126578,0.012488557486310116,0.012118984424897155
2018-05-09,0.002448008544488764,0.005496966133858555,-0.004184873674106273,-0.001526905256714302,-0.005630925838535167,0.00020707411628667394,0.0006909337909934574,0.002917140827917697,-0.0009460353502626211,-0.00011629293906235991,-0.0050642707285095245,-0.0073448455199984185,0.0029370130360312245
2018-05-10,-0.0008969797131364685,-0.001941957906631965,-0.00721939637713386,-0.006443765144200294,-0.018453646107471543,-0.0006995866413468685,-0.009785906151368796,0.002790370502688568,-0.019916215556429966,-0.010304321608117258,-0.015637597289229036,-0.012067122756898705,-0.0021494168748438457
2018-05-11,0.010739708610317776,0.003813280207511887,0.00862857848968198,0.002359180304792116,-0.011683028798519618,0.011818387644306044,0.015498742120559633,0.0063052583563419935,-0.005001279426120767,-0.002324017855436026,0.005128805488422236,0.00729297386873146,0.011179638858365181
2018-05-14,0.0023445183744753976,-0.0024103647729650443,-0.00136701029990675,-0.008782713232490483,0.001933978734130963,0.0017548552370630656,-0.0028995886336847217,0.0016358642352592464,-0.006978828674486578,-0.004043018438448292,-0.0043836694710838505,0.0073623833467619994,0.0008144770485124476
2018-05-15,-4.3453163122353474e-05,0.004363450597811714,-0.0029741029322415346,-0.007742520145976095,-0.007222790230859837,0.0008218923922029656,0.0025628588202008316,-0.003299336181727803,-0.02023592563326596,-0.00288732964086927,-0.0074612831075376975,-0.023967653255596594,0.0011793838151158633
2018-05-16,-0.01108520424187464,0.00152785779265432,0.017943917935893172,-0.001977461608969579,-0.00024413699322164075,-0.01035145818234506,-0.0041578813322159045,-0.017184254251441326,0.02039873906563431,-0.0054120747960424145,0.005589778583097661,-0.03093831519928719,-0.00922811732258911
2018-05-17,-0.00414686054060184,-0.0015426817493111038,-0.012900705398065763,-0.0008871517080876855,0.00046427420212221104,-0.0025208019305078813,-0.004555578263646583,-0.007524921742034049,0.00097662219197099,-0.00476720080169656,-0.006662427685278202,-0.0011076651952817288,-0.0057384672088833435
2018-05-18,-0.007630597525556877,-0.003382274239644785,0.012439822472238737,-0.01736671857937269,-0.023010599476937597,-0.008546154559388534,-0.0244029152772529,-0.011699679744878653,-0.015079800778335055,-0.02102662167036779,-0.013630405089315201,-0.018700461338974222,-0.006477653319061747
2018-05-21,-0.004834680186892971,0.0018334428733914733,-0.006223249936263512,-0.02118933566382521,-0.028238827415738216,-0.008339241667833551,-0.01693617357580885,-0.0007027251330143637,-0.0334176420367265,-0.006045804916022618,-0.019777448963358424,0.026300216993904366,-0.0077463096963406655
2018-05-22,0.0010440339590712534,5.192709451579489e-05,-0.002806139437765794,0.016682164609794096,0.01685530693500874,0.0026055726392619815,0.017562604834657974,-0.0042861884068557425,0.012220132433298524,0.002797277673268441,0.017349908201394995,0.03194919544218086,-0.00296032327644463
2018-05-23,-0.0036046017995080082,-0.0014991483537317735,-0.006242894176595422,-0.004854465770084747,-0.006078333915551491,-0.006348448532978699,-0.038168023716409726,-0.021331338142718544,-0.008640419000259823,0.0004756903340438201,-0.012668488120519922,0.027977490816717056,-0.006727272373520124
2018-05-24,0.012837324645796445,0.02286076183739409,0.002981593697036362,-0.01661892715583114,0.016871117574711957,0.01194762197481802,0.009582750938535613,-0.004435779979398605,-0.0070008595743840775,0.00634621769177849,0.0036225074724448737,0.01723667476455551,0.012541212597370108
2018-05-25,0.009820285581702805,-0.0009696101995707592,0.003347022049463609,0.018679340238496912,0.0109366859534183,0.00960427971222711,0.02146263587693802,0.015274721398456634,0.01260024259102318,0.010417901248122044,0.014902474779293715,0.0012380210637030075,0.011076245958835945
2018-05-28,0.012884028873256986,-0.019417259393851808,0.006832466200036686,0.011343158414238523,0.023930264746891982,0.0117579386257217,0.010401524207881919,0.009737786717170217,0.01528024990604457,0.012085750775642683,0.011917168334640894,0.02657589842350202,0.01069364012882827
2018-05-29,-0.0135979373724811,0.004682383710886848,-0.002982717287790308,0.003989433165631743,-0.010379395843023782,-0.01084430336157699,0.0006239903776457049,3.348091931063179e-05,-0.009880283739995022,-0.0009393931259312663,-0.017415417896906465,-0.029954464158609945,-0.013324670123851991
2018-05-30,0.002776543582544668,-0.00024703272769098034,-0.0016752218601583403,-0.0024461740051495004,-0.01068059281637241,0.00033954222167180295,0.0008867693246640153,-0.0033559120528311713,-0.00016836930464986518,-0.005295118359522615,-0.0007478195475841226,0.006323361555103753,0.0008643489971546349
2018-05-31,0.02358790690947259,0.007956330345999598,0.005437410536315653,-0.0026977385060631214,-0.012193788457581033,0.021084564344967627,-0.004580923762883977,0.0090549061837343,-0.0070945418716873935,0.0006596654232708593,-0.008876592875522471,0.0034752296098985555,0.021531014065301887
2018-06-01,-0.009819443411111383,-0.007893666122496798,-0.007066565347074183,0.007439625576150689,-0.0008579823513844305,-0.0066382596545094975,-0.0070510832242109385,-0.0018614997621522727,-0.012623886955954726,-0.006541032345232793,-0.004539055710520087,-0.010376963231177382,-0.008974769289879617
2018-06-04,-0.01644026860193102,0.002692074733970434,-0.0075991961318917665,-0.004823564783518573,-0.0009014423687348953,-0.016135925681939816,0.0016100696248227686,0.0009737550448756695,-0.03387199653581453,-0.017010207303598465,-0.0005056479688516043,-0.016003684960162717,-0.013152486481450551
2018-06-05,-0.0002495158297409954,-0.01379071024627269,-0.0017042830111574155,-0.003298455922856885,-0.010788175330784746,0.0007579116130839589,-0.005780240754287836,0.0025094837012050375,-0.010532925090581544,-0.01577563773604899,-0.020792117560760767,-0.0038286183639128705,-0.0021468737137025325
2018-06-06,0.004431862596945665,0.008902037292756279,0.008974871137043273,0.015255766327774126,0.0141764410271598,0.006936828343412834,0.018416431913618057,0.005055388867571442,0.01496280760401137,0.014101652289974642,0.011056736081441431,0.024974978538783103,0.0035532588965652818
2018-06-07,0.005680258401669294,0.011388265420086332,0.00912540038562598,0.007158920261865297,0.0022443565843190435,0.008382456280014447,0.014740529361825764,0.013069763775397043,0.02927046738475466,0.0057321530192221345,0.00717181076968486,0.005604747396087282,0.007274818487100284
2018-06-08,-0.0025090085430083415,0.006268776686084015,-0.0052346503910655805,-0.0008815196654173251,0.032678080459227384,-0.004900186023120018,-0.004037171438314853,0.005047796460927855,0.0035992421098976738,-0.00333718468634318,0.012220832084504986,0.01644595361524073,-0.004057664462688599
2018-06-11,8.321336498562184e-05,0.00038481206071810296,0.003226744895106675,0.0012107815183317631,0.005008409220113379,0.0010038066721553174,-0.003765399730817506,-0.0011982004393189512,-0.00617811388564187,0.002052618968280872,0.010231218263383085,0.0032734553530140978,0.0002634776571045731
2018-06-12,0.005787681940438177,0.0061335568250111445,0.008790898508778061,0.00032915347523033306,0.02549571780170866,0.005518339810916874,-0.004358170886777048,0.007235613486763751,0.0041229458055752595,0.0060719495566386355,0.0024913316320148227,0.02305475727375414,0.003980184501292752
2018-06-13,0.0013408340266919984,0.012497529926769562,-0.005002054300724875,-0.0006405981753279109,0.008810678933681452,-0.0020199985420631438,-0.00444637519177811,0.0034321697815465554,-0.000514426481564138,-0.006975187148623739,-0.007554963457320844,0.01466660397741139,0.0008698437789751587
2018-06-14,-0.0030279015180400617,-0.014986164598989283,-0.0010587972676197666,0.0006049863728085639,0.018105402991011203,-0.0038207695074217347,-0.004368969167939429,-0.001322794095043969,0.0,-0.007872875809475753,-0.006984957943631557,-0.014521385538383535,-0.0025551414363019402
2018-06-15,-0.005468125900728016,0.021190950381239183,-0.003832844219605094,-0.006241101619275166,0.022118555428905593,-0.003133565765499667,-0.0154505832640058,-0.002665211181915613,-0.012774253752260533,-0.009554843806295645,-0.0030939905026444387,-0.02204524117338511,-0.003920109525841029
2018-06-18,-0.0003066518745526529,-0.0069140360070007924,-0.0021831277587420856,0.002717172866972894,0.00032731040905069147,-0.0012398435274458904,-0.017515827414787327,0.006535718583983009,-0.0038293365712470553,-0.003778864124751438,-0.0025041398506436855,-0.0035343734637151296,0.001208316287996801
2018-06-19,-0.005450430416898811,-0.012538887954415169,-0.002098940912382093,-0.011048550001284576,-0.007036989115697228,-0.0030741382345669983,-0.015855765601991024,-0.015058841745634367,-0.020259654459709737,-0.008420853202160844,-0.01194519204633636,-0.01580907301685812,-0.0057308926419354965
2018-06-20,0.01105386638168912,-0.002787371007964466,-0.004617717884536803,0.00513105560530466,0.0040333092650111846,0.010123140569511448,0.009861583516341846,0.01091642250925088,0.010973475020866765,0.00041012945608179306,0.0042836691296935445,-0.000655737863006075,0.011521961795883162
2018-06-21,-0.0022901191528594857,-0.0028423876553947186,-0.006652593683704372,-0.009395362867344133,-0.010010798239490372,0.0003305862045124052,-0.010810745053499132,0.006555697561374481,-0.007952679881684592,-0.010032782246887986,-0.00041325179965587353,-0.02016695899828348,-0.0006701686934855161
2018-06-22,0.010134608905889,0.00039198906449052303,0.010542352242623206,0.0049996084739502445,0.01746846190995604,0.015262292572983295,0.0026554137739957773,-0.008281975369227694,0.0015956468832593503,0.008328159616647865,0.0007627333971111082,0.011925094291650824,0.009338781977609428
2018-06-25,-0.005888380492384405,0.0063743527037265655,-0.004729857309991435,-0.016187471767381383,-0.007947465391514918,-0.00659841058612765,-0.009986932517520569,-0.012357069196684698,-0.014992293298487575,-0.015361773764134674,-0.013739035013278177,-0.021097447768851422,-0.006654074275719459
2018-06-26,-0.00030069094541911257,0.005631331997330854,0.010351336356214094,-0.005362489808410416,-0.004213737358427005,0.00012122908424167299,-0.0038485266460300056,-0.014332340809256565,-0.007218945221594291,0.002163306306814298,0.0015930716278995715,-0.0026882902197893294,-2.9803452696617337e-05
2018-06-27,-0.006725102529037726,0.00535733041899887,-0.005817078429156053,-0.012601940235568885,0.0016962918569838905,-0.008626666543326581,-0.012667010624158547,-0.02489295990394416,-0.018094185491179696,-0.020571298106099367,-0.021469090854835587,-0.024578829519743804,-0.00829633478355142
2018-06-28,-0.0037461911553596725,-0.010368624949189158,-0.007479417767984223,-0.007831916925796495,-0.01238822448869844,-0.008797610704390784,0.001405424969329285,-0.01889846368545136,-0.0223806427000838,-0.0026669198504601912,-0.016013356868128832,-0.019646414186130317,-0.004643494995310033
2018-06-29,0.0015031687434405242,0.008304892896508818,0.01931643046508574,0.007164443650995071,0.002592435254782266,0.005287830959163054,0.02760002314004745,0.025384385389680304,0.024039103209264997,0.023910246368780464,0.0101147529958187,0.013361317844113403,0.0033944085806923182
2018-07-02,-0.005091723659746237,0.005901264035451574,-0.006528896571584485,-0.004046817621162475,-0.004287971952317263,-0.006777642770571448,-0.018053595287762993,-0.013698334694312631,-0.01371909441365575,-0.020051258769780325,-0.01121712111087323,0.0006982878157035668,-0.0032334408776172057
2018-07-03,-0.0009994003312865135,0.0106204072002228,0.006791225254206266,0.01057140637066162,0.02073830628638302,-0.0021059964188470575,-0.0036918223665456046,0.00956863282622966,0.0014922363967728922,6.534322727742766e-05,0.008586188176282523,-0.007780427315382077,-0.00026825023532879734
2018-07-04,0.00873329432610664,-0.006801002160002052,0.004633160052538521,0.012464652472849006,0.007935977971647856,0.009982384052132818,0.001276623075626779,0.007076645703173428,0.004649008838244014,-0.001061319857757669,-0.002272515642880135,-0.002130902276752803,0.008245905374503143
2018-07-05,0.0026201004032602396,-0.011079753691165317,0.00994755853518635,0.0010439871488090713,-0.013425350931180543,0.0021801678946051233,-0.014343804233273671,-0.015194105583551368,-0.018160215107649966,-0.005225087130328375,1.6622409838598322e-05,-0.005038123920749558,0.0017645555139064997
2018-07-06,-0.0003566713293856619,0.0032480171620298567,-0.0018555154726750712,0.012922085444207988,-0.009136645268778274,-0.0017401573364674867,-0.00012037093663421744,0.008524008592244175,0.009963402235564594,0.004898300431532176,-0.004510413717619426,0.007331344780091058,-0.00018593407785827984
2018-07-09,0.009745283532738097,0.006606251605090093,0.008243430969855366,0.006107234624070529,0.012726131340785818,0.006027731956090206,0.013247023408817529,0.016025955848615308,0.007640094309741863,0.012424133628388338,0.002948241223495632,0.015409580341981309,0.010149762678922574
2018-07-10,0.005265821820458665,0.00804056289368059,0.0043117519422460615,0.009255976353877742,-0.0033900710291563975,0.009034227052846738,0.01649837778463007,0.01846401310632409,0.01784613986021835,0.00632304456011332,0.0009974234057728286,0.010828068645889163,0.0037503191274269993
2018-07-11,-0.0029175734772131524,0.021816506403337464,0.0029301818320770843,-0.009997114705373011,-0.005122943044768359,-0.0034057380254742245,-0.03122152705505042,0.0033181514485651677,0.000911327827131554,-0.00604874563111032,-0.0030785896095974824,-0.01924620205927842,-0.0016913558229150825
2018-07-12,0.00781361015011619,-0.0014318970278822869,0.004354246001290689,-0.008066705210415802,0.0016672532363807128,0.009761040809183195,-0.005077398044283807,0.02648434233031681,-0.010991134152876229,0.004491769085741324,-0.010555513939516587,0.011131708383606505,0.006757936408631612
2018-07-13,-0.0033579151126444276,0.0013252762718643403,-0.010177670394560653,-0.003171375675404951,-0.008702703333469564,-0.00028418266953619836,-0.004174927565621235,0.008631333038527565,-0.017091279668769506,-0.008145140891661268,-0.03620423001868854,-0.020687572429422398,-0.003777132453398758
2018-07-16,-0.009555080730652386,0.005635961296716468,-0.001966226535126112,-0.015376974373767468,-0.031715052911138505,-0.006678902178382714,-0.036721555543086475,-0.014358627436002821,-0.03372714073079489,-0.01384481650499987,-0.024789929915349566,-0.025548267611750945,-0.00876457050210848
2018-07-17,0.012230049355684475,8.210590082483926e-05,-0.010138649773763619,0.011972180293119144,0.015774409658827194,0.008972085354325629,0.017071902220785688,0.01646996889161023,0.010218902875978493,0.007525105564569194,0.014220691719275771,0.03785849349748718,0.011612627232999828
2018-07-18,-0.004720777216191265,0.0009196731051301432,-0.009607715556665642,-0.014425617850678776,-0.004541865710445914,-0.0005273909061231125,-0.03201843707932467,0.003102961372909605,-0.02427068032343578,-0.006720834187237021,-0.00019418684964414546,-0.008448031836530723,-0.006051920817645893
2018-07-19,-0.0034003449845028434,-0.009742043866244,0.007537091203286876,-0.0008885401599548567,-0.015395343522137334,-0.006283305765695088,-0.005300621011338408,0.004716113691194712,-0.0019673428025808425,-0.011086978803924943,-0.001996889320688541,0.005102492537282485,-0.006280287297327027
2018-07-20,0.0031138082728333428,0.014494376562058707,0.0023421416503983297,-0.0042966332583042315,0.01647511002403395,0.005502831762453558,-0.004002118169928427,0.007662185199974923,0.012524673340114971,0.006119666375699063,-0.004574117104693246,0.0043988514196614025,0.0035005217638628596
2018-07-23,0.005009194170981959,-0.0012387575312894266,0.024288552717232435,0.0016632596629130101,0.004727336452935712,0.0037328940316708192,0.015133007333497487,-0.002337311657615701,0.016969145493283322,0.015088526187065118,0.007823637072267737,0.023400562719820828,0.006568932032788229
2018-07-24,-0.0012504187781837862,-0.0013152786533922986,0.0008412874249401306,0.008385831044721225,0.012414995389277367,0.0017795478187721191,0.029487499382258645,-0.0014035982452975516,0.024739201228440248,0.01887293367533267,0.017339099766084946,0.009454243860288555,-0.0030019818346049493
2018-07-25,0.002107224721416994,-0.006056998861013598,-0.0020303047152903904,-0.004738970338588993,-0.00885769770751156,0.005749911820868217,0.008852544458135204,-0.0021419942548068878,-0.014088709309445814,-0.008949556789193371,-0.011923355460696715,0.01368386047202006,-0.00037058121084215974
2018-07-26,0.013781110956009587,-0.007385519997697051,0.0023666086060607733,-0.003702533193066507,0.002827939033329725,0.016553463950677805,-0.008218703131015756,0.0011820920460710233,0.007914140331167033,0.0035637600296399194,-0.008470689304008183,0.0525912920637569,0.008923947821095585
2018-07-27,0.008284835736523555,0.0034361988719885,0.02346385756589134,0.009683676872639439,0.004918549248054611,0.008810385741701822,0.019088097033957276,0.015064804443221651,0.005428229358895871,0.004827792178124812,0.0002122361303280524,-0.0007108541154769713,0.010802094960210727
2018-07-30,0.007505766669665511,-0.006728138688687451,0.0028334404025545856,0.004610131711790617,0.008433176166400987,0.004084505594051901,0.006829914025318285,0.014707104522574257,0.0018649762534107663,0.005042555726594479,0.004287387748245587,0.04209215820798309,0.007573403526815642
2018-07-31,-0.002821536223864667,0.011531290509572705,0.005518764592573159,0.0044477575055542175,0.0069801605910995695,-0.006490923576918994,0.004447538209129091,0.015881018741945,0.016630094634285834,0.0022031772790261205,-0.002609045937917561,-0.012615251304812954,-0.003388760837329961
2018-08-01,-0.006053071336213982,0.00625616810125776,0.005398638620063219,-0.007651973488853541,0.013235314576767888,-0.006248669603549636,-0.0045379102785002455,0.006257499938296412,0.0018308316678500647,-0.002647527257118415,0.005983720959302828,0.005165139046217807,-0.006760594398044165
2018-08-02,-0.008758566361341598,-0.008672072697011732,-0.003208004312693383,-0.014470380824233874,0.013131438662647526,-0.011362617085704012,0.002331617016594332,-0.009377846434209266,-0.016785484433651035,-0.004550395727762123,-0.006548777090255252,-0.007474621473484362,-0.007823122296630021
2018-08-03,0.012335919836211849,0.00660922849400982,0.011190456107622848,0.003872756758462349,0.008042104045546634,0.015302130280394198,0.015830786109377697,0.006793411885392787,0.0059347583607047855,0.005708515971846059,0.012950327044305784,0.018729445908270654,0.015083148723850264
2018-08-06,0.007302993478784221,-0.002977293369056842,-0.006479163989854423,0.004398542227476368,-0.009746619743700365,0.005403884598206019,0.0073232981106190614,0.007423396030905706,-0.00593475836070488,0.004145672121661865,0.003984571841379928,0.025783922002169047,0.006749980512671379
2018-08-07,-0.0008104030953793014,0.000561286244543562,-0.0026185811725378174,0.0030307158294588096,-0.003998994219838822,0.00028635712166816035,0.011545986608128955,-0.006519553335053082,-0.006157287678924481,-0.0049863572388838375,0.012768480248329902,-0.021670720194441797,0.00015578283903786925
2018-08-08,0.006669833374478226,-0.00037983808179345576,0.005193573199028598,-0.0031785267126516374,-0.006831462550292512,0.005781179135582164,0.002420722762666418,0.017203649293513274,-0.0005616171567567052,0.0030580512310115038,0.0038502061858468996,0.008861858220742463,0.006706827845393352
2018-08-09,0.009135880672379344,-0.00033210055710930806,0.0024265967982364995,-0.0006841128646750083,-0.006175499125607006,0.005747949120037952,0.013845650001235357,0.0004907529922078117,0.020573380321812326,-0.001599115152943174,-0.0016752068890708066,0.02939928042247784,0.010028301615654068
2018-08-10,-0.006936017552957415,0.005187397120459767,0.0030658518521423255,0.002369196552311221,-0.01214926616836079,-0.005875397185123891,-0.019318700715098527,-0.007503244535290344,-0.0009176838716962673,-0.007619298104378097,-0.006677145454950526,-0.03872244999195662,-0.0032783124030115293
2018-08-13,-0.011797614984715652,0.013596505518629504,0.00015406675613316794,-0.007663440333904772,0.0052769569848572185,-0.014209866941035817,-0.008464267874797008,-0.015355715234514332,-0.009594079443164987,-0.00568451761075114,-0.030105538410760177,-0.03276881742022707,-0.00896583239448143
2018-08-14,0.00814456117607284,0.008631847369041745,0.007768411822571161,0.004308960027150579,0.031559800090961154,0.005770712790121336,0.002580509507488487,0.01107028990764777,0.019642579533130068,-0.006460147220266175,0.013994112702758934,0.001841899786591771,0.011049267701722496
2018-08-16,-0.006988564593145199,0.0023358017535167444,0.00018910592351868607,0.0025700000680234196,0.011972907289745921,-0.011496954238812553,-0.0229731866473743,-0.0046647297012026075,-0.005102959654498999,-0.005494181905350313,-0.013940902539674614,-0.007771652606407009,-0.006981654916656511
2018-08-17,0.010794529228408643,0.005439107979199179,0.019004424664525475,0.004398972451558589,0.01021305810204329,0.007358166479104894,0.016951461102678936,0.0007511120414235101,0.008732069223857665,0.00502529928349563,0.00990729548433983,0.029799857692207568,0.010212576708296913
2018-08-20,0.005166384571508768,-0.008651446192925112,0.001216005806948332,0.010897614051741058,0.010804063565583506,0.007475161251841379,0.024677464883837406,0.017562853943523794,0.006499457183185443,0.02714943252376058,0.006096691043936389,0.019409699920491602,0.002178258328955693
2018-08-21,-0.0005784248259979195,0.009196701561883387,-0.0022570650779279956,-0.0016972532626512698,0.015327114080102415,-0.00022204555428326166,-0.003440892968968625,0.006560183907850623,-0.018159205691143137,0.0019808988931763593,0.012117623470874,-0.002087241188531336,-0.0004732393920057059
2018-08-23,-0.008172647364779009,0.012299610745189891,0.009054591947800636,-0.0017913788762659313,0.012612931377944411,-0.0069262100081976955,-0.014570775989065218,0.011209192036676177,0.0040234365420322845,0.009861550105954072,-0.010721316451615405,-0.012322672040579758,-0.007637383982987923
2018-08-24,-0.0069170514728691575,-0.0040481639630093064,-0.006607597269612054,-0.0051777681369831975,-0.0015592687370909978,-0.0028684986114388975,0.018672593071267275,0.004830545961469553,-0.0018268181101667445,-0.00202375640855333,0.001551086967295265,-0.007314641259851666,-0.0074494985774679135
2018-08-27,0.015312581615464983,0.01656579820411893,0.006725675569680455,0.008270738693274575,0.0032845570164221857,0.012775861871329152,0.014727890375495168,0.012998627468705249,0.0007310608522346823,0.01414247840328209,0.0002089876782248093,0.021328747186870414,0.016509087884240645
2018-08-28,0.00019284853969734532,0.004379684753369357,-0.003371819307451683,0.004592191963051197,-0.004378474984941875,0.004736999579269084,0.018050813201814724,0.009834782361081998,-0.00899329420841518,-0.0007839008121888646,-0.0022659936487049673,-0.015311949563832613,0.000693288914836482
2018-08-29,-0.0016126145019746286,-0.0037353527664671063,-0.00199464210809737,0.0011764014822398746,-0.004107809629921238,0.0008896646827542662,0.010260782177553631,-0.011250347258340987,0.011730272531180475,-0.0041139624464685285,-0.004372165062019462,0.01593602741655987,-0.002704285040778408
2018-08-30,-0.004290961541542634,0.00031553345273286455,0.012697505907108992,-0.004491405028183424,0.011093254703368152,-0.005443615058493666,0.00849366703733359,-0.0062054465245435855,0.0059950909010922536,0.00422162103371497,0.0016112147152368829,0.0028110607503039195,-0.004494233319864469
2018-08-31,-0.001477806091746605,0.01796727032012288,0.0020546038839501474,0.00014992068868827275,0.026367262888911572,-0.0020713834887142704,-0.0059791791352435345,-0.012457739181252753,-0.0007247026650378096,0.011358603714850935,-0.006055358842278367,0.006141592505006239,-0.002526104289751713
2018-09-03,-0.008670256443782316,-0.005498486632017833,-0.024670165722259454,-0.0067076982826647005,-0.0029926318183450297,-0.007515982805455413,0.003630066430764462,-0.010484280048166242,-0.010019211015978965,-0.004341706176595338,0.004549317398391418,-0.009683272769887181,-0.01167258431565025
2018-09-04,-0.014072518310313246,0.02039512465702005,-0.020988254044003087,-0.016741089354216455,-0.015010951159495745,-0.00947622276256085,-0.019635236694501984,-0.0006829491907966209,-0.018664566095254735,-0.01571056839339287,-0.02999265979269314,-0.036124598395670796,-0.011823244853334084
2018-09-05,-0.001996097988161217,-0.0005484692225532858,-0.00874607784793735,0.003184478146615287,0.009542304944071645,-0.005391296713770897,0.010431748483143695,-0.0065262997334471,-0.011255043355183073,-0.006176030509968118,-0.010565815442222584,-0.0022443814245811503,-0.002013167005013579
2018-09-06,0.003378613312860332,0.002599502358680204,-0.0003722231803891853,0.0009403287373649462,0.026789174830837162,0.003671323984065117,0.002480912075786751,0.02025639031429859,0.00526821317814597,0.004219978914051475,-0.016135114934388118,0.0008698884853303035,0.0037849854935146556
2018-09-07,0.00046399129521198737,0.0014384573579053728,0.006304480738671469,0.021809740395139995,0.007352522055191388,2.6065553680219205e-05,0.018426737940685944,0.008440289912819653,0.006359848110980614,0.006242852808011552,0.007354704627280935,-0.008493934808912328,0.001762306984917191
2018-09-10,-0.01022986995818014,3.104616291810042e-05,-0.01746021390105947,-0.017618842238512976,-0.020348678571013686,-0.014166857679463926,-0.01714730057611139,-0.016550463459332504,-0.015218660253652037,-0.010213243739022848,-0.001160559184746321,-0.021857400646073135,-0.009156072511652038
2018-09-11,-0.014599635706902012,-0.006984754123898136,-0.02444468666401727,-0.01509879827312806,-0.01615916977583154,-0.013672937935137016,-0.01623010828254896,-0.012733970910464932,-0.020079075486446146,-0.013555186388945692,-0.014612931488250394,-0.011143455064868565,-0.013799956622333714
2018-09-12,0.0004363257652567575,0.003797497913296855,0.02498328705181441,0.0010619940661297231,0.010889925585663696,0.0019781777289962074,0.014730381021092597,0.007954068634232201,-0.00620039221310444,0.009036285596213415,-7.4801232200268e-05,0.0024688120249153084,-0.0009864633977664215
2018-09-14,0.012769015086038735,0.0011485950065018558,0.005157281696645101,0.012449381758210889,0.024829675430643693,0.018234039990954673,0.02241044911337742,0.01215896792314802,0.03401166197199161,0.016845498623698423,0.013820977733265667,0.01777543812685086,0.012994929695625879
2018-09-17,-0.012727941797303577,0.002938580903609318,-0.013903328221371665,-0.0088972305000816,-0.014056970960247918,-0.016892221128614753,-0.0022239753904457794,-0.011646313348165018,0.01120878564381133,-0.005810944313011206,-0.0006643963174997717,-0.013035912117362136,-0.011137454733673639
2018-09-18,-0.014226212864257246,-0.0055239702297776114,0.010853929802237858,-0.015509882931778976,-0.0036958392206056494,-0.014146040358896444,-0.015598184799036125,-0.009581869419079458,-0.030939957461344644,-0.017938221903414653,-0.01993221483904522,-0.05293372154755901,-0.01140196163876384
2018-09-19,-0.006225486649735188,0.002053295405572714,-0.013214415477790122,-0.003579296884995829,-0.0008077673430871813,-0.00842150521255312,0.011907646332316748,-0.00011320028395539042,-0.012338741971548047,-0.0026071513879046687,-0.019069888161977563,-0.0029802488710506912,-0.004711840331167876
2018-09-21,-0.02623607388623942,-0.014449694480235274,-0.0026537287726862186,-0.011511784042617462,-0.01975993829858359,-0.010498652129874763,-0.0050373284445463075,0.0075305215498694955,-0.035742784358549974,-0.006555704018329896,-0.009256468262954638,-0.016534219119804003,-0.035154858784787156
2018-09-24,-0.024782216657681554,0.02135742664800585,-0.02186735457578492,-0.03934744125544064,-0.02544695436482772,-0.034983589049872706,-0.011375984010287226,0.0008503442908685034,-0.0543241204365881,-0.018338242010055288,-0.023344637022285987,-0.02756259602030493,-0.025053499458231702
2018-09-25,0.01431417215762976,0.0036778947839030767,0.012531587234904426,0.009894908652769518,0.024744505866617927,0.018815348285924873,2.7561824535374123e-05,-0.0030807287792451953,-0.01734334457564245,-0.002484843719827483,0.00023798760582265972,0.016064783836819158,0.01350127630121867
2018-09-26,0.0018124533422037943,-0.018805347844056568,-0.014771088659689197,-0.0097749083226003,0.004300040339109998,0.0018047410409312685,0.016967926415958894,0.010453184926908866,0.023902145287439395,0.0031334468034304778,-0.0020045251693547417,-0.018934279445535947,0.0038262379675823954
2018-09-27,-0.01325527668950207,0.005355167680764184,-0.0007549476530964449,-0.018852467681350127,-0.019316862427887306,-0.01683144946469034,-0.0065864314538226845,-0.0005700970187054014,-0.02801424692415486,-0.012757137987664603,-0.00966189113414533,-0.00919018110106409,-0.01884761526265787
2018-09-28,0.003097969875614317,-0.01129782948584259,0.0032801302436282565,-0.02320566326594792,-0.011961328328986944,0.00494260232628421,-0.05154140394547838,0.0001433479373571895,-0.048660034460411214,-0.025996192573910077,-0.018259286166078532,-0.008701353695273438,0.001272800101726599
2018-10-01,0.009790720906973522,0.023435111714889732,0.005561254920215932,0.007200085691555936,0.00619291807476695,0.012164435624419613,0.012176826614869761,-0.010081107648541764,-0.015141390361236507,-0.0006911189599251062,0.014319879801387951,0.03570091932602806,0.005324611780267791
2018-10-03,-0.011781159771073708,-0.018915112846337814,-0.014324964747678815,-0.029868492556987723,-0.008356190060421487,-0.01100214779839501,0.01796382622025878,-0.01091539988422266,-0.0004624559782564304,-0.010782157820128029,-0.00450107092375019,-0.004620156266179442,-0.014917443490389409
2018-10-04,-0.01004636963210921,-0.029902498999697453,-0.025015322513587124,-0.01811448620610977,-0.031715052911138505,-0.010227391157051976,-0.00548548056664557,-0.03351050192364347,-0.007195124853833938,-0.004698333554723216,-0.00446040130277075,-0.002839905690009637,-0.004479955337218044
2018-10-05,-0.015259292756856557,0.009702779313356648,-0.025015322513587124,-0.0322176398197106,-0.008697516236823742,-0.025582896329967415,-0.036401395435775266,-0.03351050192364347,-0.027631895611653468,-0.02577723363821371,-0.036945046136405695,-0.044838033463778376,-0.015710476443488216
2018-10-08,0.007129753189947144,-0.01854288689971903,-0.006045401799691935,0.0060388685504001545,-0.004361470080283557,-0.00401613792849931,-0.03101616628891432,0.031844422567472296,-0.0326142160141339,-0.005868702948573123,-0.009788773950390147,0.01772599822573499,0.009329659639450916
2018-10-09,-0.003690978907812706,0.004211879698409451,-0.02027763641438597,-0.02668774575882532,0.013889314084784577,0.0035804710810222315,0.01021877720145935,-0.017272865567741456,-0.009945382518033771,-0.00077801399177795,0.02108935872489957,-0.012412615803828379,-0.0027300869538169764
2018-10-10,0.03186061513008366,-0.014852933188973504,0.016324783747317512,0.02589031175253638,0.013663162463592152,0.03364723508260734,0.01905403874971448,0.013737534076058797,0.04112176914684189,0.02408361852228151,0.040947659324040875,0.0525912920637569,0.03294434602388346
2018-10-11,-0.02146540753605773,-0.030861237226775355,-0.008058764950966468,-0.025134879237105296,-0.029358205963655994,-0.028488925921415453,-0.039188695967211924,0.0012474804382493956,-0.028458718283046892,-0.019882411162472115,-0.0016612748837083568,-0.05293372154755901,-0.01826958189170478
2018-10-12,0.02438949624105336,-0.00984189858834437,0.025908493938698415,0.03540720559137483,0.0038864814819424814,0.026019883367381844,0.0390287934875024,0.031844422567472296,0.03348206597865852,0.019606060545571822,0.016061567484422976,0.011249757967239959,0.02681945544015907
2018-10-15,-0.0003071413857161303,0.017589523489179432,0.006272510241916175,-0.005502574611526978,0.02575311990909605,0.0007114872411701703,-0.00425560204110182,0.008396871362303037,0.0014306299302668443,-0.00242118314719674,0.012927684219665636,0.0009056033093931653,-0.003680660372499999
2018-10-16,0.007909381669071333,0.006073845943553627,0.00589668713021558,0.00753147943242835,0.0063893818993526145,0.007859013409490561,0.002363233595627317,0.016146690069416478,0.010193255807277844,0.00812236181128839,0.0025348479971041035,0.02688407394258198,0.009505805496977429
2018-10-17,-0.015796522059914688,0.004172684671257257,0.004380122764011695,-0.029905915540338227,-0.015402491782939268,-0.020114900397372442,-0.02020810272410145,-0.01320253805737479,-0.029438496805792594,-0.01526425052421397,-0.02159750176244049,-0.034729196820682956,-0.014959492961115376
2018-10-19,-0.0040894853668129805,-0.03213372262364562,0.007722530040069619,-0.016485463882045248,-0.003733897460858011,-0.012787051278253943,0.0006094126461846966,-0.027549694238405826,-0.007558261105013675,-0.0052805974670415345,-0.02133328354617792,0.00020480841689645964,-0.005050733388853102
2018-10-22,-0.0002871062116075976,-0.0038340997430762512,-0.0016549934767526246,0.0011730633462288134,-0.00037823739700531005,0.005024166878277762,-0.007561981259606173,-0.02547508047152207,-0.0031867126373995185,-0.0009998326451675483,-0.01498718079878174,-0.005693872654980841,-0.004075968669069638
2018-10-23,-0.0042417406500438815,-0.028609902442634918,-0.01106720118577516,-0.0059136755265519255,-0.02928443278256679,-0.001389271501783674,-0.008087321674476424,-0.003644595202250014,0.0017171897204096823,0.0005614476484488285,-0.018522236246513696,-0.015794066699666615,-0.0018212203670655528
2018-10-24,0.003667358744303912,0.0024551308461062587,0.005266906874714051,0.001703917322839039,-0.0036197699928309413,0.013773490883483567,0.01053971776339831,0.0015269713367220652,0.03017730500884094,0.013709019836416677,0.003925868057163104,0.003057422383585882,0.0038753643572652947
2018-10-25,-0.00989353547031402,0.0015397906603398168,-0.0076221568612469225,-0.009620359963188318,-0.020750774519836895,-0.011837700464928146,-0.012337408763648831,-0.010418969140902037,-0.02042113006347638,-0.01339339751366428,-0.024022127885221404,-0.020942835832073934,-0.00757753637945606
2018-10-26,-0.016101455129643446,-0.01953460476109664,-0.014179540456327461,-0.00033806056910342015,-0.003023431876548467,-0.007921736298797688,-0.006949258443610381,0.002395005867848513,-0.0029169010103895967,-0.005943990008271096,-0.003364242956184088,-0.003646840054884512,-0.020730241532847273
2018-10-29,0.021816932865224157,0.02392064155180345,0.008670559503495419,0.0168598382449153,0.032678080459227384,0.02048546985703515,0.02573265468538704,0.031844422567472296,0.03256994401917473,0.027506715510920647,0.027221321146118388,0.0525912920637569,0.024255419271491194
2018-10-30,-0.006106381229037504,0.015669746443446386,0.0004882743427582849,0.0023698919126315895,-0.005761957765770778,-0.007071990474369837,-0.01087655004122072,-0.02206007810448027,0.006107620870313211,0.0020454088401157698,0.01713644210751587,0.02437304134497118,-0.009575890784316596
2018-10-31,0.013831013249074545,0.03479592568938993,0.009708157651638846,0.008647881877338285,0.023035538967362646,0.02293977541661724,-0.010890031500193438,0.006773945705680247,0.006535942578130243,0.011343941334735843,0.009403683336073047,0.023913177341293407,0.01544600642059016
2018-11-01,0.006751645528645055,-0.02152160310549746,-0.006748446678690115,-0.0007201247139197311,-0.015320409882702604,0.0042110107313895,0.012478918338571024,-0.0007964299449011318,0.027310990432201126,0.010617263032409403,0.0011643201479135286,0.008571235818822234,0.007562817203823768
2018-11-02,0.014816469540784461,-0.015528216652051952,0.016845481950065577,0.03540720559137483,-0.006399852845459656,0.016715215999124775,0.029776722157676426,0.01894984300350843,0.002035495168132554,0.019220414705817812,-0.006622187656286377,-0.006070873259964911,0.016500124916841406
2018-11-05,0.0011879020111409064,0.005199445987287723,-0.0038810849304196666,-0.0028962626396575562,-0.009190721554792199,-0.002257503659372594,0.0007701917593279824,-0.0013968613540932585,0.015024347500026552,-0.008648858670101707,-0.013705051971859108,0.028696745791663168,-0.0036589683867585
2018-11-06,-0.005228856729456607,0.007267037641672918,-0.007968977414326069,-0.0025377466782719148,-0.0005868012433692751,-0.0037152440715943406,-0.0008574380826232639,0.006915226622599668,0.003998269037529243,0.003356796166540123,0.009130495984894987,-0.022523853276699698,-0.0023338226424202183
2018-11-07,0.006685130884028885,0.007231635103150122,0.007700910432697281,0.00766999962647883,0.004974351153897278,0.006846736933430589,0.007214537379496937,0.004831112243594726,0.007068687950734506,0.0034765852190496017,0.006491250906514964,0.003682153524052369,0.006871955896005773
2018-11-09,5.047647213890013e-05,-0.008882809578936949,0.00047522224197324225,0.00833405803272371,0.014812845928400932,1.3739824391797887e-05,-0.009266700198545056,-0.005413566285158823,-0.004854338094452967,0.005289965001511597,0.0031796135493849004,-0.0080435584424133,0.00392282982307688
2018-11-12,-0.009013795251835172,0.006660128201258246,-0.006799747176895523,-0.024688570670270846,-0.00899944504017669,-0.010873053318361895,-0.013907830250099208,-0.016137050947937413,-0.014706160890061767,-0.013921550673637217,-0.021959281042083674,-0.020962958412313933,-0.006834670815180608
2018-11-13,0.008920646741550842,0.0032505860222978356,0.008618381890440962,0.008295649937478056,-0.014220454724223095,0.01022914419293882,0.007667397962384262,0.017305154472989744,-0.006079073644203874,0.013318829534167636,-0.002179476554709552,-0.0007849088734259121,0.011528636917141795
2018-11-14,0.006249715037429809,-0.024776823406012137,0.009149123583930541,-0.008306654734814616,-0.022148309616624458,0.006178249863068974,-0.00836200985590827,0.004934222754486453,-0.01501729151419096,0.0008632469873609826,-0.0037945030988812936,0.020175885526608716,0.001965218128884872
2018-11-15,0.008624369229704098,0.0010908990256396284,-0.0009437281714080344,0.006261111185281381,0.0002603149550172554,0.010936823668287207,0.007584664084713203,-0.002131421968596483,0.01682238748279505,0.0038184419444092237,0.0010325459575962748,0.0064092283448893075,0.00891370219353971
2018-11-16,0.003465702552739908,0.008256109502267118,0.004567338802927575,0.00044999720449052786,0.008941771715459049,0.00764578211278146,-0.015763669768051256,0.012797609901209653,0.0024766557314225973,0.010791194687150745,0.004797713897402102,0.02006817513275156,-0.0016003695846576824
2018-11-19,0.0020989945508626566,0.008712580894878133,0.016946258107027896,0.010404109269114994,0.01047038994068551,-0.0010283691757578012,0.012074309852567822,0.010691947971407227,0.016945724528316764,0.007766982819688617,0.010421656325499611,-0.007522477302105552,0.0028922856112838396
2018-11-20,-0.0071487962988915155,-0.021790807949249463,-0.00826121585230392,-0.008069264270017303,-0.019395847875618318,-0.0077079745004218995,-0.028726877201716506,-0.009218767148926428,0.00044211364497710357,-0.006243997474610905,-0.004584406628238782,-0.019040433530639448,-0.006983998810133714
2018-11-21,0.005678289492449735,-0.028829266508211708,-0.0005714697384195706,-0.001572413088376678,0.01682314581690289,0.00403502554098531,-0.008064682670659823,-0.014713191101305576,0.014915801614298107,-0.0036590376928963544,-0.006165987344157485,0.013791398041223748,0.00524756594457713
2018-11-22,-0.010049649232167921,-0.003135519765916839,-0.005005557551063096,-0.006231410466331281,-0.007795536385542994,-0.008477508372751135,-0.017865723201443157,-0.010369037054789868,-0.013590699610615733,-0.004770448047830251,0.014119166184179115,-0.015074886524723727,-0.010087350799314297
2018-11-26,0.013984774995084557,0.01361777696322559,0.02336723652132909,0.010553529541599162,-0.013179991034382034,0.011768485485679013,-0.013292701922364494,0.0017832179586177517,0.0035250225336423808,0.0070508670549406585,0.0034181942823314528,0.00818600311125385,0.012637068863818353
2018-11-27,0.002935158669877583,0.014155557466923272,-0.0007368811828989304,0.0006767368793824898,-0.013383624077700856,0.004390621902800182,-0.007387843815903644,0.01291292650963921,0.0008793007566632488,0.0007857004034270598,-0.0023651819917421333,0.010071839999873666,0.0010845321597076616
2018-11-28,0.0005614172969096386,0.02824688809392143,-0.007747183530584161,-0.007507632300344507,-0.004830395805791286,0.004424857560782454,-0.010069758683515345,0.005564121068174836,-0.014385552742163951,-0.014856235465055793,0.021186600507569875,-0.01986887869950386,0.0005300339646578649
2018-11-29,0.01804064755032402,-0.011519780485815893,0.013896034785750232,0.011547427436137002,0.008378806256949338,0.01814087451802191,0.01901675303341507,0.007205119712006979,0.011965562349543232,0.007100438882710382,0.009446481650210328,0.005575921550449823,0.019322401931148214
2018-11-30,-0.0028493569385801957,0.011871625170136933,0.0009398475596299231,0.007373298959452749,0.020151642646567103,0.0009183500240356037,-0.004258009902845955,-0.003063603691648691,0.02178735418490723,-0.0026851022271193103,0.0009809307481242083,-0.005558753171404373,-0.0028959537690820577
2018-12-03,-0.00020098473863432926,0.006967760337760331,0.007345252697238449,-0.0010361761928972784,-0.02425767748783256,-0.0008702421276704146,0.020058278303599953,0.0006839212499744404,0.023851241510376712,0.01066533836886511,-0.009080872843068305,0.009881706152024716,0.0003958449476022949
2018-12-04,-0.006115642560857958,0.01745151051981277,-0.00653402318387692,-0.005240085457765043,0.0012142755607486718,-0.006808568535393755,0.002691651577043264,0.0017669639868868915,-0.003583881110498981,-0.003628268541426836,0.006017161967018163,-0.0134555595585819,-0.0033365958956042036
2018-12-05,-0.006547293223220502,0.0008696145321166277,-0.007139689907727197,-0.024093293188467063,-0.0282175493034355,-0.0030483285275207093,-0.03680314297954102,-0.004526501856539108,-0.007632019506330031,-0.01623047957271616,-0.016860126126544982,-0.008695832855014721,-0.009659372758954489
2018-12-06,-0.012189508138958877,-0.021490941681035044,-0.015040912153375715,-0.022661405200608314,-0.014367050817792427,-0.01405105903706375,-0.011023542833679876,-0.021525319747091102,-0.024341509386980924,-0.013411975429087179,-0.010476583521350625,-0.01882415109719013,-0.014410373936830062
2018-12-07,0.01500240979464706,-0.0021017125809816898,0.006231947607678641,0.008878210785841953,-0.0004491183513572873,0.014024566567158484,-0.004612928138880469,0.0016998437324596892,0.005002702751037838,0.006259345889003562,0.009676119224976512,-0.000442426992290262,0.01954262359106699
2018-12-10,-0.018660073866351476,-0.01675985536421979,-0.015696992428062828,-0.009691880932957924,-0.017110495869805353,-0.02283653142903186,-0.011445147471493292,-0.02574670789638546,-0.03084624420190676,-0.022561166418281722,-0.018569358447483943,-0.006446158558835225,-0.022951626162456686
2018-12-11,0.0023245980642671686,0.011062599208305627,0.011959394339169874,0.007095444435177386,0.02445452663664553,0.0018697172685336804,0.006270982974253871,0.003803848589354082,0.0004474546093253119,0.0024052105768659726,0.018509239132620724,0.026112061877909806,0.0031140823026743958
2018-12-12,0.018196827677041325,0.010843232323734426,0.017518155533137042,0.03540720559137483,0.006257152736589889,0.017718460254409926,0.02511280226365298,0.014727472208847087,0.04269007577688203,0.024919121089074306,0.013522319202509738,0.020613619480888374,0.019844166053011265
2018-12-13,0.00645342361054969,0.006927124020600118,0.006818874702695139,0.009560130236719998,0.0010560580565784686,0.007802070312963289,-0.006098913160345441,0.000811852173559512,0.013623015823772662,0.006142120026036994,0.012249935403357656,0.010216926697552142,0.005575552876818782
2018-12-14,0.0003598091149898322,0.0007005422878255064,0.0026457767514132488,0.001867655152980272,-0.00962526112774608,-0.0035689619075985344,-0.0005299741763601566,0.01056219914321408,0.0029554463258245726,0.005327337260744419,-1.953067781280414e-05,0.0029072147002574484,0.0008689533473570441
2018-12-17,0.007050352019878478,0.001456674067873686,0.008285851879643908,0.006911272597951343,0.005132047309951964,0.010039899108095756,0.019961059433114915,0.014945996274905511,-0.002321423696874465,0.004251280263736798,0.012988202341809214,0.0008890200959841726,0.005526684947043974
2018-12-18,0.005864451872249851,-0.009603482347635814,-0.0011369640764708924,0.007257390753158706,0.00784716293830504,0.004756218832459485,0.007233328423193445,0.007132884350432987,0.00211059602571134,0.01148296544395037,-0.04066469627699638,0.012495788920844053,0.00593387423023057
2018-12-19,0.0045417948475692275,-0.009487641209136147,0.012599507614914459,0.01098817502936414,-0.0019191965458241903,0.010370958331905942,0.004056610932108663,0.005289665189773347,0.029089938921979752,0.013337074822923433,0.009423425940783976,0.028225590665245544,0.0038746793020855994
2018-12-20,-0.0008539328742195922,-0.0034083577265705636,-0.007039570352097246,0.0017706381302457002,0.003433751199436762,-0.001425721225626548,-0.010408527465246559,-0.00261706402879059,-0.0032820041479428505,0.0014151168477668267,-0.0009542355967617497,-0.01817624841718926,0.00010404775636246095
2018-12-21,-0.014976802019692696,-0.0232567547179905,-0.018378166038474794,-0.019860878957222175,-0.009048244211934502,-0.013950622684692653,-0.0049209441708008925,-0.018538595748520195,-0.020131451032290165,-0.01606064316414767,-0.019157576912793,-0.005209789557957397,-0.01689353871117445
2018-12-24,-0.005781558398954997,0.002804398243083651,-0.00827431020507099,-0.01407486565470577,-0.005451339973429096,-0.009186145733375908,-0.023177048740267034,-0.012099944672056525,-0.021615616626393146,-0.00845013103576464,-0.021228584779317425,0.00370057088033183,-0.00499025374872392
2018-12-26,0.010132011630941653,-0.006255570290250934,0.001511356342360163,0.0021970579123258387,-0.004767055740225252,0.01237623038387453,0.0027793930429817672,0.0052935354745665035,0.002353710565735134,0.01095381128154911,0.020944616284050123,0.005386507966062431,0.008289035842333389
2018-12-27,-0.004019260968436161,0.013720052676217337,0.012629828951625417,-0.004660283109493077,-0.0022016088803593938,-0.0014475606774340692,-0.0030545567540859737,0.015584982999742345,-0.00578713794278027,0.004687421541248915,0.01707182478528567,-0.004385581186056498,-0.002574683713103459
2018-12-28,0.00913646233069489,0.002178113469555154,0.005466064182762026,0.004313393502704579,0.01698560496569026,0.011043602763594208,0.007482441977564567,0.005946761972987434,0.002576175064939687,0.007359996798780213,0.019076330725090386,0.010165426670336132,0.009215065552388012
2018-12-31,0.00128755226632915,0.003781299979970358,-0.0008958178803866917,0.001273067777097492,0.006164166665585051,-3.0174961678866317e-05,0.013531880114004424,-0.002435160386708321,-0.0036515595902826365,-0.0006610901217566552,0.003924004416431312,0.0026265349442004854,0.001567418925621903
2019-01-01,0.008513006698401923,0.0007338280404788015,-0.003880854533131405,-0.005766071939885181,0.0014929033212124805,0.009975148194122454,-0.006152820305991421,0.0009169515390204789,0.021922741675081316,0.00479119958490286,0.0030931581456273348,0.015807034629607385,0.00648235729219299
2019-01-02,-0.007979273512633186,-0.0002630480498246617,-0.006708649092082195,-0.03094504572194626,-0.004739906861873446,-0.009949271844552464,-0.03465799436593143,-0.014564017023478818,-0.01441922290557302,-0.014713375430498424,-0.013158432545354183,-0.019213087715665465,-0.0059234104267189185
2019-01-03,-0.007937604794684786,-0.00868635813561792,-0.00019872682928042434,-0.015314479413430764,-0.013398300401736719,-0.01104365049896204,-0.02272656000243545,-0.016107922112507504,-0.0006409963013849521,-0.012772229432676424,-0.019395723202381258,-0.0076162895475581,-0.007979150217656937
2019-01-04,0.008684381722644128,-0.012364787326332812,3.3123880859107925e-05,0.00477906339698063,0.007509879640569806,0.009856189106888357,0.013854417219370226,0.009188977030301656,0.008300556272573548,0.008532893361014687,0.010956315422230096,0.022965024396461926,0.008122938327457712
2019-01-07,0.004020297388900137,0.010222425067088071,0.0030559347119417982,0.0012082569302535552,-0.006323902363649159,0.0016533739640754034,-0.0015335915115415719,0.00667139931692031,0.013264787297991387,0.005018291567876478,0.00319044691320287,-0.005132987273040404,0.0057698512194691125
2019-01-08,0.007477960314922619,-0.0004059043382481088,-0.0003500843718439672,0.004485434522347047,0.01501381884445749,0.0037758250319209446,0.004394570727236021,-0.002173973957850811,-0.00020919590679200468,-0.0002224857173464273,-0.012462604709340033,0.027347668763990928,0.008359328702067641
2019-01-09,0.007637236890317552,0.002823970612573356,0.0100363331550826,0.0053413631149306215,0.004721086098119195,0.009009207316454272,-0.011627665685950066,-0.003220015314742052,0.006464428900536053,3.1819965432230865e-05,-0.000380677123627683,-0.0024754886111462687,0.009302290707284899
2019-01-10,-0.006944952062351591,-0.0001989301274375087,-0.00018640431622762903,0.0029427531360266446,0.0031499181804952835,-0.005573067325780818,-0.0010591735119442468,-0.004022744740840645,-0.0027058364283140566,0.0027142381938235474,0.0008012981614772025,0.00045487405214821974,-0.008864269022077317
2019-01-11,-0.002715388233784106,-0.0011282008468928633,0.006111163585940717,-0.007979498400729028,-0.0036272009241927277,0.0013138219567502905,-0.00037017889855886813,-0.004795640223391993,-0.01363991384279496,-0.01110975097121202,-0.0002402633579576141,-0.009088353258507074,-0.0027893031800269295
2019-01-14,-0.007518965571901444,-0.005853360814251793,-0.0013875586646359033,-0.0014283401811254152,0.005248753419866542,-0.008672388256487596,-0.010794237996945165,-0.005204504783541061,-0.009766480147778154,-0.014286533801946619,-0.009862806505189314,-0.0046786493497174885,-0.008457193011209287
2019-01-15,0.00558107976553706,0.0301178425593611,0.009546891147271025,0.00436351756268563,0.00870017905628815,0.007341419536955827,0.015846677580384532,0.021222541787109032,0.01776319434190459,0.006983137281827875,0.011983577483139347,0.001858250970459988,0.004957182362182374
2019-01-16,0.003022651960639667,0.003357580037651986,-0.007353428655880264,-0.00243877420121676,0.0029532858559155766,-0.0018818236238640352,-0.006466969613126632,0.005632786512475645,0.0,0.001580996487659664,-0.008530677010788077,0.005979958669626161,0.003593663628983353
2019-01-17,0.0016378589423854222,0.00626612049412398,-0.0015149149993393912,0.0012905301818976124,-0.013756375662990133,0.004298539092893212,-0.001349049945455818,0.0010456378880669855,0.011876338624540475,0.0010633828491973384,-0.021063683451010704,-0.015770420453236563,0.0033716499896661568
2019-01-18,-0.0026206826446872164,0.006247231384435735,-0.00642652680748841,-0.0037691621245962794,-0.027345521017120785,-0.002164060489133856,-0.002010068335427034,0.02425201139789828,-0.012924886468538942,-0.016070470032608922,-0.01623008588444689,-0.011749940410044462,-0.0020616173212321476
2019-01-21,0.002796834437902289,0.004916410745830105,-0.0018139879544110365,-0.01113610273388868,0.005176757420750794,0.0033424786224837753,-0.0038286477328853836,0.02410217082688585,-0.014370531229662586,-0.006682430844026535,-0.005728691830016361,-0.013219502706773023,0.0030040601584156753
2019-01-22,-0.0018667428601863974,-0.0002539865194582301,0.0007410607370070985,-0.008230929117276062,0.017915805515782136,-0.004040634260240971,-0.022364514422441435,-0.0009360260608219563,0.007422364879534639,-0.005202710700240925,-0.01385848231248296,-0.009906138721873573,0.00031823973828512797
2019-01-23,-0.008459253733566945,-0.004947833917128772,-0.017065133173474103,-0.007277053435484086,0.006009456671222717,-0.009773313234686828,0.005625236787082406,-0.006714856220507066,-0.0048713171044653236,-0.00664586770171869,0.012932128499900384,-0.012841546599668581,-0.006303005679416214
2019-01-24,0.0005741522661457762,0.005569242763061733,0.0015109450385355282,-0.008746666450972702,-0.005795774769848645,-0.0009911993409488108,-0.0011743239816959271,0.009423638281118557,0.02142491545200119,-0.005063777113836381,-0.001749777400837734,0.005597732386651814,0.00044618570231006664
2019-01-25,-0.005557008871305017,0.004491624922520618,-0.0032913592564008057,-0.0330385913727677,-0.00039357904418552944,-0.005345572627127392,-0.012502210597830674,-0.001358496880694932,-0.0448391390413676,-0.005156978045893635,-0.04857052507270413,-0.013816319417055656,-0.0052996184848033085
2019-01-28,-0.01719460769535531,0.005361555273272571,-0.012520414103390724,-0.014241688033536747,-0.025874516433341686,-0.019086175754947345,-0.010695528891702421,-0.010070544889959428,-0.0032654866942292667,-0.00925481103955005,0.040947659324040875,-0.01609130887296332,-0.020521387183199426
2019-01-29,-0.0029928511744146723,0.007324191115722873,0.006518401440443044,-0.002773067075826013,0.010676992941024895,-0.0037081221144774825,0.0004244347380487932,-0.012872589704475459,-0.004808779118073258,0.001901898636387946,0.0058731071697419686,0.00578641666622684,-0.0012248626510898196
2019-01-30,0.009442161035721,0.0015679330537399104,-0.009964185128924238,-0.00025251701534467676,-0.0025499006183909195,0.0044800422153684055,0.018808326151866072,-0.010391800761978248,-0.007477479131714608,0.0006953620330067688,0.016914786275975806,0.01899392397032594,0.01243416312429806
2019-01-31,0.017367122799095143,0.015874407672409538,0.011362801019264073,0.012242512056633287,0.010336112799582629,0.01594291899358232,0.011659542553476223,0.021434139094427696,0.009010073207356873,0.009331796697547606,-0.010822856960557624,0.0164610517350802,0.016455910094695027
2019-02-01,-0.007704896146775051,0.01441242505757633,0.013311750118869401,0.026754811456457618,0.016207267985269024,0.00039271641113312216,-0.034968299870537026,0.012281497089381605,0.012392770252658225,0.007062978194459346,-0.03566575396986718,-0.03167837096044638,-0.007319349379903612
2019-02-04,0.0037090472071849125,0.0019377942776350264,-0.0063446087027696,-0.005428621599637659,-0.0177323607697795,0.0027664582749667844,-0.007557816309204838,0.015872534806290174,-0.009989172282381399,-0.018091588711706744,-0.01392412365611175,-0.005027181783583013,0.003838029544745844
2019-02-05,0.003125351667491557,-0.0010224084828574411,-0.008333860845237713,0.008627976765580164,-0.0012832684514774164,0.0023378404573010927,-0.009401858782103133,-0.001078401656925881,-0.022735817074373967,-0.006320471918255576,0.022422846711162094,-0.0022481921560594397,0.0032167102553394217
2019-02-06,0.004779240090273054,0.019935014182953535,0.009003424903778852,0.011634591203655434,0.012006444526532904,0.007834174118195272,0.02308512329788212,0.012761233126480824,0.005121976001022783,0.0022022783217002426,0.039876958221646386,0.014091725132837104,0.0032707410875638873
2019-02-07,-0.0005548287819691227,0.0018823052268501343,0.007871326733368014,0.01956821807648024,0.016617826943141234,-0.00031446316274416495,0.0010055472181346775,-0.011042236433433519,-0.0006666333065729769,-0.0032795087966201062,0.024878725408587415,-0.003699840327553738,0.0007139252465627604
2019-02-08,-0.003392340237813252,-0.004114534300026703,-0.016565618698762222,-0.03688121765729876,-0.007904345932176537,-0.005724361381904353,-0.03418371603575202,-0.013985542741024443,0.007528808736804698,-0.013087839649279407,-0.018922418621485682,-0.015352247144164263,-0.0038232953256917054
2019-02-11,-0.002443056738982096,0.004934806930543328,-0.001363107791711064,-0.01195306029454607,-0.016479175420838262,-0.004472628933277992,-0.0055985835039211425,-0.016842510023284664,-0.010199590830281685,-0.008110474528326044,0.013122811370564948,-0.01755780731270579,-0.002860122656509756
2019-02-12,-0.008003625031323819,-0.01001325022013109,-0.006902689742569148,-0.005084862122722372,0.00754671712720632,-0.0104955515743612,0.015565154367809406,0.002655163581448544,-0.014140103775515157,-0.0022918907470079134,0.01323873210429751,-0.016227036198720957,-0.007680287526961016
2019-02-14,-0.0014875828816694732,-0.004842730954877302,-0.0024603735557609634,-0.006635805156113997,0.0017895583150255164,-0.005649752739209781,-0.012469279541563008,-0.03206141888489905,0.008552872944437389,-0.012921795962984668,0.02801818121928045,-0.01831211414423015,0.0036038567975098927
2019-02-15,-0.006559988051634503,-0.0029075007262994394,-0.004845083672065103,-0.011103117621068189,-0.03161245040956591,-0.008068876305538632,-0.02090352125904981,0.019573394915558928,-0.002468319621696474,0.013464639464721878,-0.012112817362582585,-0.019988961749516768,-0.0056933055456509
2019-02-18,-0.005238760566441287,-0.009950938441761384,-0.011804637994862923,-0.008006043827965286,-0.008055872386533621,-0.005871580155636266,-0.009420083243693316,-0.012711778060490288,0.007609691764358379,-0.0015943130631271712,0.006816709526904904,-0.012548661014270442,-0.004300310968294569
2019-02-19,0.0011473747877149844,-0.021005854236176402,0.0015368332024428683,0.0007062352917297022,-0.0024815139469731027,0.0008831216391414305,0.014115572753536818,-0.0015774049804600308,0.01702265510950577,0.0,0.013453117697118676,0.013253633125603544,0.00042000276410461584
2019-02-20,0.01009142856142596,0.01783653526746645,0.0015052995937514513,0.005940171212305621,0.006253212094215584,0.01154799805007097,0.027610989897145166,0.018432886344412962,0.0026269316363895464,0.01708883797300728,0.001674258341378792,0.017044089753668324,0.008900677344425621
2019-02-21,0.003588351542548917,-0.001317365006385534,0.0038801046193488215,0.004330939148713056,0.011552342112849154,0.008741118028390988,0.011202801101674018,0.007982781762607237,0.003927603343866329,0.002049040715490129,0.010867403651664442,0.004946489526302311,0.0035187771060302547
2019-02-22,-0.006856479864638965,0.006126579769905563,0.0025630128930559503,0.01487036702712639,0.007580583526688936,-0.005905784907529485,0.0163349469199582,-0.0013356396408938471,0.015343306047169405,0.0036743117679777773,0.003283291842253418,0.007644142909091105,-0.007794253898979014
2019-02-25,0.010798401471367687,0.02013423035171455,0.0029316779650845593,0.01111095822897174,0.004957777191000735,0.007651931456449409,0.003477216295147768,-0.0009546114045855387,-0.007318142783944083,-0.006827088485086242,-0.002571374736466142,-0.0023249990529298874,0.011110148143624782
2019-02-26,-0.007624908066893757,-0.0008814712415776707,-0.002505959388279955,0.003297380161834109,0.0015017868083044331,-0.009854084147005811,0.0009811827272188673,-0.004572574260010309,-0.01655451932206432,-0.002747488120827634,0.03170616034850487,-0.0149985089082885,-0.0066948278735302425
2019-02-27,-0.005716921014507965,-0.005487335055931958,-0.0027967612031685003,0.0024912325388040356,0.004153569043624399,-0.005393074186828252,-0.002823627846131249,-0.00044579771592164337,0.0015362939846126791,0.003592641331457542,-0.00883986195523205,0.005170384076501688,-0.006105174821998859
2019-02-28,-0.0003508355962302944,-0.010754296842757676,0.00311117572986729,-0.00773758132259977,0.0021012189283805805,-0.0005965068182128262,0.008656245555633532,0.00877409521580008,0.009820046180975513,0.006067622876090254,0.008758763953599782,0.006158431250485962,0.0004415235034152092
2019-03-01,0.009436485024914152,0.007365372157060003,0.006880957587078944,0.006977271432732808,0.009833570070865398,0.0071664852022932605,0.017638430147689114,0.0026519186459268863,0.00043424274321274985,0.008514884790640265,0.03159917829494871,0.025462665343593753,0.009525298921672603
2019-03-05,0.018688075232510846,-0.011690781831070335,0.006235379595393613,0.03077426845325254,0.009097375867443556,0.016871104097440394,0.02617110696220772,0.01673577344949617,0.01977279468122861,0.012461796064161323,0.008491686765978978,0.022278252395415622,0.020456262468189858
2019-03-06,0.002595174649595213,0.004519250832681284,0.0020586960496703052,-0.0028680892259731134,0.011021697075393494,0.006988267253923776,0.007008281663671798,0.016701170736843875,0.008054342579443149,0.009852131762164458,-0.013139762447351547,0.005252429390559856,0.00317136994701517
2019-03-07,0.005017098461206218,-0.009767901247585947,0.006500135524792141,-0.0018568162589048297,-0.012016155769807515,0.0028109188049011804,-0.009461075196376739,-0.000957312054522093,-0.003383395218567023,0.007861870766844508,-0.018630304265087976,0.013986003187125817,0.002268623897517644
2019-03-08,-0.00010081188753054145,-0.01119049683639991,0.0013934624661433366,-0.006167943976376605,-0.00263465283160938,0.0004992644171101055,-0.015116146336440511,0.0002736203446067073,0.0019045480112537996,0.0018941426953330701,-0.010025774186642723,-0.0050090521351041535,0.0001704232989107562
2019-03-11,0.00735175483896523,-0.0013118204305081183,0.010320333937149788,0.023047047311047224,0.014656248749098703,0.00869306011059052,0.027073044798195424,0.026888081215856077,0.009049809944742018,0.023836992007043575,0.008214033650996697,0.02343545109194703,0.007221994026229319
2019-03-12,0.016913913070278157,-0.0002567308316379078,0.007389257566607942,0.00229735732916853,0.012995405586126923,0.014769636563704405,0.0046772762123496745,0.013865816128580769,0.025851921158910888,0.01811975233497681,0.021093247090755298,-0.001897391208091518,0.018477712454803962
2019-03-13,0.015371528656234604,-0.0027108946108044254,-0.0009584777203373124,-0.004023873405968577,-0.018999138187368855,0.011592483383704914,-0.01900934641269643,0.003162334781095155,0.005903374730120207,-0.008270826391854065,-0.020650132975917244,0.016309456042514388,0.012551655604035684
2019-03-14,0.0013423639409246206,-0.0053883246914037605,0.0005154778606309593,-0.004807610582352297,0.009258988147672615,-0.0005694242090146106,0.005444433334053911,-0.0010509085532981984,0.021881819964254843,0.0,0.0036587761283955957,-0.0028560365125700946,0.0026539092471821435
2019-03-15,0.015722907711588338,0.01857741299430077,-0.01701114926743295,0.0025810230271296228,0.004003950509503508,0.014781386700915453,0.002063109435681888,0.001325178726109463,-0.0007945846449243407,0.009689937320647334,0.004884190621501569,0.018581040598987044,0.015768258734628813
2019-03-18,0.007279104832835642,-0.012111007571318798,0.0072814571314959,-0.013928202868313307,-0.0018234202721250279,0.005192763297363911,0.006675880664065696,0.017724735214614307,0.027828587292941572,-0.002887613453777057,0.007004345682028009,0.00609633827692913,0.00868057130810503
2019-03-19,0.005786357648065871,0.008821940823537709,0.008608176825380964,-0.0069791666800540575,0.004298150960086547,0.0036526198576744794,-0.00033026191133839856,0.01583837268384463,0.0011589253215050592,0.002477839496669124,0.007034370057456282,0.01855734577571518,0.005091762084124403
2019-03-20,0.002159341514585831,0.0066699628502684336,-0.0044722506021246606,-0.014337081254301016,0.002150336722280803,0.002935244378931653,-0.01039265755934485,-0.011912371990746969,0.024033153431975526,-0.0029836712754029576,-0.034372205934896746,0.004319593226589412,-0.0009239217945322788
2019-03-22,-0.008405316919671463,-0.003091485622325964,-0.003256405801179368,-0.012930932729719376,-0.007057104817473089,-0.007268668044479804,-0.004314942014744084,-0.015060367201526252,0.006200205542462315,0.007371938969461211,-0.017992198522164802,-0.02085837117572086,-0.006325056629419778
2019-03-25,-0.010237311261956539,-0.008670308780384637,-0.009228242861671152,-0.0118310786757729,-0.003179100502709272,-0.010287946072454429,-0.011310047377347504,-0.00027240785277511144,-0.019480613825492894,-0.00852672479621299,-0.0279622055908705,-0.013404806375456364,-0.012804463410427566
2019-03-26,0.020315652018950126,-0.003915718160507522,0.001214162400690089,0.0058938552887039565,0.008129178418938279,0.015319517447464206,0.01043816915908624,0.024073248519509337,0.00855762607445921,0.00984422665319615,0.008519647724056879,0.030777509818413873,0.02066784427328123
2019-03-27,0.004595853034996127,-0.00112061640278024,-0.0022206229745317346,-0.008713881120115162,-0.010460163041661039,-0.001673056115305317,0.0005031277718175993,-0.012853276222329929,-0.004554882436957845,-0.007772895814193921,0.009370364059157928,0.015745392996905094,0.005638856283402638
2019-03-28,0.013261227589252099,0.014712522100786942,0.011703891266462499,0.002297976776467925,0.005515605201524012,0.013843593652759901,-0.0028208307819483137,0.0033257592277844686,0.014353363671012535,0.010121159889570814,0.03419981999751485,0.035543984626792466,0.013250141658681576
2019-04-01,-0.0030964464506056115,0.017442216246074213,-0.001657928682947109,0.02163625041646961,0.01895097227888174,0.00202617040968583,0.04233683532985131,0.008968155908255311,0.002060573190490117,0.012755987199053591,0.0049903017504515515,0.011469305234705799,-0.006452195290751232
2019-04-02,0.0009145691584392341,0.00928403817441628,-0.003982330325037683,0.010633359750265503,-0.008402868889290545,0.0031111799081177654,-0.004263969654382986,-0.0005203118183081365,0.022938414617871956,0.003221518816334057,-0.008723976851551267,0.011821075793063983,8.412985527473415e-05
2019-04-03,-0.008633930258549525,-0.001593059462473811,-0.003469246001595544,-0.0027847510971378505,-0.01262654782672872,-0.0025393742978485905,-0.0013281606044982662,-0.016158511191274313,-0.00293036031292078,-0.012730374966579317,-0.02369841345154709,-0.027527931713429564,-0.0072942814780247115
2019-04-04,-0.006280229824795486,-0.013760284647286257,0.0009905072752527406,0.00654632633987833,0.009011331500626536,-0.0005678211317662025,-0.004255426475268563,-0.008527165870185642,-0.0007339897835259186,-0.0018252613026359566,0.010828558790686157,-0.004180312654892316,-0.008214236453013038
2019-04-05,0.005992732792151876,0.011257593092922385,-0.004327833091579229,0.003303913173045805,0.000879356513156481,0.0075912958289778435,0.0194873218603307,0.0031494208807847186,0.013129313848237954,0.0019187883590579809,0.005278506109226027,-0.007046663670208816,0.008816387156162274
2019-04-08,-0.007987715956774841,0.006585057641149444,-0.0021685032460853773,-0.0044819020780229426,-0.0029866337921597153,-0.007243379262952711,-0.009833220206168598,-0.011702938945200561,-0.02216406383325418,-0.00020266569769032607,-0.010315863905447378,-0.011047460984209887,-0.008206394387746688
2019-04-09,0.008957825185385335,0.0058071731499107085,0.007181157539343944,0.011254353961123332,0.009624712362294053,0.005109250344809499,0.010248095631046892,0.005300860317137904,0.013978479246814694,-0.0011385221568869968,-0.002092612992673795,0.01622390866555876,0.010205936673634232
2019-04-10,-0.010359339391738547,-0.007624343262226108,-0.0008098344356650511,0.0025134452962574157,0.007961174223303539,-0.011318435175338875,-0.009120318342534843,-0.00257669035661504,0.011260584184556196,-0.006591604821208125,-0.0027830669720222637,-0.010410294505620272,-0.00911350762204308
2019-04-11,-0.0005840144296738103,-0.007805823620699948,0.005194069908449244,0.00525538996256776,-0.001782005339251992,0.0018772315295951805,-0.012231528191321636,0.008217891979117483,-0.00725034880188269,0.003997716499821096,0.0018908709527257648,-0.0006408537902569932,-0.002566533794297816
2019-04-12,0.005105138956885232,0.002287157692330689,0.012607888065437478,0.010007284387789337,0.0037517903446560256,0.0036559281699924994,0.0013520486340993813,0.0006557358664684215,0.003087845792866711,-0.0004538223954302955,0.01411972405971652,0.008102966094699925,0.005017793722949977
2019-04-15,0.005519383118418988,0.012652899635636403,0.0004486223133641984,0.015167800127861376,-0.0009233818193925986,0.003172097649793437,0.02245404464957898,-0.0034258156272806454,0.016368699646018527,0.0027355521377254778,-0.003937618124310727,-0.003959695052217694,0.00519433798558309
2019-04-16,0.01408762451847806,-0.0017888859666961182,0.0063697137783817045,0.00804135035240951,5.288370981149461e-06,0.01015938210229973,0.0027180003817974105,0.005513944867908705,-0.01004128118313079,0.011701470157472289,0.00026705663916346044,-0.0027704197610925684,0.016802228143485136
2019-04-18,-0.010137529445937167,-0.00034824966640512874,-0.005991722674794733,-0.0012140002096848223,-0.0008391268656367057,-0.007609843980218728,-0.012796150379961303,0.008156222948729792,-0.025738459172502913,-0.01401444659914649,-0.022352324325891806,-0.02077782816766313,-0.01039788406401396
2019-04-22,-0.01787527088546841,0.004424458176812828,-0.0046197663739281514,-0.0178510400955707,-0.013313688129312915,-0.017681034527035906,-0.01808954274075065,-0.024285178589812256,-0.02509018194603715,-0.0068925798838568916,-0.009074280559677125,-0.024817907182019604,-0.0207495491679784
2019-04-23,-0.007039298634318448,0.0009716400293562125,0.0025265878490039325,-0.014974445844908988,0.0110687887926816,-0.004187861198221564,-0.00396978834109773,0.004155874585721169,-0.002087951044866033,-0.009020761582659045,0.0013346055890461036,-0.004012572327539434,-0.006903027738683958
2019-04-24,0.012844696982592899,0.012542931342672814,0.004456328696682277,-0.004253072583184132,0.007449200507274533,0.01384379906617733,0.0018884196260173613,0.018260545418455666,0.0064394624299817455,0.007870035170358376,0.012036969923524222,0.015308214910780674,0.01263989215247987
2019-04-25,-0.0100788437590433,-0.0010726233070082135,-0.008522620410824619,-0.006748265380358847,-0.0017406191170375475,-0.009846253206649084,-0.018762368091021733,-0.0038219114634686197,0.003204247672962805,-0.008426602296174807,-0.00452842489465155,-0.015772928017481553,-0.009292399291957024
2019-04-26,0.015179508750508186,0.009230869618865097,0.0022840620584401606,-0.011017818692954456,0.0020260414643036156,0.01298965705336734,0.018401348897720906,0.011504329410916631,-0.004904813815547057,-0.0003022506745290935,-0.0018087195912574465,0.013403820062677761,0.01445454621219506
2019-04-30,-0.008320733003878764,0.012102049653048558,-0.0034173650930508035,-0.017003116796086716,-0.006276480215945062,0.003938355776907573,0.0138372236920317,0.004160156615613862,-0.023341432050458383,-0.01118419051575622,0.014005245641717224,-0.033983313293197294,-0.01503447962672262
2019-05-02,-0.0018899824663825664,-0.01822517231812546,-0.008130374410633023,-0.0020078583844975665,-0.011897153933239056,0.0022554070938903986,-0.0011660991828648937,-5.753006391329395e-05,0.0011608370972338818,0.007901094120650565,-0.01615473766552025,0.0,-0.003140519562467579
2019-05-03,0.008231369429372503,-0.019125571486594387,-0.011386786343926819,0.005695466448976223,-0.00765459292766693,0.004218761865524184,-0.0013783599701212709,0.004188427434617818,0.015539834221855777,0.005793950251430025,-0.008942191190881478,0.010820238806085588,0.008259065501509849
2019-05-06,-0.011270440352772644,0.0011426682881531076,-0.005889508741562293,-0.013573863189823154,-0.00333513198591986,-0.012709979566397064,-0.02049252039011745,-0.003939982830893518,-0.014766808702834564,-0.007631437144490114,-0.022015392009326295,-0.013391997934434803,-0.011816628635227278
2019-05-07,-0.011212771225076393,0.0015133389096928334,-0.0006358162252865458,-0.007551031596259331,-0.004531572541921134,-0.009158291737263251,-0.012785351487466482,-0.016615967466490956,-0.011855110627190735,-0.005806182977692528,-0.02777678527759962,-0.0222902029852578,-0.011209485795324962
2019-05-08,-0.010082006707101247,-0.004606001588194238,-0.005473941941476613,-0.013538310441232371,-0.015960473059300873,-0.012001868677436175,-0.007037151782636633,-0.01899490456848566,-0.021340441675851793,-0.010608478986341301,-0.04638475219092483,-0.013915835787611807,-0.009295543101958965
2019-05-09,-0.0037941304493033074,0.0044262360781988285,0.002687308927340729,0.0009383184883004511,-0.0029420322662606514,-0.0034358133669634195,-0.014430329577130993,-0.018399638844311998,0.003389459289441977,-0.010377181817523012,0.03513578633247513,0.002479765071145271,-0.0037179522645645648
2019-05-10,0.005382835024285083,-0.011423815659731251,-0.003934814609959022,-0.0012718400602210298,-0.003604700078228461,0.006039592926898791,-0.015407274830737979,-0.009097638782729175,0.0,0.002952515882231287,0.008134453320376055,0.025160910842801316,0.0016524016390772741
2019-05-13,-0.013190775088681344,0.0003573241400433025,-0.010203803772424172,-0.019281003742977202,-0.031715052911138505,-0.005571485136794824,-0.018144438149006528,-0.020984956636820266,-0.019293215556723205,-0.02245984380358403,-0.038500998438742204,-0.0512671918430654,-0.014890435480726397
2019-05-14,0.005888085412042516,-0.012141488601819062,0.005972959705469845,0.0021202900529351614,0.015130225591523778,0.0037655110150702944,0.006026015032081485,0.014863852010325527,0.007681497916125355,0.019622343124099256,0.0024225831198533667,0.028106094073135534,0.0040555153602566995
2019-05-15,-0.007406985420769168,0.0008909325404993417,-0.0017117371346610719,-0.012477738181094097,-0.010202886438952051,-0.0013587438088322873,-0.021189120324498815,-0.008150376451154486,0.0032167419656767915,-0.015910552319736686,-0.03810553968257216,-0.0180400698128989,-0.00922696486440283
2019-05-16,0.00831197266346304,0.00991469682418068,0.001492784867485105,0.004451129461871589,-0.0021429326196205165,0.009476387408575088,0.011611776150901485,0.01666315508399243,0.010979249655979587,0.004778157125691422,0.0223944819901366,0.004077213027402414,0.00653237331683748
2019-05-17,0.02040534092732406,-0.00570215648512777,0.024783854910654858,0.024266348458648432,-0.015082766033287762,0.025255334570791058,-0.00128160697974046,0.0004956739272433046,0.0027755645714535294,0.0071989787875292805,0.034700843510622886,0.012573581625577146,0.020574612753519083
2019-05-20,0.036353687685725465,0.00784622229906505,0.019352840908042835,0.03540720559137483,0.006723745162538699,0.03364723508260734,0.032212200425987846,0.031844422567472296,0.04341368769431537,0.027506715510920647,0.01641515321528378,0.0525912920637569,0.035849076089917456
2019-05-21,-0.014780431255793838,-0.012683267314646076,-0.00031922443059279667,-0.025573203414831443,-0.0020830873485708965,-0.01046872733576301,-0.015608445322199406,-0.009465607846613348,-0.003940291312201277,-0.011419744075375693,-0.023448204208932795,-0.012668523022217904,-0.01506869975318877
2019-05-22,0.007180052228972999,-0.00641363074839832,-0.009550039515802274,0.004508953844185256,0.0026589199674079277,0.005430498373609328,0.0035672310403686304,0.0052418909093071425,0.003753053585927418,0.005536850093615363,-0.005209095419553259,0.004510153845826102,0.008012591064616038
2019-05-23,-0.0038630998740731056,-0.00815904422049847,-0.017470410436222904,-0.003601850859334085,-0.0015580494741140318,-0.009750206042992334,-0.014930489184045896,-0.0026532023778646323,0.004671595688259361,0.013149175174071805,0.013086486881186327,-0.0015699334245312501,-0.001270736379946081
2019-05-24,0.026078376054714254,0.0019930123110108795,0.008095297777247918,0.02918566748641197,0.012960576976037287,0.02096329777739419,0.028746560793731918,0.008531876143270641,0.04341368769431537,0.027506715510920647,0.013007480284755369,0.0525912920637569,0.024220948235282695
2019-05-27,0.013843662600650794,-0.000848101748745085,0.004661174868840311,0.0002304861646659404,-0.009741278523591568,0.014465337629680807,0.020920661586451342,0.007065925992277176,0.021544205717900014,0.02218179536341478,-0.00836522234294468,0.020248108856549808,0.012793550216488947
2019-05-28,-0.0015732517884746269,0.013116914670549337,-0.001211518747444457,-0.007591789744614332,-0.0013088198408174347,-0.0037854372294466214,0.009146430959326305,0.006406891846853952,0.0012220886232907162,-0.0068726167695261926,0.0195818211985953,-0.007213068696839393,-0.0006497736466294692
2019-05-29,-0.009614722622389753,0.006548079076417724,-0.0018224749061179764,-0.013944962590571331,-0.003435508717731324,-0.00638975573594177,-0.01876869810066148,-0.009873885303722886,-0.005599229277529254,-0.012183273491560285,-0.009192352240527116,-0.028483339598403067,-0.007077593823501247
2019-05-30,0.007688643354829735,0.008269840306537705,-0.0003931854971390021,-0.005594071070196432,-0.0011734171546001887,0.011489319250890433,-0.004367282768526988,0.012076193670621769,-0.0012290620185163097,0.011229572932961228,0.0004941274344933339,0.004066964579921356,0.006756818175705214
2019-05-31,-0.005140457116721664,0.010156240123339967,-0.005079138312192668,-0.007336509775717703,-0.002315514054646097,-0.0026782298868257295,-0.008274901055568249,0.0021791883526217325,-0.0022864977881819756,-0.004437733831713477,-0.010089288154121396,-0.012743283187373939,-0.005109000742109674
2019-06-03,0.00882935993675777,0.012293638025721573,0.014247893173379593,0.018505492853582186,0.009592992902759738,0.01152840504170346,0.017380184572210428,0.011992807789827652,0.009812546695966411,0.005689283927597278,-0.002748743231141653,0.00551192471028773,0.009485635878874533
2019-06-04,-0.0020429355731504434,-0.01573072391648293,-0.0026721309321497176,-0.003367735417245772,-0.012216081657086679,-0.0019011331482704436,0.0017434694788578517,-0.007071396336685868,-0.003668404046007854,0.003567291855862801,-0.014688814238439698,0.002523187856208819,-0.001357681349268353
2019-06-06,-0.023433984129010724,-0.005797551305693073,-0.004665115510460752,-0.008925037779649066,-0.018412454992326657,-0.01962527576465968,-0.011344670495815147,-0.018650187357450835,-0.0176558251078157,-0.014617098959910679,-0.015822010775031498,-0.05020390931256353,-0.023126682850660298
2019-06-07,0.006755113750698134,0.006086199879758346,-0.002863664093904816,-0.00419652835203935,-0.01209095805260892,0.009036830842957689,-0.005523203631239561,-0.006350224985817621,-0.004821029101507981,-0.0012956444133648201,-0.0002345545872989074,-0.001800269796712449,0.006199815297036878
2019-06-10,-0.0010483373372827283,0.015555181644167797,0.012910373416086664,0.0030045626644775807,0.008169882406442421,-0.0014155716892686298,0.0018215735283605037,-0.006558308181516009,0.0030381797141791358,0.006641177637653165,-0.017081825914952414,-0.015434259203872123,-0.0014633810804637682
2019-06-11,0.007430275078856539,0.005223901716715174,-0.0016350031634348413,0.002868052305333422,-0.00038813298986935935,0.0030368030039191075,0.01309947366943981,0.0064966963559730485,0.0010700474944233956,0.00020961956465577922,0.013062381988768577,0.016768722385355365,0.007842456897339629
2019-06-12,-0.009633500273471816,-0.0013475914751424009,0.0022392035091770386,-0.01138703521202336,-0.007836789723762156,-0.009396308833417296,0.0038730572494309803,-0.0017359562875305119,-0.020712131679020272,-0.009855261259533935,-0.0062610217930883115,-0.004153839881007617,-0.010290220757442636
2019-06-13,0.0003358156076589011,-0.006679383238842617,-0.0008133599344660279,-0.0036891561438691348,-0.0037482479505736447,0.008903153043549824,-0.002078437541972345,0.0004412302960450057,0.0063492276786587445,0.004616243025997955,0.011476142218174352,-0.010460601227198999,-0.0033377833002513186
2019-06-14,-0.011747095756083535,-0.0029706765084339015,-0.012879719938933833,-0.010570718839607586,-0.008008865026614539,-0.008413111840545991,-0.003745244166139963,-0.005676463720896813,-0.02119957924781938,-0.0040871624800405786,-0.02267793774013181,-0.003478573365888777,-0.013678146818063851
2019-06-17,-0.011204358016539904,-0.0024618123681951908,-0.00878836622543559,-0.017014794012498034,-0.013488112176192325,-0.011551892962412913,-0.029078392782061563,-0.020519475529136088,-0.013388098747604632,-0.013817220756754072,-0.01567719455120503,-0.016528516441123728,-0.01095695794303723
2019-06-18,0.00256494698883913,0.005794042397399703,-0.004154551538986462,-0.004665060812982833,-0.007336940825987435,0.0010814588849503422,0.005021422340669248,0.0072032551141137085,0.0007484345100008064,0.00275431675257645,-0.0012180566486743082,0.0020935271599630246,0.0018438455139095078
2019-06-19,0.00036564559646978025,-0.002441317594520496,0.00015719767481483293,-0.011150628530302598,-0.016101012640693947,0.0033767947527136534,0.003957564903279386,-0.0010726066057521004,0.010975879042351266,-0.003244798211785872,0.003576911244166945,-0.009103720835607934,-0.00046583078759840574
2019-06-20,0.013705776931359433,0.0021012503012434926,0.002229992173167058,0.024560173745526187,0.03015494452727477,0.012230402812859682,0.018468205622469057,0.012127819909214417,0.01905871171609317,0.019492951329978803,0.008898572728486005,0.026593376525636977,0.014996681828836119
2019-06-21,-0.00497480883128032,-0.007847725567651414,-0.007705445084884157,-0.012277789163638024,-0.014736294818576018,-0.008568440717531824,-0.003372964171540215,-0.008091826709855296,-0.004730788648770112,-0.005835272134253134,-0.014183259685177061,0.0064865986515851674,-0.006876900222100944
2019-06-24,-0.0008590221501068948,-0.00012354525180274686,0.0013703838552137928,-0.004579490347516276,-0.0012078003947719367,-0.0010889116251015603,-0.012966786450971232,-0.010670262501875213,-0.00971324021265059,0.0026881441258320648,-0.004723695912464687,0.002524738314758394,-0.0019035091391920154
2019-06-25,0.00797408703550699,0.00166964605306686,0.0029957726780814645,0.005849614037776949,0.005703797958015631,0.008294623943952788,0.0172066257564797,0.01949868803684129,0.009348387575053756,0.005204755785418465,0.0026460396885358275,0.010675498222021044,0.007780013861717106
2019-06-26,0.010169530907641586,-0.006974870283340293,-0.0009648474809138772,0.0006724872733956846,0.0173515575921298,0.008318696186260336,0.026922656920163116,0.006136091624374216,0.014849987629006012,0.013101878671769823,0.0051252126883261605,0.01863202791619631,0.009849289300681545
2019-06-27,0.0034325360212425983,-0.006851883082168901,-0.0012641336717509831,0.011088147740659776,0.00021023417882609936,0.004681691007772883,-0.0028987208429213946,-0.0030865704191918968,0.018875269258168677,-2.964582851957313e-05,-0.0020957454700716773,-0.00032970377131831644,0.0035263667383586676
2019-06-28,-0.005268197486155743,-0.0034671280024023646,0.0020073575416850536,-0.005459353868866255,-0.002829183538311613,-0.0028616776754517657,-0.011344042829028752,-0.005915130322851802,0.004751352839834364,-0.0021347112376667414,-0.004817211449369232,0.006682347475225667,-0.006800664881466426
2019-07-01,0.008547117224567335,-0.001240065882884503,0.0018377983326244942,0.012671578009051183,0.013993118526566121,0.01022313986119164,-0.0007552680425413575,-0.005173253392841347,0.02428145757907706,0.005844811526830427,0.025627202786046105,0.0038763061769078364,0.009370415670121212
2019-07-02,-0.002837662381360118,0.009840371928293422,0.0037277504851847727,0.0020529034258959166,-0.009477684122982279,0.0034294831134193383,0.005158066251124335,0.00983001550353361,-0.014845734017724564,0.005223941969018062,-0.0016259309980018752,-0.005452830893680152,-0.005742649150292272
2019-07-03,0.003159605195718622,-0.00915263953352872,0.0034171747510842432,-0.000764668365635412,-0.0011670736788167964,0.0015523125305382775,-0.0004010342756947801,0.003331549120262136,0.008313154636338829,0.005605578149581224,0.01066392806544221,0.01705359576738118,0.004128341460420752
2019-07-04,0.002849451591539105,0.0009256339849841545,0.0025727360005174497,0.00467840980091977,-0.005626186304417317,0.0028946803770584185,-0.009958653446684148,0.0017387977990727457,0.009099535634192846,0.0034093779337869994,-0.003866778469024776,0.012712048060354158,0.0026737437666613678
2019-07-05,0.000125539800361684,-0.024918409654031783,0.0027997680386760747,-0.02864641402152474,-0.015062896299063029,-0.00039129580331784573,-0.03827601184478889,-0.024062705490530138,-0.03637391086398626,-0.018823077446629567,-0.024275057543727815,0.0018331680631840847,-0.001370586594057339
2019-07-08,-0.028093227660472203,-0.01125598926597152,-0.01271170227437688,-0.033132634177750094,-0.015863508795951164,-0.029428066230598997,-0.02128590121962948,-0.028109118322741485,-0.03554087783088066,-0.0317577681014037,-0.033101515413491406,-0.05293372154755901,-0.024925543696820374
2019-07-09,-0.0011344752012185581,-0.007933310735423875,-0.009279373934323626,0.0,0.026598566540602,-0.002215423904380475,-0.0011291491431362076,0.013404585210070541,0.027890297586158085,0.014007946033344161,-0.0009822439081680315,0.013801900273998314,-0.001404127116653265
2019-07-10,-0.0015403625921533888,-0.005647065552389598,-0.005720374537411991,-0.010877683591390092,-0.00031829688639506415,-0.004081247685349874,-0.011398842029054125,-0.0077993567136377595,-0.01584200337058797,-0.014206834336550867,-0.0019673253349403656,-0.01095883602710814,1.1786243304846273e-05
2019-07-11,0.006350634270462913,0.0030082862833093566,0.004776915842209158,0.018441278450200323,0.012475672094254733,0.0067816846875233235,0.01754905933819763,0.005239572634577876,0.012801106382198155,0.0042908421435506,0.03799741531509451,0.017048170260008082,0.005157456774160536
2019-07-12,-0.003754234735037156,0.0008607000701140069,-0.0014228349116878216,0.0003527968116808402,0.004214262829718255,-0.0029136134400148898,0.00747579145409777,-0.00743062438654755,0.005181756275069992,-0.00970746147480466,0.004341337231397116,0.0024254505354433633,-0.004539451405452498
2019-07-15,-0.0050944083805760446,0.028144113999974667,-0.005900720106027152,0.002687923354191258,0.01069245725513314,-0.00022447612649636434,-0.001168303745584106,-0.0013649185556877245,-0.0010698567336387883,-0.010719744507751264,-0.0047302054446358,-0.02589394027619684,-0.0060460307978338354
2019-07-16,0.004092359371045666,-0.005223640548719681,0.009810733519533942,0.006863074310432387,0.014005293796419519,0.004479976366365275,0.008588622190032312,0.01536654257973077,0.01873504040941151,0.012733301663995566,-0.0014599607710037736,0.014439869373622365,0.0033848515816318567
2019-07-17,0.005373006524032525,0.006113944592583513,0.00839770358181261,-0.010269867380219911,-0.0020625349947684555,0.0046342457024287536,0.0005090986599384749,-0.008479886092833228,0.0017494756783890829,-0.0046480515495081675,0.0068432869218912245,0.011123666864444963,0.0013477789609541715
2019-07-18,-0.009969658213581698,-0.01138763528865691,-0.0020399363476638088,-0.02776764710766816,-0.013000093296995517,0.0011043258149224567,-0.024950631242852614,-0.016985141289939068,-0.015323859824299782,-0.014591525016455751,0.002294881063231129,-0.03231788776708282,-0.010902290218524851
2019-07-19,-0.021935744842539354,-0.007437962538873823,-0.017970322120211834,-0.033622554382776025,-0.022511861772542975,-0.01988498479028691,-0.013314328212966074,-0.0022015137788712917,-0.014841665060978178,-0.007258088305781884,-0.025463818219383667,-0.019165060518647685,-0.024814793751779855
2019-07-22,-0.01643920552917152,0.004190445810112548,-0.010827540078704876,0.003816004075623763,0.009993307452747032,-0.02582480364429744,0.016727484621362875,0.01284492295942655,-0.014151157868960273,0.0021105871897218595,0.01861195322191141,-0.005498688503613577,-0.014610718743896415
2019-07-23,-0.005370370360989402,0.002918423684659491,0.009564135256279964,-0.0060568915870009435,-0.007068545024735388,-0.007237104074637529,-0.003359208990597929,0.0023804483612254556,0.009818305079619033,0.004756090225421674,0.002159882952080207,-0.031646067914281865,-0.0015483692541392647
2019-07-24,-0.006055412369865237,-0.007297424486695477,5.517473499754916e-05,-0.019693348728459004,-0.017893034662165287,-0.0014341432758920624,-0.023964600570000077,-0.011776013416201306,-0.0105493659318538,-0.013860296944050051,0.01673198725863422,-0.017465681859727897,-0.00859824548310518
2019-07-25,0.0031312867100000636,0.006086498915460743,-0.0003087212288690111,-0.003723208575866037,0.02169303865463188,0.0015278748492505874,-0.009834614737218892,-0.014124831062206683,0.0012790338369985904,-0.006563281589605688,0.010718045208293668,-0.0093341333584917,0.003973266032084922
2019-07-26,0.009671391189311842,-0.008214809026096835,0.005462299147357658,0.021303326785060202,0.010391355813423766,0.0058282338113199725,0.0022495706495919143,-0.009385650636459941,0.002189005338001378,0.0027930527922026345,0.00632468824938071,0.011256908372343591,0.012342780758503537
2019-07-29,-0.0010030085096383887,0.0034342599304463244,-0.005759117131368596,-0.03637227041728593,-0.01715347233814477,-0.004107773226521489,-0.030373653185514896,-0.01054751683956886,-0.009336407564890625,-0.018677335113382824,-0.03336263707383075,-0.005147323477675731,-0.00062203534490568
2019-07-30,-0.0173639231371979,0.006523817733722527,-0.003815719365001003,-0.02076971584568884,-0.020361852863820067,-0.008860231160963437,-0.033045060047070154,-0.018311913791712146,-0.014076981310288679,-0.000828523036012614,-0.022918009998745915,-0.050046895695190004,-0.018648056164978662
2019-07-31,0.0029271021785734746,0.007618465859256882,0.006951441830187954,0.012912014952836198,0.013835489601096354,-0.0005349669968135203,0.02391046863545242,0.004346849767158939,-0.00224080611386686,0.003277473597011726,-0.02959149408493553,0.017125415969895835,0.0040383759401399905
2019-08-01,-0.01777549162595667,-0.01861631660498747,-0.004848999339794521,0.0006492962694599454,-0.013708557858470399,-0.01692011449156236,-0.03183651443154646,0.0020960817900853904,-0.010902455412035668,-0.012551511595051891,-0.03165313727406838,-0.026581488381811607,-0.014532982197356529
2019-08-02,-0.00573784169527757,0.005852875978390706,0.00018668353646882484,0.011262011190203071,-0.0013399173979795316,0.0005121418918424506,-0.019311313552814794,-0.010753278402378202,-0.0073982380961860805,0.003929085284418587,-0.013882304407586485,-0.010600162781832683,-0.0032563126947035724
2019-08-05,-0.01994225983167156,0.006234549665501304,-0.005309446875725391,-0.012940757901951613,-0.007686874030872091,-0.013769839189404958,-0.017951224485851076,-0.027622815317186744,-0.0180600958902407,-0.013273282260911236,-0.03434130205305791,-0.017492418742840122,-0.01896175096421198
2019-08-06,0.013438257491023883,-0.00024167549204025498,0.002422524352739952,0.014194731804042095,0.0013502498850967424,0.015436351819438063,0.013447564652521582,-0.001700119351001799,0.017488744989054814,0.01674750967483318,-0.011910216791404457,0.014248840514922164,0.015749311717324157
2019-08-07,-0.011487018218612576,0.004408617040327922,-0.001137625761209442,-0.021820967582557534,0.0078034571767583985,-0.008799576994878683,-0.02422861572123384,-0.014204809814307323,-0.014391497832110528,-0.008568568154141714,0.01874710967990293,-0.03414196372520791,-0.007971377610052602
2019-08-08,0.014634949710923823,0.018098352442107918,0.010949892833607665,0.02985492516608375,0.010735631190990216,0.013568072610882649,0.012208376101256878,0.02171745718099696,0.018384231603384194,0.00895925356717806,0.013968675548635064,0.017187885283700736,0.012714277586869742
2019-08-09,0.011370396241629761,-0.0029410949321140058,0.005832184019555565,0.01965982682084721,-0.005129394556372441,0.015274712005886615,-0.008636512998519315,0.0023234074951331146,0.00812626193975617,-0.000553522687516042,-0.006932672366357254,-0.002442933710728668,0.012210971545442857
2019-08-13,-0.025029391291753834,-0.025409572560894402,-0.019772910471680026,-0.03934744125544064,-0.009140480648851066,-0.030265879220284817,-0.017712277990302373,0.01879382866509011,-0.010025597743408715,-0.031941385899453556,-0.011634711760419652,-0.027055602308592913,-0.02588607334893697
2019-08-14,0.010407553309107935,0.002709534079036493,0.003859767755309239,0.009190732520251774,-0.013804869790779436,0.009283833781228825,0.023139578903658087,0.00969702796052787,0.005119973592461607,0.01581090438929549,0.027199754969495414,0.015121157456308742,0.01062134203344488
2019-08-16,0.007034683992174672,-0.006545281602219378,0.0017443275814047763,0.011410275132771564,-0.007777802780534542,0.002722244755158398,-0.0037397977631695822,0.0020714015410955703,0.00283313054819969,0.005077348368313701,-0.0012901278087945353,0.0147807664073194,0.009431714370033557
2019-08-19,-0.0010957111740586875,0.0032358684689774127,-0.0018171332318325565,-0.0056313974542021444,0.0073968427193777265,-0.0009012410373468439,-0.004464458888037829,-0.00010967499776040208,0.006204753863436871,0.003980761774689133,0.00659434038371686,-0.008350231732105367,0.0010590590958686728
2019-08-20,-0.0072514496609895,0.011775855671196461,-0.005830589192994169,0.011621863956507448,0.0010780545291687238,-0.006564539755799442,-0.0169535722431904,-0.010574382297266153,-0.011120696172460216,-0.006765173322996371,-0.002862903388793935,-0.023790098205866497,-0.008836391165460604
2019-08-21,-0.009457539234550985,-0.0012573565934957493,-0.009488593537543123,-0.005504776575740992,-0.009392748021685915,-0.007574572530221837,-0.029326582269674856,-0.01522300322971271,-0.020102142380598955,-0.016567198972538773,-0.014574763023947165,-0.029912479172688824,-0.010480946215427427
2019-08-22,-0.02501723394457803,0.0034507788099197335,-0.00010385441573553015,-0.01725056168018568,-0.0008339667677376712,-0.02512181618861151,-0.035485515421495875,-0.02306400691763975,-0.05439208196539749,-0.011899076847615316,-0.03128837604469088,-0.03842902103130774,-0.025335396407438062
2019-08-23,-0.002798437278020082,0.01173990141824418,-0.004908846728929088,0.015320638733879134,0.01419956132457238,0.0025196169032100707,0.03349068854946905,0.02759961417498737,0.008005777795729864,0.007315819173366099,0.040947659324040875,0.020117383541447993,-0.004297338272767954
2019-08-26,0.036161252331317104,0.004642582574534712,0.015824150433567705,0.0049103883670206265,0.005607245917071215,0.03364723508260734,-0.009701750053027735,0.008402923427084234,0.036732655111792856,0.022046341017424972,0.03490000397513972,0.03512931344382145,0.035849076089917456
2019-08-27,0.006234280117023661,-0.013616366661273624,0.007615167377379102,0.018370007112686368,-0.0015604243410106417,0.006560850091002048,0.02072192729702234,0.013646588184719716,0.01136602139141082,0.0074834621100561775,-0.001821873412412661,0.024747047533701043,0.005306352281836256
2019-08-28,-0.011509043120862972,0.01296797053671665,-0.0038879725469872805,-0.018968270164711674,-0.009446585087391933,-0.005638008596904923,-0.03419492990075965,-0.010988186918877796,0.02349426719142049,-0.010439439689135797,0.001015491334733043,-0.01322013664223938,-0.01420151727657712
2019-08-29,-0.018113578731344435,0.00029274324391678134,-0.002195683737249184,-0.0069198848345087445,0.02221654630529136,-0.018795472646974554,0.012453359559288925,-0.0003011605658210973,0.004178450850336971,0.0022592660018706376,-0.015288304095778568,-0.027323428334229665,-0.015869720809885707
2019-08-30,0.004481755277750191,0.007891609066915817,0.017430409660374225,0.005601079515340211,0.019963665617417116,0.006224019708618725,0.015668235558752578,-0.004052365983494352,0.012806293338084404,-0.004023714477934652,0.011821089481891546,0.010134413297294524,0.007750820407528865
2019-09-03,-0.02225633337585298,-0.0015939844149935232,-0.016905376604542808,-0.016042539380228944,-0.01191397827576436,-0.023069408613562277,-0.03149587292469666,-0.02892871676729617,-0.022902555836864628,-0.02588910388975573,-0.026273797959960196,-0.04996683871627765,-0.023679111601213908
2019-09-04,0.011110841245733152,0.002973360976392781,-0.0014349687574387324,-0.01691588413445297,-0.0011038934538173397,0.010280711411747525,0.01596061793278454,0.005744927290033934,-0.001724563747111741,0.010646013642460253,-0.0059965085434458346,0.009261046143380415,0.0074997430568055825
2019-09-05,-0.0075550840506123295,-9.667111176534001e-05,-0.0005449713168006116,0.020389240497332047,0.012980729954886439,-0.01128659377016976,0.025810088240016134,0.020158118148692054,-0.01819292328394792,0.011955666083013522,0.015787548493167408,8.41616205728498e-05,-0.007526523694902293
2019-09-06,0.012118133159219205,0.0002245160306323899,-0.0021007770137862172,0.025771194614353943,-0.0003717357002009484,0.009290432980785175,0.018881751656075318,0.017463204796130255,-0.006662760050868019,0.011236089225536745,0.011875997433777829,0.002270305582819443,0.013984835789981439
2019-09-09,0.009378593609006098,-0.00720724115827844,0.006814498112380246,0.00881709983946202,0.0011333500606622636,0.008625723527508598,0.0009962790951774474,0.0018110171249842663,0.006662760050867975,0.014098015479670285,0.0032478999726786653,0.01599696780991795,0.00970797956621879
2019-09-11,0.009824458833332994,-0.013763172776311382,-0.002996297051154964,0.03540720559137483,0.0006187812756750895,0.0032518406547299033,0.02283012861745228,-0.0022429250884445167,0.040571986158952626,0.0021163684181925383,-0.00028771629762660244,0.030645183840985045,0.010054463701757261
2019-09-12,0.0015217036429886145,-0.007578723566452987,-0.0064237367390630245,-0.018983966011488152,0.0023787395540103627,0.003237369761662865,-0.001637234877379226,-0.012449334632748051,-0.008853805888168061,-0.005070499798732391,-0.004614369752658098,0.004219561599614027,9.699665893260706e-05
2019-09-13,0.010023871100613035,0.008921653744149488,0.0005895530391298445,0.010461302559268046,-0.008565189319815397,0.007278884364681605,0.013801277275197112,0.0221416573498631,0.014464443257383627,0.003980283636972192,0.007487559661835162,0.002491356238288736,0.010027000049363919
2019-09-16,-0.008712639352814142,0.00128710164083446,0.00556990047562173,-0.008178092514694181,0.004669754983989043,-0.009257116593225081,-0.0014535532112694757,-0.013239852973678395,-0.009556967108185316,-0.008386823948083622,0.002838924794699704,-0.012922535249399613,-0.007805159221665713
2019-09-17,-0.02630780498350164,-0.007491555087520019,-0.002662482675713043,-0.039093321972108526,-0.01709558391939703,-0.023392744407860322,-0.026868134449101324,-0.01366855602138872,-0.037993803248036126,-0.016737293290242185,-0.024378571101664498,-0.03739060408027115,-0.025639430893826122
2019-09-18,0.0015062838394416752,0.0048933662453051145,0.0026764083615287053,-0.001232807787309793,-0.0013116865598447782,0.00042517336491663173,0.011216944933571652,0.010643339875152062,0.014561950701475382,0.0030837212418594676,-0.0043802710433658515,0.010349993481469413,-0.0007118321701062035
2019-09-19,-0.015390500356719197,-0.01151981029778585,-0.006159367476034285,-0.013134756966354053,-0.01575427883812655,-0.009532605217052612,-0.01644985893062108,-0.014431170584151378,-0.01554032865241457,-0.006930844829272543,-0.045059038435883214,-0.022735157918476474,-0.018154703026674053
2019-09-20,0.036353687685725465,-0.002021735455212541,0.025908493938698415,0.03540720559137483,0.023310687380937563,0.03364723508260734,0.04395472142881397,0.031844422567472296,0.038030295430943106,0.027506715510920647,0.03315735450399797,0.0525912920637569,0.035849076089917456
2019-09-23,0.036353687685725465,-0.029509078604265666,0.025908493938698415,0.025545706191179796,-0.015946477783086627,0.03364723508260734,0.011365927331208012,0.009407773125111525,0.027877666090610785,0.027506715510920647,0.007071923149055872,0.023697790523296083,0.035849076089917456
2019-09-24,-0.012612663778011582,0.0196192506738031,0.006160297581838832,-0.0037750547246705713,0.004406604911148549,-0.012011183028325042,-0.016403238544725873,0.006734140546247819,-0.013284238105968212,-0.01175647687092348,0.0020689724079580797,-0.023697790523296156,-0.009543860003606583
2019-09-25,-0.019979130280938596,0.002685675186171249,-0.012418585674918646,-0.03934744125544064,-0.013040904056127253,-0.01937160804088473,-0.026648710437265567,0.005175074764032695,-0.031125778247538472,-0.006160183751457846,-0.019843479875759355,-0.05293372154755901,-0.013342003906165705
2019-09-26,0.013981004705194247,-0.00436585158190671,0.003284716689040243,0.02502408170533733,0.008640637816861509,0.011120258250243542,0.040773208590081815,0.01748227872686685,0.025911522805812867,0.015283106517277741,0.024209018697105796,0.0072818494371127565,0.015452932457646394
2019-09-27,-0.004206763377294644,-0.005008308403050995,-5.476607428143979e-05,-0.01386902735256419,-0.020833283614784533,-0.0004214843588719558,-0.026738486351886727,-0.004116092336858465,-0.0230415314931982,-0.00572737181803882,-0.017550655767237827,-0.009152697458629436,-0.007362947427694005
2019-09-30,-0.026230796480779042,0.01973969501984325,0.0034909664558484244,-0.008121061958445709,-0.019360221903789256,-0.020179474742978546,-0.005762349254159017,0.007650950291625691,-0.011336511601653037,0.0069904197228798344,-0.02110897649029515,-0.035225085839656195,-0.02786267998121177
2019-10-01,-0.013061215791445804,-0.015557854404893018,-0.010758021592259645,-0.0038843826524014627,-0.010829827527730476,-0.0016760833093410867,-0.017697767018721187,-0.007462491862289977,-0.0420304292807935,-0.01387209647155454,-0.04421314049982372,-0.03850267124144828,-0.01377245858267053
2019-10-03,-0.010899732881688592,-0.0014585429160872715,-0.0003360680194227345,0.003964465612917721,-0.0006297069179565621,-0.01143444495666461,-0.029852330442543425,0.013322141198332797,0.012417507146540722,0.0022098061547681587,0.02814024344038337,0.0008151103528373961,-0.010188974422973422
2019-10-04,-0.02430393309662886,0.004072714512275605,-0.015179075690489704,-0.011927409742094709,-0.008728990837601681,-0.020007742608095166,-0.012695535817324147,-0.004344824679504755,-0.012216045007950121,-0.012629892047012174,-0.036478512642133996,-0.016222329182433312,-0.022291671715364468
2019-10-07,0.0012865577343727805,-0.006116974143218887,-0.0036022941246413396,-0.006700368447550801,-0.031715052911138505,-0.00032559321967919747,-0.011933185444161812,-0.01254201138735665,-0.0117552789919036,-0.011950782186856088,0.012654898586823655,-0.0108000972311478,0.002394406157448364
2019-10-09,0.03601583598651367,-0.007769458516469681,0.0016879852653760553,0.014214383751232747,0.01204778024644813,0.029838345329914886,0.020817510250538535,0.008983412668574307,0.02018231974985748,0.0183332733681201,0.0029443058499790124,0.030524265631778708,0.03413293811019946
2019-10-10,-0.027199250318387283,-0.002312856533833377,-0.004037030978852015,-0.013643581362203028,0.0,-0.019356666253948066,-0.014931587940579936,0.007043652356937643,-0.021406322569443127,0.0064996548821832575,-0.012967777817952405,-0.029873466086727578,-0.028641776499087484
2019-10-11,0.0010365045043165563,0.014999152467929263,0.00888331156801657,0.005068881682799697,0.005904653944061765,0.0037306956281430463,0.02326718070976156,-0.004425883564799124,0.009548091241790124,0.0013547089623000812,-0.0029827929603331985,0.006946884484870378,-5.750692496414893e-05
2019-10-14,0.00496044608001161,-0.002885681417836938,0.005730512524483333,0.016531446741596626,0.011372956575139518,0.0017097121483780754,0.009835454193314119,0.006407345321805077,0.01902530576871045,0.007605672558130363,0.00642244216051601,-0.003930640898822238,0.005308891876134567
2019-10-15,0.0131538814291079,-0.0045495891155350465,0.010952853724642294,0.022080496932015678,0.00797573039945998,0.008826356923539076,0.01549249449099504,0.010999323468130762,0.006524961939846549,0.006788252049300589,0.013038474709153137,0.004230539316396448,0.012944597805526425
2019-10-16,-0.0005709547966101813,0.008938509932764014,-0.0009348808543635465,-0.001881285343831663,0.0073443127262052465,0.005702660530238598,-0.0036569987871507663,0.003194567607430164,0.01039126746278127,0.004134335420176703,0.0065558706695663495,-0.007037695353277443,0.00027935984294765907
2019-10-17,0.015667330194172213,-0.004117295285034275,0.013912939421571674,0.030821438957580632,0.007742176155068242,0.012735972150584808,0.00943900422324815,0.009006676960489842,0.005834322128751559,0.006837513293966371,0.01610584160608673,0.02959676130174706,0.016928249097596965
2019-10-18,0.0045019170664616125,0.008353966135870666,0.005396791375695906,0.006392212586664164,0.009866898159403387,0.00521282563850246,0.018513169836423028,0.0128794476426364,0.019015195992796687,0.01308209207118974,-0.010103036319503328,0.014242679317099317,0.0031177578090773343
2019-10-22,0.009940040923167172,-0.035702920029090535,0.005001563535719021,-0.0035342959839081197,0.017975904830141762,0.009865317704374967,-0.005368579836119357,0.005250758923776968,0.003987542823633659,-0.0010609115583207532,-0.003238772797692121,0.005499336039992168,0.009039451643809116
2019-10-23,0.0016459716336642935,0.00980288445945689,0.007556812345705155,0.012514860762865426,0.0020247872938383917,0.004053402061419081,-0.002459168712667493,-0.009039521956991618,-0.008755359839462469,-0.010610193920532977,-0.012599674332394242,0.02053033472108276,-0.0015192477779177812
2019-10-24,-0.012008520014020193,-0.0035015988963020203,-0.0046109925683803,-0.003015790847307341,-0.004351226401994495,-0.0048143365965659084,-0.007124669090995253,-0.000384641824540953,0.009134314372402776,0.0027090009523679996,-0.0063308449775649036,-0.03651288620078675,-0.009758946496020668
2019-10-25,0.009845558118288685,0.007907603677853337,-0.0021186283575160988,-0.003256482876264404,0.0010863325287854525,0.0009369929348897297,-0.003602169723136284,-0.002774295500607418,0.0035926357200567888,-0.005594355708417487,0.004744664576808746,0.0332362011298565,0.003815518338899276
2019-10-29,0.016099868687831087,0.01878701751306549,0.00833334805316099,0.03540720559137483,0.011316802837356907,0.012623393746517348,0.04360466716896296,0.015236454874571703,0.009019204239771697,0.009240611158987857,0.003773889291794469,0.011282013896961167,0.019756955094298978
2019-10-30,0.003823910275521924,0.014014007298738885,0.010069384153924645,-0.0024705316476320047,-0.0006711860024538393,0.0017334470493658956,-0.0016095417484877042,0.008870749302453683,-0.005439314568125169,0.009125793997425163,-0.005767361196085409,0.03667150889061731,-0.0005392004304941138
2019-10-31,0.0026226174499361767,0.0105799553427903,0.0014134595941054891,0.0024409445357757797,0.007491648950198257,-0.0017260052794991093,-0.005383861459299726,0.0013565794186420701,0.011779116692997856,0.0027577520477874103,0.03294095557321457,0.03777108028740087,-0.0021322345232240407
2019-11-01,0.00875223787550916,-0.0056847390106502,0.0040173101309978355,-0.006721111139530586,0.009009676115212823,0.005080834815979365,0.024099931814537102,-0.00639549116144567,0.007960771175491677,-0.0060679726280756865,0.040947659324040875,0.0143205823780924,0.010161970629218073
2019-11-04,8.39680628223465e-05,0.007732810162368815,-0.006001061015572295,-0.013500966020954455,0.0021864263622953313,0.006295775666206143,0.030902324000216117,-0.00046099273940396554,-0.005732749100026152,0.0021325181079533844,-0.031077749327973365,0.007015842179395166,-0.0012021226602188444
2019-11-05,-0.0037405113724195767,-0.003717278114013076,0.0032731278605959164,-0.0029267663682312687,-0.011018423961803353,-0.00012430048844668,-0.009583443837215343,-0.006046287040337328,-0.007072405551330381,-0.00577280187667775,-0.014548334991966965,-0.008334280045276622,-0.007559993806994792
2019-11-06,0.012814712693133636,0.0017912745284441335,0.00097447462305289,0.00032688086879013227,0.005921893726659076,0.011568291705425462,0.006285256218754456,-0.004045098407781953,0.023443530823069596,-0.0010794770696158974,-0.0033770668237627748,-0.007431764562087701,0.014932395374954603
2019-11-07,0.0007691051039913682,0.004046769619111457,0.00440175701406705,-0.0022970500288848226,0.0049898201799004034,0.0047938161271176005,0.009674179429316409,-0.0008918239220881424,0.00871948999127731,-1.515259555078691e-05,0.0034857891198457093,-0.014467501208312408,0.0025215159041111134
2019-11-08,0.0037877062613736493,-0.015551327151357531,-0.01825017658688349,-0.008562198988487188,-0.022675454360110803,-0.0018909690643540988,-0.017489101934099475,-0.01767027097613762,0.01650252907409805,-0.009860278785012161,-0.007285049259955566,-0.01912214872491315,0.007088432439334735
2019-11-11,0.011837236005558615,-0.004871009649082557,-0.004547430684645299,-0.0013044438967797292,-0.0003210829553545431,0.007216794081199027,-0.0010912603830310343,0.0014853139868673843,0.008326759705408438,-0.00012295553155031706,0.028640893552834407,0.009799796489744774,0.013078767511826017
2019-11-13,-0.018619668538095154,-0.004425585997003627,-0.006944937987341994,-0.001079121653553462,-0.016115193184499457,-0.011715438399910199,-0.020690802603606142,0.0017556348973819626,-0.018159681050833616,-0.005453955715005727,-0.04632237772022533,-0.0319342261128538,-0.01783224698143321
2019-11-14,0.006800280997859628,0.009650825891005447,-0.004538112908774162,0.004981279221752715,-0.009048114526755737,0.010157216992136078,-0.019770477433094704,-0.0036181176088613013,-0.002338318964146194,-0.0053906512844673566,-0.0010597493617564447,-0.0018055678564697255,0.005820815268224476
2019-11-15,0.008369776197068574,-0.00508803278686662,-0.004774503981120824,-0.004527441589182729,0.01686945413993801,0.005266707681914883,-0.003116655977023456,-0.0030445298734201004,-0.0025242771490747717,0.005838550706673107,0.00503768106465487,0.03223525925900263,0.0030104880828743606
2019-11-18,-0.0005257705329052518,-0.0010063675126825232,-0.0039852528908511375,-0.004289334545370239,0.01235116187994276,-0.001306023627224038,0.016215601629664556,0.0016729638224309146,0.0034242862296923336,0.00322213893760751,0.008128975208488222,0.01418256960478761,-0.0005303754542525854
2019-11-19,0.0078469242389207,0.0006274234275351674,-0.006189474351722147,-0.0068034587468945844,0.004454997236063214,0.00044268769253175296,-0.008581178803973471,0.014454437962351876,0.0005395949458185166,0.015184037331245365,-0.0059935690906619925,0.03810211560515786,0.006474923605845389
2019-11-20,0.0037577560718489006,0.0008915021840005158,0.003751086547183587,0.0024584997133287006,0.03210365243802187,-0.0019077637428804729,0.002756360301796451,0.01374058484147184,-0.01485525718751984,0.008228386398657231,0.03181794106975507,-0.006587256213068648,0.0074948242921606505
2019-11-21,-0.00012440828597656706,-0.0016039101603294798,-0.00631785470415753,-0.009839424227198598,-0.004778518928801156,0.0026427265078067,-0.021801118789458503,-0.015541833136594253,0.005460515691647028,-0.007273776463938815,0.03995433194075087,-0.0029590232810278094,-0.00236156369021852
2019-11-22,-0.007631883518713737,-0.019680481676045525,-0.0027227173274988795,0.0037781900830789325,-0.00021690427574078017,-0.004797825994675815,0.02031480738330989,0.008416233419581462,0.0014510936092408456,1.516045399311153e-05,0.020114532551066395,-0.0019514867503333726,-0.006578831015656771
2019-11-25,0.014179839036780028,0.00695759580732141,0.008919944671226924,0.017249334573328428,0.017735193791183018,0.014490895396685492,0.03156527219106774,0.003240420416747946,0.017429265011004738,0.0128513501392572,-0.00919026405282021,0.01610236599905371,0.014337251130764563
2019-11-26,0.00513477482504912,-0.01188773981448055,-0.000973593186771952,-0.009198431409256068,-0.004112384190431049,0.0036455866909051475,-0.008277806659881733,-0.006040061455505394,-0.00930574366854005,-0.011943029877082801,-0.03694117216714406,-0.008299764066482604,0.006094076688908042
2019-11-27,0.0049564132709017,0.0066790921239079015,0.005350264379598325,0.012629903373151345,0.008311022109311419,0.004116086333515225,0.008604462624168498,0.005904855770275474,-0.006493595438098469,0.002025593219736839,-0.003950923891491064,0.01752209965183017,0.00342049833384364
2019-11-28,0.0077189498971588725,0.006611593796825465,0.001326748692758952,-0.002820019439418079,0.0033354992409860315,0.0014674578873624003,0.020534211237755683,0.005833558544957012,0.010799241496307543,0.008960055316716906,-0.0003720726288463489,0.03431471582640681,0.008075525552084633
2019-11-29,-0.005520611361995938,-0.008217218739921928,-0.009251527333640347,-0.011527416581850247,-0.010167996485142822,-0.005485050463896593,-0.01186989319657912,-0.008276287962271414,0.009797887660987502,-0.005252034024099003,-0.02491984771875409,-0.017487582017066176,-0.003245682350706297
2019-12-02,-0.002339522411218421,-0.00978564331411762,-0.002780249103589569,-0.009100148210489569,-0.007476028733822176,-0.003228535657886044,0.0027195522696164976,0.0016219813906444198,-0.003551770891893861,0.0030645232182506883,-0.004670571182438004,-0.008689855394811319,-0.0006350257784231644
2019-12-03,-0.008131084334865158,0.004618325293897375,-0.006886833462809592,-0.006071246038161965,-0.010399640665932814,-0.0015969483758458635,-0.026344386271175566,-0.009073211896062859,0.01325459066163362,-0.012542723544440759,-0.023853818374625017,-0.029057010824683913,-0.0093314160549713
2019-12-04,0.011509366304402956,0.01690638570782189,0.0009139585877730164,0.004047397270288492,0.009482718889005542,0.00747526004443907,0.015402204252104952,-0.004987100254354632,0.001929381696240528,-0.005085877479893875,0.00798682045040654,0.01933765409485882,0.011408093825890909
2019-12-05,-0.00836378861218035,0.012595642482474448,0.002912128273150059,-0.0068702490148783565,-0.008612975356936404,-0.0036919094782225156,-0.023330752343464302,-0.006345159946390957,0.001750700689849318,-0.005833345731797809,0.02908451361680253,-0.018210245152222998,-0.007901832220127875
2019-12-06,-0.011780385284157925,-0.005082056638141169,-0.008434547275105671,-0.017170382960542453,-0.011780751829848776,-0.010780720471233114,-0.0031890469319287443,-0.007457042312146673,-0.008607913342315015,-0.005527795891616924,-0.03477487830017283,-0.04489601195700766,-0.009723124535112527
2019-12-09,-0.000794747625622744,-0.008700439571173592,-0.0053011247936706465,0.007236798554845389,0.00035184201619777044,0.003593544213846153,0.006230859507038023,0.008736842169076893,-0.010463806238895685,0.00296020860672719,-0.0065110105116363655,-0.0010571437241678635,-4.613366679420123e-05
2019-12-10,-0.005003472221178063,-0.013991902682499504,-0.010457784688970203,-0.007909532659234964,-0.002496735438161743,-0.0014771186643989362,-0.014129230973266332,-0.016935146049250876,-0.009134184695466441,-0.010337014265107646,-0.019590392662674365,-0.016178145074286727,-0.006960581803771035
2019-12-11,0.003088885381327907,0.012218851943757793,0.0014444208664657998,0.004737911283070501,0.003438461491615886,0.006746146751999616,-0.002527079945705024,0.009610786930349629,0.00931241017728567,0.0024080861512405594,0.006468281755207535,-0.0005996303553040182,0.003873571763900141
2019-12-12,0.012990830261226226,-0.010474113288432146,0.004160429378070695,0.013092663284930306,0.009679589858845887,0.008858237018863027,0.023335409142316445,0.007289889092040237,0.008519731769953567,0.005586146400258973,0.003104724374956902,0.022031903614824662,0.011146142060385297
2019-12-13,0.010954903021909877,0.015106368996543832,0.006538755447708256,0.015988948344456005,-3.732573094603952e-05,0.008190713590354531,0.02230845778543477,0.007377109436779394,0.01665098535804854,0.008267528035513862,0.004313518092933393,0.03947437350358618,0.00968270967952253
2019-12-16,-0.0012517665168814607,0.009702438933502946,-0.012672718355506174,-0.009825475592593964,-0.0023893766101925457,0.0004960040139734065,-0.013664806925426909,-0.005857883122690766,0.005892607022979446,-0.007157089278566375,-0.006078327755093422,-0.006028150139900054,-0.0012459543221510717
2019-12-17,0.005179834769789755,0.018615480936211612,0.004614398387622043,0.006125777675859969,-0.0032760419404516856,0.00945056874631294,0.028402910254831173,8.448325109289266e-05,-0.00259538162525949,0.007585550351215151,0.009696413304422894,0.004743609404617888,0.0048561292879836316
2019-12-18,0.0032305708868731547,0.004689332766953968,0.0036049124395847584,0.00526605075747446,0.011373151593170603,0.004418421525950208,0.008181725598395017,-0.0011712365994019512,0.006733969019110343,-0.0015615733902747484,-0.003448168040483629,-0.021476069602969668,0.005892739456664467
2019-12-19,-8.686620011934269e-05,0.006490385736503317,0.0031329390143583122,0.010235277621057805,-0.0022333745456022745,-0.003254497457386029,0.001282898735097397,0.009732038005421719,-0.0005163745745583534,0.006048882443896962,0.00025475303572760044,0.000338145851714269,-0.000712218910676229
2019-12-20,0.004440908231213285,0.001996343354321817,-0.0009795456970016674,-0.003920502927365763,-0.002927539305939962,0.003722930902722342,0.006075631643364258,-0.0019724147488699335,0.005323334608581974,0.0005328664534416541,0.01201398576596861,0.02250024229020649,0.0005495990240084153
2019-12-23,-0.0014059175229035991,0.001321360167503872,-0.004569615633531167,0.005755814833699104,0.0002546190968493907,0.0015713283897501851,-0.00042480022176455846,-0.006835682294167891,-0.004290746984925905,-0.004362637587207504,0.008576996241313464,-0.013510279828791131,0.0003728367096710934
2019-12-24,-0.0018167667971515202,-0.005517687605086089,-0.0006752716860781506,-0.0034163666803258565,0.0027658175876730793,-0.0030834728729637415,0.00618836294355385,-0.0069299528562896204,0.004290746984926052,-0.00536490204814355,-0.003277271281439224,-0.0015585200136343411,5.583281902461689e-06
2019-12-26,-0.008807057214658133,-0.004557784400803455,-0.0044473206558516805,-0.002819046570505939,-0.009482718182058529,-0.0054931233196039205,0.005803627666143292,-0.009883945178082535,-0.001885723725992109,-0.010428589954181177,0.00030592701743573005,-0.014657973942327542,-0.008528080566196201
2019-12-27,0.01287547774769369,0.004716218311635822,0.002720473285079762,0.009335595153306852,0.008770284305848019,0.010659906346610779,0.007764628380622182,0.015143954358209996,0.016000382904951906,0.013068682863325519,0.00979698604905887,0.028773364724351914,0.01119824022529625
2019-12-30,-0.0017740417432485704,-0.0003612783325496625,0.0026469895654244787,0.014457674336482115,0.0018636812135286015,-0.001960454073321017,0.013011116617942324,0.0010781422732088824,0.0011813556101788892,0.0028776699312575925,0.00809143551160762,-0.012241493577497821,-0.00021806398686520832
2019-12-31,-0.005990677302231448,-0.0078021236099099205,-0.003441760839600732,-0.00930403485194817,-0.005327746813719595,-0.006381781365461697,0.0017149772991982503,-0.003385607365689878,0.007058770774526773,-0.004872422829912672,-0.014695260492944692,-0.005077449001963305,-0.006557863960493519
2020-01-01,-0.0018284014353869297,0.004446286125099381,0.0,-0.004642038748472827,0.000864062626604365,0.0011533733960340882,-0.0018758882142254538,0.004991207337893052,-0.0023473575386654287,0.0024391789750499424,-0.005225441099877764,0.0008116833341738442,0.0
2020-01-02,0.010564511620814317,-0.0007953728611332605,0.004792350016958877,0.006961085622823842,0.000850888351368738,0.008424555670614715,0.02606942756668356,0.008761974220082114,0.01052024018226861,0.014813493760924421,0.0035885114581581047,0.019714165643354126,0.008186461904798138
2020-01-03,-0.011613277627358032,0.014343128143364452,-0.005199118990246104,-0.012083708615671386,0.0071756286337191465,-0.009351279344639302,-0.0075372383885640715,-0.0045800352724615296,-0.004495158213497363,-0.005358600604462085,-0.022549864773806726,-0.02054567559520782,-0.010234394301439503
2020-01-06,-0.026289520208264822,-0.0035704772428878317,-0.010347503995561386,-0.02346067549855288,-0.015479254787917462,-0.024908126500488816,-0.029428067609714843,-0.019990065691743733,-0.02449239953361154,-0.01748524153713372,-0.024815468773301402,-0.04440950729101453,-0.02468568132694121
2020-01-07,0.005180690662144481,0.0009693401624470502,0.002095168249540308,0.002972235273751091,0.006134612616098379,0.007872468750039375,0.00725909997229436,0.003596499726038983,0.019138509707847702,0.006021114849514002,0.010311488223808325,0.0008279345911447859,0.004936066372498341
2020-01-08,-0.0008204253504144916,0.0036579298800096817,0.0010509058786616217,-0.0074944299602709335,-0.005033501398078906,-0.0005659827598002775,-0.00671689862158129,-0.008188547116102647,-0.00336078300206192,-0.00436976054714287,-0.004939736384156269,-0.006142928806640321,-0.0007567296671113303
2020-01-09,0.022650890349879833,-0.0017754739293119747,0.007677901086620707,0.026402328740720026,0.004616554205683175,0.01961869830812542,0.014191014508767827,0.014915351957194775,0.026903005281261595,0.017123182472326554,0.023666512974743273,0.023861097768944243,0.022154615367414327
2020-01-10,0.00015578980044032484,0.0021797057183222898,0.008161165743272655,0.008577193435007957,0.003150717145972831,0.0013391062712212486,0.012023040023617171,0.002500011116644339,0.017863417873325113,0.003722047096450035,0.0015260689452495154,0.0006298419055054223,-0.0017610723139215912
2020-01-13,0.0024971111578881698,0.01652940426641622,0.011230573485371417,0.0012574437678923322,0.0024726116441260264,0.0017370272411249205,0.01167151392476107,0.006453301039276632,0.020707971972880806,0.006577887230442871,0.007959666894629054,0.0029614224377430016,0.0046032770629076255
2020-01-14,-0.0032996881157054863,0.00837418493761571,0.013965930355505545,0.006468974091558359,0.00476058115427697,0.0021943982817956057,0.00919520040054353,0.0006169121377018813,-0.00126200963377145,-0.0005252455797664936,0.020738144007429044,-0.002575458355774619,-0.004716091356598295
2020-01-15,-0.0077234274278828565,-0.0009477456819742157,0.0029399041332627833,0.01152058608755297,0.006043080530857552,-0.0021260715012007686,0.007145235514974789,-0.002135803569735711,0.01301670989456994,0.0005402631945132171,0.008089270731616905,0.00038571605997249857,-0.008779160670773738
2020-01-16,0.000910770479831094,0.0021266354624117547,0.0032312973085477747,0.0012574489552591534,0.004508375679170176,0.0013177798170439458,-0.012624461263345058,-0.002788052393351749,0.008996474448422151,0.000959707131263731,0.01432263370418752,0.001014384031502325,0.0007110939168008513
2020-01-17,-0.008298606093152394,-0.0015303680642143559,0.0010604429763006267,0.00376844964055487,0.01718639874512708,-0.006403781769100479,-0.007009445827829946,0.006442667762252922,0.0010803492474700679,0.007153880433413728,0.0035354523804109373,-0.005673436773501657,-0.00801914536724304
2020-01-20,-0.01627575368359617,-0.009178934738289674,0.0017612223354422397,-0.00892712434823053,-0.009142621365000879,-0.013979430821440757,-0.01010439425401313,-0.013954710518199345,0.005077305908365852,-0.006150128312027541,-0.01856603876230535,-0.015185043540291,-0.016364815431510443
2020-01-21,-0.004291577201678001,-0.0019733098494760827,-0.008975245426404203,-0.01286870878064799,0.0005864020882776674,-0.0037641443701489684,-0.012740207871139749,-0.004925396090453759,-0.014375374001461577,-0.0011236377076446569,0.021982486037656863,-0.0008699188720453911,-0.0035959275824920503
2020-01-22,-0.007984031472844526,0.009803267361424742,0.0002311806094220819,-0.009351302153775267,-0.002123279886852219,-0.008931340180882716,-0.015549092783281981,-0.015480257421826283,-0.0009345414791341666,-0.00416097514475995,0.01717120515067218,-0.001161171566056879,-0.009855608843307717
2020-01-23,0.009807994643492185,0.008525200112840726,0.0023645390934434614,0.008847847675503957,0.005260650858222266,0.007724799552329304,0.004524075758254366,0.010899787915963416,0.020972203637868034,0.013530792680712701,-0.019652311146519764,0.011510225430521444,0.008465721987904134
2020-01-24,0.007637501170455006,-0.00010018411952557057,0.007910499862718775,0.004008046991314061,-0.0007412677170255522,0.00919236554322707,0.009684809694366914,-0.0019247743318660103,0.003047389280760087,0.005642091791368489,0.009596696939940712,0.003439725994306525,0.007372075478397346
2020-01-27,-0.013027115414534045,-0.004819488057194457,-0.010385825923377149,-0.0020201081992256894,0.01463782945863822,-0.012961238398277244,-0.0314049553955498,-0.011898547719702997,-0.0056450105054786665,-0.008452759766365916,-0.0039498365614254,-0.022760457155065934,-0.011259369613817311
2020-01-28,-0.002467547057327598,0.0022057034219319276,-0.003945159455194295,-0.01244067960251864,0.0004633228544084214,0.002693960077520688,-0.025225552806402637,-0.008161457450193494,0.0004589657107336559,-0.011925071191530232,-0.01146011631549242,-0.008652103818620296,-0.0025606551016882045
2020-01-29,0.0037508804692105878,0.003011379393766991,0.012784101099858934,0.00785895800102836,-0.0008851866875478588,0.005150287718146386,0.008892165832610467,0.005747220937032072,0.004729546581301376,0.003835716039091168,0.003781154522160667,0.0031586954785687293,0.002398968619462731
2020-01-30,-0.007463687096006615,-0.00922977029524623,-0.015708455826999108,-0.004749496811638263,-0.021112085936908952,-0.00397040055570545,-0.013957522139344146,-0.013493549922012342,-0.004118075265544971,-0.009579123318034347,-0.012415854689783798,-0.013291441197309791,-0.00809109367139042
2020-01-31,0.006057155672618108,-0.01131754582200305,-0.005222629524793563,-0.011667256841398127,-0.012024059350805518,0.0018841782813240587,-0.023048752472839537,-0.026993089713282122,0.011850621838055608,-0.014243072572350733,-0.005271295005218749,0.008190526448357719,0.003937089157957391
2020-02-03,-0.026632962949143763,-0.005232272969590262,-0.011109300941876378,-0.012217921008460822,-0.02124116877923591,-0.035157469102058,-0.022855569982132895,-0.023113950875122517,-0.05439208196539749,-0.021446043385608373,-0.031044184857011187,-0.05293372154755901,-0.019749264855667803
2020-02-04,0.02185722617346157,0.01795435369716309,0.010091708623579942,0.013978555581127261,0.01924864671143462,0.0282818030599137,0.03263630935763715,0.030834027180640405,0.027364119154055507,0.021984029026682377,0.0016847311685527766,0.00864885726814238,0.019507175755893728
2020-02-05,0.010220825463221991,0.00595751505689941,0.006173992653134228,0.003807229687365825,0.00039391867969982875,0.013204694151819381,0.027056646021741067,0.0096730416371673,0.02418718775720787,0.011428840774914085,-0.009867852201126426,0.005007187632898707,0.009059788773286162
2020-02-06,0.009697413656115815,-0.004716711691910891,-0.006414731706030922,0.0012842330984652445,0.01251128190923911,0.009529141684998983,0.008722298074810942,0.008549882403056342,-0.00045964575355219103,0.007853918573025125,0.015546917762790042,0.027866898464875885,0.009561252299459175
2020-02-07,-0.003266977254778413,0.006029012099026423,0.002368969770005844,-0.009570135476795685,0.013754101915759154,-0.0029846748225230662,0.008167410692458858,-0.0025543212984123517,-0.01840594013303482,-0.007352655188228801,0.019284510017887002,-0.0012313433132197275,-0.004007904993260011
2020-02-10,-0.004619292458142234,-0.0023221125395797965,-0.009164073847262795,-0.025627571731732142,-0.009709059683970199,-0.00038969353380316284,-0.030678341691675534,-0.010885280083244174,-0.010040817711646294,-0.009336482056407096,-0.016081566100609308,-0.009883542700103578,-0.005851852877042389
2020-02-11,0.0077760155413780195,0.0012377697589783475,-0.0037378721137047042,0.004043705039176895,0.00764513206204214,0.006381019255872963,0.008654328802856423,0.013744922929547704,0.0022050148993441303,0.005776962360476329,0.016190987489366766,0.0012871065472896852,0.007029752135624106
2020-02-12,0.006124890643988618,0.005201453789616452,0.01862241968268239,0.005231830451205883,-0.007185282634237222,0.006548323929381777,0.006203027408494782,4.923254603059467e-05,-0.008214818979951953,0.0027543649713162614,-0.001780017770071288,-0.019438562725545637,0.006790109800611208
2020-02-13,-0.008374994613998312,0.008126903948947248,0.0017106109826734181,-0.0023850425148243407,0.0085117620802398,-0.007282008053806332,-0.006259558597659934,-0.0028233090104970433,-0.004451595313356042,-0.002525809220946487,0.005821212993307504,0.0031294978440333707,-0.013717415665555784
2020-02-14,-0.012743187920073099,-0.0018190041298318292,-0.012727547813092238,-0.011781176792446746,-0.00047997887889496325,-0.006979541536581246,-0.01443464954490443,-0.00943129207056335,-0.011216269283374249,-0.0005944131885309618,-0.0012815662116881018,-0.02019099265009491,-0.012461019013686375
2020-02-17,-0.0050102389033650175,0.0002973356564786743,-0.00542141619627332,-0.006631357510119635,-0.015342145201416508,-0.007432182672497963,-0.010345705504057919,-0.015550248937390149,-0.014935263286688616,-0.009912023413976128,-0.0111119875798194,-0.030092841244026204,-0.003717287769866872
2020-02-18,-0.0038599808553785564,0.006051606802722985,-0.003959502362860014,-0.01011470923812563,-0.000798603349913854,-0.003803246541939979,-0.011919795923058564,-0.0017969549231657985,-0.009366615247646481,-0.005511642392697448,0.01839780945966951,-0.008165962182900641,-0.007131699418715277
2020-02-19,0.008980365976850877,0.0014170118342253875,0.015504706131641592,-0.0006436696847550927,0.021760058405436853,0.01418737612601911,0.013600100564945051,0.017915186810776407,0.011000869509236325,0.012844058230655453,0.01936806450466827,0.009051151146871219,0.00890595152593106
2020-02-20,0.003387825561475042,-0.007366437251996653,-0.006466460095157153,0.0013714182533263802,-0.001708270289398106,-0.0006785662477697022,0.008148701124881587,-0.004629740375572073,0.0001632387691514765,-0.003782183168414411,-0.005487958448055723,0.009915476739985444,0.0033379578776702085
2020-02-24,-0.015888480668452696,-0.01133161045998096,-0.016078643290645473,-0.03554281771792393,-0.03019662966898461,-0.019081128932524418,-0.052509090503484505,-0.024326640899190004,-0.02145296795131315,-0.022104374595829618,-0.02274973233263238,-0.02793445144485066,-0.01572827515058604
2020-02-25,-0.0007358010039423665,0.0060985110035124655,0.0008487822246797998,-0.008529915963177726,-0.022063883627547475,-3.567069690698785e-06,0.00030364678837227585,-0.011800763907940905,0.00929771881355267,-0.009091217192046369,-0.006772980999891991,0.00018969682418866048,-0.0025314887027295245
2020-02-26,-0.004143899638752642,-0.01399942303423792,-0.006905672721820683,-0.021690207381038603,-0.012581253445529161,-0.007289689564407334,-0.016468623185073916,-0.018582786836027047,-0.016832287735491863,-0.01354494455317988,-0.007373368117067873,-0.006181370733574389,-0.005688574181833724
2020-02-27,-0.003962424610107944,-0.012845251517524437,0.000522077939352286,-0.004045393937418328,0.005844418057174558,-0.003306342989900361,-0.0082437429169281,-0.008539027644603918,-0.024499396004812588,-0.004502339170143053,-0.024324713298848825,-0.022916311595956054,-0.001486384759522607
2020-02-28,-0.035054163286595816,-0.035702920029090535,-0.022633208301328055,-0.0390454768379978,-0.031715052911138505,-0.03622276842652189,-0.052509090503484505,-0.030164556398355538,-0.03416291029496373,-0.02985296314968116,-0.04857052507270413,-0.05183031977740234,-0.03189851276425948
2020-03-02,-0.009609610726932121,0.014014327731603703,-0.005863219537264581,-0.006838309549733816,-0.005512231465308662,-0.0034297769188495904,-0.02180723937016012,-0.01713745440376564,-0.0032131192438633275,-0.013002356356118558,-0.04655707090266198,-0.04628508142267311,-0.00578655535076743
2020-03-03,0.010634872520350535,0.01897596166491571,0.00913144523659858,0.018745740991467925,0.032678080459227384,0.008612964080894368,0.04395472142881397,0.031844422567472296,0.015963446821178284,0.02408231500548477,0.03266444495568589,0.012624526314224664,0.01211929615071218
2020-03-04,-0.018099923961548928,0.008933948420586299,-0.0062237750541275245,-0.00686510249824002,0.020735190688535517,-0.014584902673687035,-0.007113445417292734,0.0009336721403827402,-0.010969700248804027,-0.006639883573686485,-0.01837555121969445,-0.008166321627514024,-0.01844064807132357
2020-03-05,0.005625730690331939,0.0004442830024670228,0.010441892702371221,0.0021450135974528757,0.007324845675653125,0.002470994949749387,-0.00847654446265857,-0.00963067194880922,-0.011451124321544277,-0.0032950434784161505,-0.007041065909307478,0.013838104509355029,0.005810577236638817
2020-03-06,-0.035820069383633864,-0.013182407519183467,-0.020302574466649383,-0.00848457116210082,-0.015800604249785223,-0.029393667707548966,-0.04518819484581285,-0.02961503291347812,-0.02958581755463083,-0.021847673646699626,-0.04857052507270413,-0.05268800568973701,-0.03818489465280642
2020-03-09,-0.03656793027057475,-0.035702920029090535,-0.025015322513587124,-0.03886749078113996,-0.031715052911138505,-0.03622276842652189,-0.052509090503484505,-0.03351050192364347,-0.036813973122716316,-0.031941385899453556,-0.04857052507270413,-0.05293372154755901,-0.03921933205982397
2020-03-11,0.0009518157846376069,-0.011748390354442986,0.0007927283183095062,-0.009651106918722662,-0.017348254014932802,0.0030499192911800223,-0.016521512638263253,-0.006559741306225301,-0.018438173970752838,-0.0014159183186189018,0.019931958167585643,-0.031528060672441176,0.0046574892632050505
2020-03-12,-0.03656793027057475,-0.035702920029090535,-0.025015322513587124,-0.03934744125544064,-0.031715052911138505,-0.03622276842652189,-0.052509090503484505,-0.03351050192364347,-0.05439208196539749,-0.031941385899453556,-0.04857052507270413,-0.05293372154755901,-0.03921933205982397
2020-03-13,0.036353687685725465,0.011458325553063694,0.004780946552880787,0.024331160629485194,0.032678080459227384,0.03364723508260734,0.04395472142881397,0.031844422567472296,0.02381321553120563,0.027506715510920647,-0.016857193164391698,0.0525912920637569,0.035849076089917456
2020-03-16,-0.03656793027057475,-0.035702920029090535,-0.025015322513587124,-0.03934744125544064,-0.031715052911138505,-0.03622276842652189,-0.052509090503484505,-0.03351050192364347,-0.05439208196539749,-0.031941385899453556,-0.0448966535774534,-0.049413256306155805,-0.03921933205982397
2020-03-17,-0.03656793027057475,-0.028685552184476916,0.008952936910508616,-0.00684268402252831,0.0028338894124989187,-0.03622276842652189,-0.011711689840826203,-0.005200761628606086,-0.024114449400166424,-0.012134103136350265,-0.04857052507270413,-0.004719311798479979,-0.03921933205982397
2020-03-18,-0.03656793027057475,-0.02903494005984922,-0.025015322513587124,-0.03934744125544064,-0.031715052911138505,-0.03622276842652189,-0.027411967098499627,-0.03351050192364347,-0.05439208196539749,-0.031941385899453556,-0.010592278520233573,-0.006631106760761213,-0.03921933205982397
2020-03-19,-0.024430919995764317,-0.035702920029090535,-0.008960289197888648,-0.03934744125544064,-0.00752178679646328,-0.02082180951915167,-0.052509090503484505,-0.03351050192364347,-0.03368362199153895,-0.031941385899453556,-0.04857052507270413,-0.02853570211020614,-0.025610555125666914
2020-03-20,0.011588942182071415,0.03479592568938993,0.025908493938698415,0.03540720559137483,0.032678080459227384,0.02810625410048532,0.04395472142881397,0.031844422567472296,0.026833380187177153,0.027506715510920647,0.037958323907170244,0.01695246207806793,0.012722578326812955
2020-03-23,-0.03656793027057475,-0.035702920029090535,-0.025015322513587124,-0.03934744125544064,-0.031715052911138505,-0.03622276842652189,-0.052509090503484505,-0.03351050192364347,-0.05439208196539749,-0.031941385899453556,-0.04857052507270413,-0.05293372154755901,-0.03921933205982397
2020-03-24,0.011147855028771202,0.03479592568938993,0.025908493938698415,0.01434599129226275,0.02741031971613983,0.014380669656125276,0.003968241891779494,0.01746000227676714,-0.020015242245235036,0.008126454098872493,0.015925232221414603,0.021370466680058348,0.008455089664357159
2020-03-25,0.036353687685725465,0.030568709365454125,0.02216292658858752,0.03540720559137483,0.012700635525472657,0.03364723508260734,0.025497456366074707,0.031844422567472296,0.02574263456268347,0.027506715510920647,0.022759290210732003,0.016863989642403196,0.035849076089917456
2020-03-26,0.036353687685725465,0.02440676842058236,0.025908493938698415,0.02503767337211625,0.011796269308470114,0.03364723508260734,0.0011348347150581517,0.007755066844221279,0.04341368769431537,0.027506715510920647,0.011352296113551206,0.005708488387832336,0.035849076089917456
2020-03-27,0.017942564150971473,0.0026688246365422644,0.0023472964976023946,-0.02452115048817767,0.0056004952423316665,0.005731823743328924,0.007682925450920806,-0.0013542476913380864,-0.0040447674810034475,-0.00868783210995876,-0.011399600998691549,0.00336474066353159,0.017089473827460882
2020-03-30,-0.03656793027057475,-0.020114855006077452,0.0035329891127309373,-0.03934744125544064,0.01210167135329562,-0.03622276842652189,-0.03079378383705716,-0.0214205096582412,-0.05439208196539749,-0.028168430290423745,-0.03230517904156511,-0.0335503165938928,-0.03921933205982397
2020-03-31,0.019069084605665265,0.03479592568938993,0.025908493938698415,0.01322294354726428,0.032678080459227384,0.031248475818261193,0.04395472142881397,0.031844422567472296,0.022472820283786277,0.027506715510920647,0.01755790204170765,0.022441139608579224,0.008320571739007406
2020-04-01,-0.03656793027057475,-0.035702920029090535,-0.025015322513587124,-0.01571044802411093,-0.021094592406716604,-0.03622276842652189,-0.020609418765979496,-0.03217752791154143,-0.019563304223490553,-0.031941385899453556,-0.037923368721661466,-0.03202022116333268,-0.03921933205982397
2020-04-03,-0.03656793027057475,-0.030837928358558583,0.006766032899531434,-0.030475434578298915,0.032678080459227384,-0.03622276842652189,-0.019926238244085945,0.010757110400109496,-0.00029058870131898134,-0.0013804173709332781,-0.014131832866138543,-0.04039662430592165,-0.03921933205982397
2020-04-07,0.036353687685725465,0.03479592568938993,0.025908493938698415,0.03540720559137483,0.032678080459227384,0.03364723508260734,0.04395472142881397,0.031844422567472296,0.04341368769431537,0.027506715510920647,0.040947659324040875,0.023696497167352813,0.035849076089917456
2020-04-08,-0.006106587633172017,-0.007767060487827361,0.003285555752141734,0.018419512745711564,0.032678080459227384,-0.003763105592109584,-0.007449809585647471,0.0014902126548803618,-0.013755375068485344,-0.0019044519494835935,0.017775085839573365,-0.0004755860671805309,-0.0010822617942841666
2020-04-09,0.036353687685725465,0.01879508649224593,0.003920847784127966,0.03540720559137483,0.032678080459227384,0.03364723508260734,0.04395472142881397,0.025503890916878706,0.02867090582493299,0.027506715510920647,0.03798212199260531,0.03206701343396519,0.035849076089917456
2020-04-13,-0.021603958477875957,-0.009904702125649024,-0.01543107843557336,-0.024790956316606657,0.02733733143351884,-0.0313282028454688,0.019136187103753786,-0.013129074671096521,-0.04994832154306012,0.009065462889597734,-0.03394981276898218,-0.01969592234169571,-0.018315337559244686
2020-04-15,-0.02236169411643058,0.007863881720975074,0.025908493938698415,-0.01841188587172799,-0.0006138095455242178,-0.02788876385370019,0.00830640917010933,-0.0092347341790542,0.01822565551131025,-0.0018892628478337705,0.009361246336286603,-0.004788435055243864,-0.021362871241368188
2020-04-16,0.01783591659999524,-0.01899430132326747,-0.005900376919992974,0.011401083284622238,0.017600972350638667,0.01645060903295198,0.01520133182766925,0.0216753263010228,0.007474117027327531,0.013908285506330385,0.025944560191555423,0.014180775234343196,0.015800285335309205
2020-04-17,0.036353687685725465,0.014785560032379175,-0.010557979959684393,0.03540720559137483,-0.004526857646984956,0.03364723508260734,0.020438667677273956,0.02493135167378506,0.035224448430757796,0.01963989251674672,0.03327206204973273,0.02012198423671984,0.035849076089917456
2020-04-20,-0.007707946874238466,0.015563020765371917,-0.020908903718059473,-0.013836916120030341,-0.0009340502069312594,0.0025307870547326295,-0.03361687385868928,0.00979616742933983,0.005840159172430308,-0.0024220147722809776,-0.0056521484283869805,0.040931532522401864,-0.011590102267720745
2020-04-21,-0.03656793027057475,-0.03475104940448902,-0.0041171283713280745,-0.03934744125544064,0.025089230250392596,-0.03622276842652189,-0.052509090503484505,-0.0254376261988737,-0.018432454716994645,-0.02056480834358849,-0.04857052507270413,-0.03941200626573712,-0.03921933205982397
2020-04-22,0.014957705701401716,0.013006526322258247,0.024436891631328225,0.024775361592622905,-0.0004958129314667385,0.010547465218025484,0.004012145382180338,0.031844422567472296,-0.0075778110734749365,0.023919831061128022,0.040947659324040875,-0.000987373723348446,0.014273498555410057
2020-04-23,0.028328200483047267,0.03479592568938993,-0.013762189073353295,0.006959501813550247,0.0012682996256525992,0.024745626306456586,0.012737483629811803,-0.003779386983755207,0.007577811073475066,-0.0031449862260734354,0.011059425456455933,-0.0036162273942744894,0.031161462077002194
2020-04-24,-0.03419255717751158,-0.02405259222523612,-0.0052087578714903535,-0.016141283853569423,0.013703858877620939,-0.03622276842652189,-0.02967330963394881,0.00498003069169731,-0.04268856949268523,-0.0015858263927194072,-0.03684520705762896,-0.03773156571776389,-0.03476420525406879
2020-04-27,0.024933347404297666,0.023515450947479904,0.014417201318026117,0.010351223839760624,0.008744556062210453,0.020541714606818272,0.012923680621956656,0.006470636095816156,0.013415568084548005,0.0077141037095307214,0.006575485443180097,0.0040311288303970525,0.02943651758156741
2020-04-28,0.028955036693848753,0.0009522068781724306,-0.009489853810353987,0.0025550599765455186,-0.022736050717733984,0.03305923354863019,-0.002974509019163999,-0.0027258653164716528,0.007743367633403003,-0.0010060851662553939,0.005123729255286006,0.012464414788126744,0.034933940988346755
2020-04-29,0.020071823085947082,0.021937261779151944,-0.003939565855924587,0.017587792185041157,-7.990773158379626e-05,0.03364723508260734,0.0367200852592441,0.005075647839302133,0.009049802194688797,0.012007185336889614,0.02699160064675797,0.02462420554183286,0.01869282624631274
2020-04-30,0.020847919002968025,0.03479592568938993,0.00015002472165742158,0.03540720559137483,-0.006236539185993964,0.02664108933738546,0.04395472142881397,0.031844422567472296,0.022406169843869884,0.027506715510920647,-0.0053316988340805765,0.00791181849024307,0.024808215208095875
2020-05-04,-0.03656793027057475,-0.035702920029090535,-0.025015322513587124,-0.03934744125544064,0.004012481676882335,-0.03622276842652189,-0.052509090503484505,-0.03308087332653954,-0.05439208196539749,-0.031941385899453556,-0.045151565546794545,-0.05293372154755901,-0.03921933205982397
2020-05-05,-0.024196773305333878,-0.004932537823855984,-0.01682248587746034,-0.004447311573592951,-0.019745991067445644,-0.02054017541574917,-0.011827178016464934,0.0133662869681165,-0.029105662869796056,0.001386554615261281,-0.010245849516715108,-0.033328921001270946,-0.019445048824986773
2020-05-06,0.021701746214875892,0.0004966174692055351,-0.018911173517851498,0.018266095269847186,0.004959677459617074,0.025388943140147974,0.0025356345633973094,0.0011235825299624384,0.00999124933783025,0.007294622346172064,0.0002278163809830082,-0.008833002468970237,0.024412285435974738
2020-05-07,-0.010348103491564176,-0.007644093855525993,-0.014206543680117974,-0.0060335646733377405,-0.00860410268493586,-0.015671662906424837,-0.0014144115184003207,-0.006448677645963792,-0.0020489169162240693,-0.004639328387288292,0.00036442052841497883,0.0005439193552276508,-0.008799062663485874
2020-05-08,-0.007151587660907106,0.008308271393243765,0.019061453478229268,-0.012994005062470474,0.021118653750475266,-0.0017141687240382268,-0.01126906113079706,0.0052320372445008,-0.006466753015626876,0.0076090578041135655,0.006536520024820027,-0.019854493716049772,-0.0074297937803715205
2020-05-11,-0.021012023143079792,0.014072102720779897,-0.003443916187153152,0.03540720559137483,-0.0038658010005362294,-0.018295168624720606,0.012654068077043121,0.001816658595418463,0.009100329999551123,0.010581895953983343,0.02665274755687904,-0.0062915958832804545,-0.022313462320312394
2020-05-12,-0.004635908429874144,0.006905871081082268,0.007075219878289254,0.005136704229548979,-0.006537651491071473,-0.002154470081150748,0.011506677482267412,-0.019993199906764517,0.007859105116010727,-0.00948904815483701,0.016862228327657793,0.0019302126272965963,-0.006621580501069706
2020-05-13,0.036353687685725465,0.006495647745398811,-0.004128470616517269,0.023483021677469268,-0.010753418601325688,0.03295048421418608,0.024755760976697728,0.01931959119153761,0.03392086424700624,0.022515640210934783,0.014492674813872791,0.0525912920637569,0.035849076089917456
2020-05-14,-0.029273278840516385,-0.035702920029090535,0.006972825058723449,-0.006962258649415079,0.0026692441375503174,-0.03404005713932751,-0.026212382995521127,-0.03351050192364347,-0.018100024849794897,-0.02027805043033694,-0.010903693493843982,-0.026311404235594728,-0.025909115055025182
2020-05-15,-0.012376748550267784,-0.007353753363952315,0.0009277763773620215,-0.010104133128510315,-0.008672304803094761,-0.00686975646794765,0.015935973622665252,0.01031824096897436,-0.015530924612167447,0.008149608446968963,-0.018338790174999342,-0.01655560290330579,-0.012490656598537082
2020-05-18,-0.03656793027057475,0.008905939026456968,-0.009841039666367693,-0.03934744125544064,-3.844892731720588e-05,-0.03622276842652189,-0.04046099513566934,-0.03229442066800287,-0.05439208196539749,-0.031941385899453556,-0.04857052507270413,-0.05293372154755901,-0.03921933205982397
2020-05-19,-0.004960058310999167,0.009880071308450655,0.0075050961308058195,0.010278410629272445,-0.0008858085548061918,0.004582885427068504,0.011909704655503795,0.0027103321173062057,-0.007067223552307798,0.017485028491784807,0.019796223295402378,-0.026190170630742166,-0.003583406369674004
2020-05-20,0.02003944776025641,0.005251516389587837,0.014564863974439218,0.021218187523569028,0.032678080459227384,0.03031519665668151,0.010543232663354966,0.021070233005641807,0.021958833953815055,0.01867379751800872,0.023845433414056323,0.004817296710933068,0.02027617299187345
2020-05-21,-0.005908658079380716,0.009607918936254487,0.021631056769582463,0.025737542179089985,0.006718560927979998,-0.0066061092793053625,0.018180227565119927,-0.00047182177725987607,-0.001509434248854292,0.0014319452947072573,0.017451668590136648,0.006569133903320063,-0.006926178733118876
2020-05-22,-0.026059547302214364,0.014168741804896296,-0.003628320707998651,0.0029695682635859596,0.008378245473484723,-0.03102759611028876,-0.018793941310829967,-0.0031282226092813996,-0.011852422173245666,-0.001946544235419252,0.011467509533049852,-0.00867664571017398,-0.028863386644777143
2020-05-26,0.00930033392921949,-0.019528237108426702,0.012027002100112658,0.01502438597169633,-0.012277398760126613,0.002533883161325532,0.026481312837859244,0.004483038106920714,0.01185242217324582,0.0015795650140971622,-0.002195101369967917,9.170389367832942e-05,0.009470474250711923
2020-05-27,0.036353687685725465,0.027461203003172455,0.0035531190192981807,0.007258900610814011,-0.0020899987006716397,0.03364723508260734,0.02524309025134268,0.015565719412975168,0.017370870746953516,0.012873540957094367,-0.0004395990832772412,0.033418408641833146,0.035849076089917456
2020-05-28,0.02424855906522267,0.00541067515515757,0.008088381561314851,0.03540720559137483,8.450932256885033e-05,0.026350235786023975,0.023727369722998555,0.010097504215479612,0.02521390191769994,0.019857723713206127,0.035589980475308834,-0.0038663286969898326,0.027498813634112718
2020-05-29,0.006626409421162449,-0.0012910266122031866,0.025908493938698415,0.017273828211392703,0.03162516293143074,0.010594274688750962,0.018983735382811628,0.016637777392795983,0.04195631858973133,0.010617936312465211,-0.00042441220428387935,0.006125751256421817,0.007373702734544213
2020-06-01,0.03376267671848966,0.020948841736604946,0.009320934418749947,0.03176330236233582,0.0034234885881846023,0.03364723508260734,0.03791862929429915,0.0215943052806204,0.030081567165918453,0.014221019935609822,0.03462718792753139,0.0525912920637569,0.03183635592879356
2020-06-02,0.028171692412877824,0.00802669035638658,-0.00717624135700964,0.008036752456302866,0.003208444646776243,0.03135126802628289,0.0018420798374835495,0.010013002802085487,0.04341368769431537,0.00915785871956896,0.03231752660161676,0.005292822836610729,0.031492796121385606
2020-06-03,0.01979760936027666,-0.004217625984945167,0.005677017556589983,0.004217462490401178,0.0030917617557810334,0.019108641262542733,-0.0017396773103148329,0.0029370555532034627,0.03084170644286042,0.0035987289672382112,0.006213761912345361,0.04996448950036733,0.018458206454669192
2020-06-04,-0.026627912221034753,0.018334959193916985,0.0031970643586865734,0.0019523749956468321,0.02144309249504507,-0.026705243766936206,0.01029154863462235,0.01359474280675028,-0.017579558157496674,0.008804960927652036,0.04036574772519155,0.010417019378648994,-0.03152313452241836
2020-06-05,0.031097314644469923,0.0,-0.0026891837335727043,0.017869426477850364,0.00034229572640406716,0.021912575406317924,0.03818886326236624,0.015983024368922814,0.023288864364983456,0.018030281289175366,0.040947659324040875,0.0525912920637569,0.02405968181941497
2020-06-08,0.0072403317293497065,0.018098791121725716,-0.0013498243318582866,-0.0027494213509906083,-0.014205769199970875,0.0024499190730619446,-0.0023689919238568313,0.01533200388033204,0.003212625554604505,5.0006738723479e-05,-0.01677171122260185,-0.011714297596303139,0.01271732177498664
2020-06-09,-0.022068368720214452,-0.010579716913110751,0.0007708330612954444,-0.0049816582655742795,0.0182397592113824,-0.019183486738529144,-0.010990055281494942,-0.017524648198548622,0.0,-0.014441366269804502,-0.033464923026809146,-0.016700738482151017,-0.02036067612670932
2020-06-10,0.01794179495196341,0.007045367184700821,-0.0007352827889198584,-0.01147539874519778,0.0026836179128896377,0.011455978608489091,-0.005801692831292257,0.004265796053045154,0.01930426327239856,0.0035920279252101258,-0.003374693635479787,0.03438244805114833,0.020425633830639698
2020-06-11,-0.027626724866614688,-0.015111507926361924,-0.01402004207036489,-0.020045296701428555,-0.02149695557753652,-0.02409529725470079,-0.028219225457185578,-0.015061628361582563,-0.02103282696920007,-0.020905838541004036,-0.013459957791777586,-0.03962656891396689,-0.0203947307058048
2020-06-12,0.006284667609419274,-0.014933686703418434,0.001825281116075967,0.028734646064333604,0.004960736976280031,0.007549358865859454,0.005738421051768102,0.007974246792663025,0.011549413855237715,0.01550443446162287,-0.008699573164915118,0.008318272287673071,0.006190333358992224
2020-06-15,-0.03656793027057475,-0.0004201333522313252,-0.015344078816156305,-0.017904850313839638,0.0006258809600779346,-0.029490824000407735,-0.01928342217900153,-0.002912763660098142,-0.0305120729870002,-0.009608672506998425,0.008699573164915137,0.01428303609591341,-0.03916345675451047
2020-06-16,0.019090518482024074,0.0037507356129882334,-0.004415421383674993,0.0012486078238027954,-0.006291559578722599,0.027332608311777362,0.014082007508801592,-0.0025293817388070566,-0.00834705173157764,-0.0024809026510430546,0.012357806118735371,-0.009450291590471657,0.018886346109066136
2020-06-17,-0.004688996491662607,0.0019115876868517653,-0.005037965940565183,0.008097615541350193,0.005104595500217554,-0.008245096280484665,-0.007930578267051208,-0.0027321839711193503,0.007591129336113729,0.0001884390357414498,0.016966174443223677,-0.004130390616398229,-0.003632784690555145
2020-06-18,0.036353687685725465,0.005015550061401231,0.007601561178873717,0.0049695490998825295,-0.0001904914803404174,0.03364723508260734,0.029552085083605278,0.020204962732721883,0.009033877212093935,0.013051427685345576,0.01719776528655517,0.02517921744980144,0.03528693012636774
2020-06-19,0.018054859880967864,-0.003542057822372401,0.0021182700059426407,0.014973264372813056,0.0026880910069246797,0.015569448875762058,-0.0005505107820215724,0.031844422567472296,0.04341368769431537,0.027035144041433094,0.019577092525512384,0.022025926351804483,0.014357407960297146
2020-06-22,0.017202790561585198,-0.0024927669700305845,0.005419041491746563,0.014158112663120209,0.021384976433746844,0.0120582672687765,0.025820797158114032,0.00960949039602762,0.009813191382310602,0.007752977860311591,0.021037643143324406,0.03817887696101635,0.018840711993345232
2020-06-23,0.02531453074204469,0.014871221592250345,0.016824324887831713,0.008891723415881523,0.013844349703430554,0.020317361697734605,0.017410246878511143,0.010974892485296203,0.02842271046737148,0.014008449456443146,0.02243436598692293,0.033564484383181846,0.02715592875432819
2020-06-24,-0.03656793027057475,-0.006763111046860012,0.004493390679105946,-0.006857903115422851,-0.024454947282490706,-0.030294197577592143,-0.02105140442593477,-0.015889592388700538,-0.026796547501478273,-0.015004945133580128,-0.029800638021065824,-0.017943325735036673,-0.03921933205982397
2020-06-25,0.0036964905362773222,-0.01174449073313277,0.02100220752333423,-0.0007343425264416336,0.008141476588209351,0.0027338021244807838,-0.005671265553933118,-0.006764304925794839,-0.01026605840893227,-0.006838758948439168,-0.003953383354436994,-0.005124024825884981,0.003668852231990665
2020-06-26,0.003986314909646319,0.03479592568938993,-0.011899169269328004,-0.000950294771988363,-0.005440058790219888,0.00026925278640751364,0.006160777770649791,0.022323639070548226,-0.00942514059513294,0.013111436433926578,0.0007134703623278028,0.009390632860797749,0.006092111169047393
2020-06-29,-0.010852065941506653,-0.015230819105321326,0.0071858429395559725,-0.01279798825438297,-0.0001922899074917641,-0.005231610692633986,-0.026707255020693477,-0.01659731125726605,-0.036157229131364405,-0.011713651239437255,-0.025279405234927766,-0.03365612952866146,-0.01153007179759292
2020-06-30,0.0005219163140799101,-0.0009281252738846461,0.0030515476784285134,0.010969029500387705,-0.014984587274809478,0.0027210311611101713,0.00092943754748816,-0.01324496612810354,-0.005167985295321879,-0.0033908854507052276,-0.017525214110131113,-0.017735156553677633,0.00021756059004495668
2020-07-01,0.028028593635862548,-0.0015023455235743603,0.005614009097562265,-8.182987297827991e-05,-0.010298136233670317,0.026289543253506895,0.0030085013157114707,0.005389509477436411,-0.007180899898007527,-0.00031340187846710276,0.01792748037618281,0.03563448097569351,0.027022001566550963
2020-07-02,-0.0011108688214799328,0.026154787446738804,0.0027646926570858293,0.027670068173761858,0.006133303593394832,0.005839097050074442,0.009789969224028867,0.010367991137840687,-0.0007457745354199663,0.009226977119939972,0.004013432052452289,-0.0008788931085621844,9.965999246238363e-05
2020-07-03,-0.004602070364790568,0.010743866010317852,0.006998116981931743,0.009215948826672826,0.0019842222433544402,-0.0032923332971638093,-0.004223084154874859,0.009923089248640302,0.010144850115732379,0.015116447478075683,-0.0019682709854994735,-0.00948072640376667,-0.004648109559412379
2020-07-06,0.01573418748865382,0.01164532523406166,0.0038756857677242733,0.028383866322119224,-0.0062574062160621795,0.013957987938955571,0.024419298787397722,0.015237660609023764,0.02959221896490119,0.011220992420269313,0.004477555816553903,0.012519934447257373,0.0155611019650858
2020-07-07,0.019143083476116266,0.020480781159976074,-0.0042327987260397815,0.0038687995852879587,-0.002350949677919307,0.015321503702510878,-0.01742367318929775,-0.020283839373558443,-0.006955283867457727,-0.015560646841243269,0.009687073895518426,-0.0034451180491131207,0.026210553391700097
2020-07-08,-0.0019175240947899596,-0.01733666008864496,0.008343739468969547,-0.01966550382880293,0.007111723918732536,-0.005792244396138609,0.015551380669769537,-0.009733100908450596,-0.01968712548442647,-0.010498976558935065,-0.015771196100709896,0.023176291827570365,-0.0031130579480225635
2020-07-09,0.014180740894351373,0.0014363990583349502,-0.003324905313284051,0.003711576184022148,0.00391751174492152,0.0156948474599992,0.01928421089202987,0.004558674281231925,0.005141414482047811,0.007016937802537927,0.004593889306953813,0.011896359593372971,0.011680921503608182
2020-07-10,-0.022459514143387514,0.0018809599166927952,0.004859119788922528,-0.006300147461940041,0.008444819938651413,-0.019119606323430974,-0.007717281036082726,0.005296882312350225,0.006571794777574812,0.0006811974799204321,-0.004886294131691234,-0.027018859189493122,-0.02408487956934071
2020-07-13,-0.013900645816212564,0.016186738806764252,0.01269440213200957,0.006137847071680417,0.003404519407011869,-0.015565170171258271,0.012884566172683232,0.009250520442724848,-0.016141230745610254,0.009022067957419036,0.006267539239512934,-0.016582444270549695,-0.013337577884190741
2020-07-14,-0.032064743976921106,-0.011357516255594514,-0.009076844060800263,-0.024064701084286676,0.004782462342349291,-0.024839180585832555,-0.025352499392073458,-0.01721490782535316,-0.015404061625085612,-0.013083482036657124,-0.0072183341810980895,-0.031932578206610995,-0.033779422787893296
2020-07-15,-0.0024079705164329122,0.03479592568938993,0.006688878706730139,0.002173720875669037,0.005469987403323235,-0.0033759880178902127,0.0016065671472416515,-0.01931523702728329,-0.020744436335273696,-0.018980891108601298,-0.017048455466298965,-0.01379964892092494,-0.0023152883345081785
2020-07-16,0.011942946224305011,0.02792984296123153,0.0013446250080521112,0.012167699216625803,0.01666132746850509,0.008647443528810288,0.007221775617405979,0.0025800655349544318,0.0,0.0006965960286449595,-0.01658697304409727,0.004384035222292165,0.01211364587390221
2020-07-17,0.01697089704999221,-0.00620501174004914,0.008206510442978479,0.01715553829539155,0.00861697537578489,0.01918301430428143,0.015502376234289059,0.031844422567472296,0.004081576038617413,0.02488790230180138,0.011475135063865083,0.018114998386885836,0.01689875527140498
2020-07-20,0.016033753961621305,0.02564434275027924,0.003082108857898078,0.005386708928275098,-0.01612903014516851,0.016130187821516487,0.0014255169912209468,-0.00041836453548394593,0.004318594882581977,0.004002491471124307,0.005446794908421187,0.007238356006713754,0.01542636945920152
2020-07-21,0.020404726450544475,0.0008628897339773752,-0.008153928416933928,0.016570751697077078,-0.014742359147995873,0.02005325212350522,0.005965125563182527,0.031844422567472296,0.019330367403271792,0.01677087702183812,0.012129446814903676,0.020658897334559244,0.019746196885676668
2020-07-22,0.004406080129908456,-0.011479179450789901,-0.007336583709870729,-0.01266247302115886,0.0021054059255433744,-0.002432735996272435,-0.002197327049525039,0.006965934236851786,-0.010246262351315122,-0.0003168316858186673,0.005132728491883691,-0.015678289851690345,0.006540120187627932
2020-07-23,0.008758659026343365,-0.0018083493956041335,0.0016185988635157437,0.013388632863220078,0.014338703181657716,0.007935307896860071,0.008220782761386597,0.015165087740856224,0.013968812758886884,0.007592131437359551,0.0030305106488773045,0.012241968680521907,0.005683217865752149
2020-07-24,-0.018443711395193456,0.014028331997206931,-0.0026738515143758276,-0.01135020539220676,-0.008190686197339122,-0.017323460331426895,-0.020811817243954516,0.0058424292118941425,-0.017239713449742806,-0.0012272910942573126,-0.016579075100387638,-0.01968750399464853,-0.014760724547386616
2020-07-27,-0.03654802823522922,0.019520709219024462,-0.006439353368570082,-0.004470605610845715,-0.017330521497420575,-0.024962766838300614,0.003299891803308097,0.00045285815347224136,-0.01677288517398222,-0.000960757604912672,-0.012645466375754413,-0.03156815480520777,-0.03707363529489278
2020-07-28,0.011669086062023755,0.023326307491749455,0.0029531669047133872,0.031563831283608165,0.006537881077176541,0.013466293465450068,0.022146074486880597,0.006199699570914469,0.016016581601855404,0.014440483927647529,-0.0020291238146697525,0.0032234984932685267,0.012524929857772185
2020-07-29,-0.0012945599089175168,-0.009033208481026844,0.0012156475416172526,-0.011751545227744336,0.03044598414267262,-0.006086979321656637,0.0090422396175482,-0.01666103793965384,0.0002521904003934541,-0.005841820562589095,-0.0020332495311330802,0.014942372006476834,-0.0006830243722048236
2020-07-30,-0.019658326702027808,0.006858270506666145,-0.00817913609057243,-0.005801030361500398,0.030642879180040758,-0.017888945300158953,-0.011918527564151786,-0.019152788419727063,-0.0007567620814085197,-0.011960959301362465,-0.02302901950572943,-0.019530046781604554,-0.01999290762168327
2020-07-31,-0.0003141323248454363,0.0037864533164853028,0.00571877853946283,-0.0011120704078547595,0.032678080459227384,-0.006155952938070697,0.005674405643802645,-0.008446061284114804,0.014280619225133446,-0.002786767600033463,-0.00871608703228206,0.014090015579233131,-0.002707982585391606
2020-08-03,-0.026595871584466014,-0.0058854632913775025,-0.003655507074328104,-0.0054407847713947065,-0.0018404389281978448,-0.024689761326926216,0.00411291688828312,-0.016704033368687518,-0.012263935111592234,-0.012830084433813808,-0.010285399752323558,0.006285126788439819,-0.032676142680894554
2020-08-04,0.019661057851336882,-0.008822199558778493,0.0046009251131078005,0.015581874205676301,0.01680118466063297,0.022557754949782852,0.009784407266625102,0.023149934555730597,0.018463582991117552,0.017338836802742025,0.03730790290477365,-0.0002112499274111206,0.020002234027037318
2020-08-05,0.0009046159555854062,0.0034643863527265097,-0.0012321098372863365,0.018211032741596023,-0.004712014533325075,-0.001930724093332886,0.038936252900111275,-0.005195835242645005,0.000741351318999362,0.0034509217820059236,0.011334391007198677,-0.0019029157649243708,0.0020490203520673114
2020-08-06,0.006147975121551495,0.017691090206435774,0.013644357092458084,0.0012210168469963772,0.012343909281101462,0.0104270895958533,0.013579066331782415,0.005195835242645118,0.010810976091380011,-0.0005350311865495534,0.0010104419736163392,-0.0032150738052191766,0.006629497876700007
2020-08-07,0.005134131701160014,-0.01020096251809237,0.006467235762340857,0.00746715947563622,-0.0062146900973999875,0.002382005287199653,0.008505007653916315,0.005817581394182779,-0.0031820325486775734,0.0035663291078016812,-0.0005237783519772728,0.009894655680148448,0.008670890565995586
2020-08-10,0.006700391771987315,0.008594327577622232,0.004156098773645938,0.008810113736643796,0.032678080459227384,0.008345322852258873,0.007597355717266256,0.0011156343263674104,0.02804149454701284,0.0034129420705529667,0.0028029542783686826,0.007609394335829881,0.0033054007416222593
2020-08-11,0.014818671492318254,-0.005657698547740837,0.004606449275320645,0.001186795407574227,-0.014266319755125777,0.010608957561194563,0.01643786946545921,0.004687594042519562,-0.005497773521220996,-0.0007347942492647981,0.01969653252678017,0.0006604336187736682,0.01657052418639691
2020-08-12,0.0016543144168756864,0.0004927811235112624,-0.004133809834647928,0.02007147418243739,-0.01558083954062637,-0.0030963542205966546,-0.006708319046164159,-0.002521097450108311,-0.007458247095287282,-1.5656037019726454e-05,0.023470891119914534,0.026642625434820287,-0.0037416310574918134
2020-08-13,-0.003043216169402848,0.0022778873560668758,0.0009936418665167283,0.012090974693420858,-0.009736406904869526,-0.0016291229463882197,0.010917699711163591,-0.0005436035950135393,0.009134649557910931,0.006252423070885203,0.013702769483909145,-0.010134351211129627,-0.0028081901469752552
2020-08-14,-0.023565331107733366,-0.004680284217970802,-0.0136777794656159,-0.02598267944585314,0.014054018998321904,-0.020219995540507605,0.010508990255133622,-0.00941317803041584,-0.008893176415834834,-0.01050012698876466,-0.012988151940047314,-0.026075352203390353,-0.02161238485345527
2020-08-17,0.0009889048429023576,0.011088114084937834,0.009786188496287217,0.02417894127145937,-0.0038777175431150925,0.0023349148030362256,0.024004992689572843,0.012490721699115467,0.009849870832843976,0.006294578884495499,0.028590460288747472,-0.006547048256073432,0.004242173862605997
2020-08-18,0.02141563866909411,0.00256206996358827,0.005721408964585631,0.009653818593073292,-0.0011778389187161388,0.01946873198154934,0.017398739290542305,0.002940123718164152,0.03960687432530444,0.011731264812729016,0.02139469678620683,0.009069895913353651,0.0217524586059736
2020-08-19,0.005187112301386392,-0.003261957064606618,-0.004425682110411382,-6.295960436397461e-05,-0.003788980430280903,0.004242687889194809,0.002250666682047491,0.004954359944580591,0.01255867595614982,0.004755559299352908,0.040947659324040875,0.02331314199048476,0.003994185510172438
2020-08-20,-0.012936765697133682,-0.004664681845715519,-0.004637792841562476,-0.0037532490239585922,0.0002599788477167515,-0.013204440010240456,0.01019397036203093,0.01572037468450173,0.004302041859961448,-0.0009677944542979698,0.030582078801659588,-0.0036649358349380426,-0.013181011862143651
2020-08-21,0.013551287405434594,-0.003359852598312726,0.005218564447096916,0.002915521426736656,0.006391508772749528,0.011700041099637676,-0.006044385686317019,0.007763769276296139,0.012349994005887367,0.0022566569347147814,-0.014332985221998308,0.018124524659310696,0.012660001192232692
2020-08-24,0.02363814989558589,-0.0030131515122470264,0.001188988260906556,0.0017250675679662706,-0.003678799508129489,0.020721142363570564,0.0009901578737578978,-0.0008924900059749254,-0.010093166177711482,-0.00016870205523675968,0.00664076047502186,0.002053525340303559,0.024216551484762275
2020-08-25,0.011285937872165858,-0.0020703280383553672,-0.005758893690695891,0.004418811522565645,-0.006262955382737818,0.009051408044635915,-0.00739040923151935,-0.005665937440412561,-0.021648332869556055,-0.004303461765811174,0.0033039157313608267,0.013328821098972111,0.008915229662276961
2020-08-26,0.013849885248373415,0.008548169430613772,-0.001649518218731999,0.014536338382523805,-0.0013443985434437905,0.00507121621325075,0.008063137693386083,0.008403137715534022,0.008030328689767942,0.0008929985236399924,0.02512694969680541,0.00284979234456957,0.017486335432355875
2020-08-27,0.007918892023451822,-0.0013993463124873443,-0.002997312710840683,0.01013304337690877,0.008971741025809273,0.005825335454932523,0.0012848771497013523,-0.007408687734147916,0.04341368769431537,-0.0034222097154039963,0.005224771236939053,0.010860370991522088,0.009190358056035878
2020-08-28,0.036353687685725465,0.0010683118267056685,-0.0019498823150652718,-0.008732863952925763,0.003002945750478538,0.020424065548968806,-0.004236436181890962,-0.001585993927985741,0.0012878432596112634,0.005067420310285342,0.017850365545294747,0.047462850673620695,0.035849076089917456
2020-08-31,-0.03187841682426053,-0.010715544342959502,-0.021288232659617455,-0.034042478913724146,-0.031715052911138505,-0.028678636563192916,-0.04038233584896462,-0.023151528079256977,-0.045417505874900586,-0.028344265960926877,-0.04857052507270413,-0.04890415147315775,-0.03386991251293259
2020-09-01,0.00242394617618538,-0.006423609814155402,0.012763373515096136,0.005799231173902024,0.02316859262987141,0.00914234743585216,0.03097440247492166,0.004335268304207193,0.007825640831390368,0.012377609314329794,0.01367398454877151,-0.002395777061518488,-0.0005096504783720898
2020-09-02,0.0026234459694346344,0.014652896349963397,0.0030995785820962167,0.011473437520900921,0.005693887325944584,-0.000265383299634556,0.017705588185243176,0.01168414458607972,0.005552485114785719,0.010250447272039666,0.03358573394679325,-0.004181679585308302,0.006216501527474924
2020-09-03,-0.014500764834563277,0.014910182890416457,0.007451814349552606,0.009060007609679266,0.009390812743163744,-0.010427941556699967,-0.005543915799176644,-0.007755166748240564,-0.001995331313588445,-0.0005409541179752482,6.0640880835054136e-05,-0.008516031843518668,-0.01388052362604048
2020-09-04,-0.022318226246315315,-0.015078963037171746,-0.01571181378618621,-0.006605990742861035,-0.02021710446531384,-0.018962676148406087,-0.030512625480633427,-0.019253408169325876,-0.02357805385793147,-0.019703333346641733,-0.001942779567600901,-0.02715404208622752,-0.02143934382977609
2020-09-07,-0.002891863628957544,0.005674466789306207,0.0056669126304314844,-0.004851299098459618,-0.0010288175902236983,-0.0012779554454920687,-0.0005304806054427376,-0.005082640139222897,-0.009359744336485846,-0.004836593075720541,0.004910425219975065,-0.000992081056825822,-0.0050040550587246956
2020-09-08,-0.008783213725336643,0.011973561039215326,-0.005997866463872229,-0.008816257841422028,-0.015798658041946512,-0.005155259053184773,-0.030332329721704465,-0.0013032331631196179,-0.017351505311199875,-0.01088046348008771,-0.03045420517690981,-0.015870062756234808,-0.008998875042439796
2020-09-09,-0.021213289723358376,-0.007324641112628424,-0.00601607824066331,0.0019124826219026484,0.018833131624690167,-0.018076618121174236,0.00852524651368445,0.001915128393328941,-0.015048470789500872,0.0036133398295295615,0.011683338331289463,-0.029145095124843055,-0.018105831197967066
2020-09-10,0.008906177425817207,0.0073300559016594,0.004727083781492273,0.005287700066442437,-6.185723766209319e-05,0.0073619920550089726,-0.0114957852282518,0.031844422567472296,0.005669738503068408,0.02251899162752044,0.01325253887136251,0.02433452758949034,0.009828503195642395
2020-09-11,0.0006118504494688588,0.012822544747514321,0.006267125498825566,0.0014840844430432144,0.0008754075182676497,-0.0001002607135556611,0.006100016686417708,-0.002239951340452521,0.012640603553309567,-0.0007805183037522243,-0.008887077102236395,0.00786605765124214,-0.0015990412474199646
2020-09-14,-0.016989620805384038,0.03479592568938993,-0.006860242916896411,0.009823685389902373,-0.007096443553867622,-0.01694782534409188,0.0011527136966350835,-0.0071227401794997465,0.03654208864063746,-0.006156148437401241,0.01757526694514083,-0.005004842432242438,-0.013581547119948622
2020-09-15,0.016353340713089658,0.006245544248663502,-0.0015714550297491322,-0.00023027132037217626,0.01915083322926255,0.01320231449807757,-0.0006285881987585804,0.0043778288512980445,-0.007202330633205736,0.009648116148437453,-0.004258944534844784,0.00038323584365420054,0.01837911143339418
2020-09-16,0.004791463803349013,0.0072618268011280275,0.004073184238998812,0.01515809968123151,0.020576316272841552,0.008217092031929581,0.0045170609426453175,-0.004358888994073735,0.02233731409471549,0.001648230522526424,-0.01605017119321137,-0.005238173553052632,0.004282166304014105
2020-09-17,-0.01128014463174482,0.0023921174877465524,-0.006043371590794097,-0.0033835520852187203,0.004047083636544281,-0.012325833360092962,-0.01388781906666879,-0.00894735619439191,-0.017155399240618797,-0.007782853419984978,0.0025804580765633207,-0.01311038877493644,-0.010515405515030723
2020-09-18,-0.013045918991790688,0.00047423072277039016,-0.00624751729665428,0.004057658444078003,0.032678080459227384,-0.012419318240455808,-0.0004656005401010153,0.005634711560041021,0.018920987388951104,0.00786053237291177,0.0011651946596152331,-0.016344832808138293,-0.011945147187519793
2020-09-21,-0.030614500771076247,-0.004960034556680504,-0.025015322513587124,-0.03934744125544064,-0.031715052911138505,-0.020650249623371794,-0.052509090503484505,-0.026382709668865727,-0.05439208196539749,-0.029945221371226113,-0.04619029033187172,-0.04287946102010943,-0.03421671968275682
2020-09-22,-0.010713996969432829,0.006925107330733466,-0.00779386904158332,-0.01764021070869577,0.006529715772175383,-0.010729767608612101,-0.011853918833408465,-0.019809226580710982,-0.01863479788147391,-0.01607187659104214,-0.02630657921461366,-0.013948091685941657,-0.013904414718421068
2020-09-23,0.0018621500575458395,-0.0030474715903921613,0.0003393625399779204,-0.000565456309703051,-0.016208074096177544,0.0011180074282025809,-0.003937347260769235,-0.007214912715823336,0.007826407411686042,-0.011781204741681194,-0.024009155920033366,-0.015074870464435022,0.0020992543100433274
2020-09-24,-0.03466877351791414,-0.035702920029090535,-0.009505407474708134,-0.03601372727438977,-0.030523060329014223,-0.028375615385178504,-0.04327649432019235,-0.027668175713255694,-0.031436243292089674,-0.025826478760648613,-0.03157673314433241,-0.03963929454960393,-0.035937432285866426
2020-09-25,0.0253638313566716,0.03400628287807507,0.020060875054535007,0.033227352398041074,0.022791661099703635,0.019295044770062754,0.02838318886855593,0.018918145421002137,0.020748574451732088,0.027506715510920647,0.03376805302668196,0.028573901992528752,0.025773514491565255
2020-09-28,0.03203955039771756,0.0077996746988652456,0.008491331119719489,0.029934043278142634,0.017159700200640247,0.024767521749220367,0.0291881068028899,0.025563650690347,0.029874060674740407,0.019964630266416768,0.040947659324040875,0.03283539504855078,0.034921694692981065
2020-09-29,-0.011802232713214608,0.0024611994080901457,-0.015219134886002671,0.0028621131982857276,-0.007410843096240234,-0.0027843700401546526,0.01943437659758202,-0.0023103673010592433,-0.012124215387155985,-0.003719197897648303,-0.003767879930673518,-0.02208005086652011,-0.012778879562089462
2020-09-30,0.0018896686437288213,0.006010041276211664,0.013730745361931853,-0.002160017682791056,0.005395521667385422,0.005711792435998601,-0.016956426085806067,-0.009810632277078762,-0.005881678105883168,-0.006083487940607329,-0.001226732902023799,-0.009815437115920953,0.0014651748259670466
2020-10-01,0.036353687685725465,0.007940322971991277,0.005607270643017973,0.007307487291719302,0.004242361977583717,0.030337874483637953,0.008304124707599107,0.001512801727803934,0.017774102776453745,0.006535003813974,0.02759098618651941,0.011558103836351941,0.035849076089917456
2020-10-05,0.0056009675212462745,0.03414847181817744,0.003413067394100714,-0.0010235967489926067,0.016866290655936585,0.0012458801693100794,0.025153657515033685,-0.0033712176776465454,0.0025466065650366497,-0.00514028760002513,-0.001792804423027192,-0.001432618345386544,0.00789818706807467
2020-10-06,0.02134977727437531,0.0042080590560278274,-0.0019097290188425048,0.012506355296079814,-0.001210796314868875,0.031041290467252,-0.006989088965692057,-0.002152451064909502,0.02556635952483219,0.003672075586047743,0.01812534117022621,0.006757956506736554,0.02262955176317419
2020-10-07,0.004849618387108401,0.005757040175304082,0.0037892749185362406,0.013797196059841595,-0.007895745585099,0.002825633796982935,-0.015294175763792828,-0.0035071862864237517,-0.018653889604208697,0.0038516282967976582,-0.02570951403773947,-0.011613183369048142,0.005484183449550559
2020-10-08,0.009816734226632378,0.031834839743154916,-0.0010861482076845645,0.0016693900536754736,0.024391671357012354,0.008131947983367842,0.002048348212978921,-0.009042124642863813,0.005724114083888643,-3.220127272277052e-05,-0.004992601294730931,0.007100089307425399,0.009582803126114125
2020-10-09,0.02787071353953388,0.006450037837284754,-0.007064650198375803,-0.0024713963679057916,-0.013627306524902261,0.018625498060083522,-0.0050956067627329895,0.0036232567692635947,-0.016342879919229544,0.003420336017729796,-0.008676944748304995,0.030534960317715076,0.025692120008618768
2020-10-12,-0.005635032859286954,0.016551299162571156,0.0033478832107521404,-0.007500342550516663,0.009141093829134354,-0.005039077826440504,-0.008885590208861453,-0.005353475418426899,-0.010967282151144033,-0.006013426051741367,-0.023886557851617564,-0.017132597040948667,-0.006043459981570794
2020-10-13,-0.009346627695107293,0.012999487453865335,-0.0032543560566282294,-0.0061465778655000755,-0.018052404543515088,-0.009444905797927422,0.00391930339692055,0.010608045932821056,-0.003054915549899859,0.002609190799988155,-0.016771950971483516,-0.01556975229397357,-0.009568447772257406
2020-10-14,0.016148847870156743,-0.01291160900193511,0.001098761973232556,-0.0027108234260574643,-0.006711669823397455,0.017758041029483737,0.0010218807104674349,-0.010580909636136355,0.010535038474452026,0.000402042380681861,0.002441938241758696,0.009831404489546797,0.014665292980691537
2020-10-15,-0.03418010868290154,-0.029096424919504416,-0.010563037396638981,-0.011987781049306177,-0.018672447624245258,-0.02996985074271738,-0.004896624548927686,-0.020181946994388918,-0.024040709103966173,-0.02132065313580147,-0.028534702956157478,-0.028840894100916902,-0.033724709939908656
2020-10-16,0.01977717796011462,-0.0013525154835984485,0.0008850922990123393,0.003032452837442011,0.015026653097726751,0.014982095529518914,0.038904068425363675,0.0070530899839348704,0.02590208308221785,0.010294545310696806,-0.00385766725582796,0.003350879419974314,0.020338752557597716
2020-10-19,0.030692815112219437,-0.006813435489462386,0.013317889891961254,-0.011257380000524606,-0.0168542528750512,0.02495783468612838,0.01617848192526824,0.012332199539489623,0.014996243235538206,0.004897550622067144,-0.016107234531378006,0.04087079647437527,0.031082433416873632
2020-10-20,0.001854701869871982,0.014039476010823334,-0.0034730673032110533,0.0033424288878643425,0.0023859638522452853,0.0014433974648052133,-0.0019022663050444187,-0.014628347823197144,0.038630407571176445,0.0007761776555683632,0.01944910993203145,-0.014345464793482426,0.0020226283692401244
2020-10-21,0.013208390299853668,-0.005393765098654827,-0.009405136116747445,-0.0023645888923707805,0.00011161864106622799,0.012074931432040373,0.022053850074210256,0.007842949038378358,0.042697339683655064,0.009299895419051473,-0.006106503810798973,0.007293625710152188,0.012479777528988203
2020-10-22,-0.006144264023083896,-0.007636510623834422,0.0010521984056803854,-0.0017659420175997124,-0.008658619109978366,-0.003604729000937027,0.006785539645464089,0.00991414980962064,0.003582306388152332,0.007355864220055492,0.007618789815711581,-0.0004947572327232334,-0.007067895866901799
2020-10-23,-0.0002389454530814996,0.005128425146785133,0.0022471392123605137,0.028882740247546314,-0.003666210209399736,0.0021828366876224872,0.00430725719758027,0.007561211560910468,-0.010998380020070118,0.002318319319400722,0.0068791802964430415,0.0046712382811994815,-0.00035101398224507885
2020-10-26,-0.01659437760714944,-0.012054580032942838,-0.0002534999152888948,-0.03276864002448211,-0.014787479772702443,-0.010056827066790104,-0.035603827355907884,-0.01953296262797015,-0.019109597965793666,-0.012512916100103098,-0.0278054721081267,-0.011930104920195828,-0.014221259999033302
2020-10-27,0.0284204505944575,-0.011459287703865562,0.012981815296270698,0.012306442456389257,0.015521814857589291,0.021268099014896027,0.0008691896138684531,0.009453262643625409,-0.0071793799873497155,0.01420862825307537,0.013861073245621261,-0.00924505814405105,0.030794405207904683
2020-10-28,-0.02191836527210839,-0.010188027673441057,-0.007173318319443266,-0.0009966194060952126,-0.016325068842069277,-0.023422052408477334,-0.014600129276657249,-0.004340977549247473,-0.020514643926918427,-0.005127493305408091,-0.01442237318095907,-0.015836855711793073,-0.022142970081699107
2020-10-29,-0.005814858819387127,0.0031975481369580306,-0.009550248558624887,-0.009638934452343916,-0.008788950340211028,-0.007804216180080927,-0.007640688887294204,0.002298552974738017,-0.00424350031324024,-0.00549002186853597,-0.01870067059294995,-0.005796412828729435,-0.005668319956260265
2020-10-30,-0.007963714679469632,0.0019093934442971263,-0.007953754917261172,-0.011323318546740322,0.0015799021966987222,-0.006390696690336475,0.01543691398821663,0.017215902829482883,0.021258564740722383,0.0016789125117828896,0.014551647521676874,-0.0030496691740500856,-0.009059038127104445
2020-11-02,0.036353687685725465,-0.008862127281017335,0.000441651864751005,-0.0033762207975182373,-0.006106450416987084,0.03364723508260734,-0.0020075587361864694,-0.025129868848323914,0.03106374484309898,-0.009938493068842365,-0.0008107470680595151,0.033045686174953424,0.035849076089917456
2020-11-03,0.03125496137793109,0.00017841188040595824,0.0028795529416787238,0.014967142705164334,0.016480469288048326,0.03088135045986299,0.022114619946023092,-0.005330413439668742,-0.023424288183366938,0.003720455871519078,-0.0032849044065775494,0.01727335066531897,0.030355310294968307
2020-11-04,0.0034515978048245393,0.01761737389374422,0.0029101339470133047,0.006717217239176343,0.02156410594080649,-0.0007983644492532107,-0.003099438017880229,0.006862871233386706,-0.01865521041234724,0.0031779374777704417,0.001661435669466597,0.0025992752449983483,0.004021008328866106
2020-11-05,0.02079374562292167,0.013231460555871613,0.01898793023277884,0.01179462948875019,0.008261302412723196,0.0160129876721375,0.04304448198489813,0.026434241596085456,-0.005108257177892047,0.019958825677535458,0.0394760771308671,0.028264910366415253,0.018751881002560734
2020-11-06,0.018295844816208703,0.00497461318220101,-0.0009746411820605403,0.0013248799047713047,-0.006995873632463139,0.018350518800619817,0.004690405597417318,0.010622255539858464,0.010631302331349492,0.002134052394527593,0.0005431424628602078,0.00558020630826338,0.020936370153617035
2020-11-09,0.027062498549612356,0.015139104908776754,0.010000977024735217,0.007658462464873145,0.004378121717934811,0.02030237780139627,0.017798115873067108,0.02026330854761119,0.014653104622221882,0.016725284471276965,-0.00010182710057122318,0.010276134443573556,0.032296163698774444
2020-11-10,0.036353687685725465,-0.035702920029090535,0.0013470658559393382,0.007360387169602114,-0.031715052911138505,0.03364723508260734,0.004488468332438448,0.014200078442282441,0.020415450375712928,0.018964167621221283,0.010331679839408131,0.035921456555284045,0.035849076089917456
2020-11-11,0.008320142425723188,0.016639869622547394,0.011439564258178471,0.015620715522090817,0.032678080459227384,0.013868376123604918,0.033972641845857625,0.003842909377680872,0.007628784685720309,0.009963089116264964,-0.0026907956557623656,-0.004734265077902191,0.004498618061978773
2020-11-12,-0.01982418968390849,0.001538845344610624,0.01271160008406787,0.003488627191022062,0.002628286780016626,-0.010606943102924277,-0.0030860394467843756,-0.0019259358122989923,0.007361480105049629,0.001571162713040754,0.006546173521931563,-0.023120173638033363,-0.018326909738659497
2020-11-13,0.006587398889544451,0.0034345668288298377,-0.0005795371038580393,0.0029953208109262906,0.010772946303859852,0.0026450808494985654,0.01658591151714265,0.007974736025478161,0.013322415557341916,0.003343571472403242,-0.00948072164775303,0.00839209038234124,0.007515654358062817
2020-11-17,0.02482824337915808,0.0024088859465574565,0.0022187074361878383,0.013941456345139654,-0.0030447997239057283,0.023637547312845352,0.02952986669012184,0.003525752878679913,0.0267281153279329,0.01042144178740106,-0.008957681632865224,0.025901063925048675,0.021803281556486254
2020-11-18,0.01929598250579155,-0.008116276922890141,-0.010879806046540626,0.030512830607582263,-0.006681319442194688,0.013523273884939247,0.004029714298440845,-0.0008920730054624096,0.020327486747865962,0.00911640986651028,0.005336773990815523,0.035090128808455065,0.019408076460327994
2020-11-19,-0.028876926495957266,-0.009446391355674188,0.0042667302618383295,-0.006734087632601186,-0.003999270745660434,-0.023198265629140184,-0.007185391676906018,0.0025390366330003463,-0.013705635015244619,-0.009234366460924794,0.0025732527001869616,-0.03147361302802555,-0.026518465785540277
2020-11-20,0.011453672460666215,0.013865468415734303,0.011805479408991548,0.006521138216052573,-0.0034511796341298315,0.016818449223906583,0.007996604484472834,0.0005139367899885925,0.005186538831183052,0.00448837083663701,-0.00924012094374828,0.010227347734094283,0.008384623197845017
2020-11-23,-0.007270906310554116,0.027539820440797003,0.0036098287176010747,0.006181335052488873,0.018092880569384323,-0.010711282808961383,0.012125520272427628,0.027549812097483313,0.009702073662567581,0.009120455793395104,0.008326725489600575,-0.0016348387102373563,-0.0030633459236502677
2020-11-24,0.024270547290560503,0.0025980611065017306,0.008331226881780474,0.016946499664618555,0.012160333552480947,0.015257423354165573,0.010818503881869411,0.003346916654366089,0.017772122486674514,0.002760626526215124,0.0004736921283108842,0.011017247503886161,0.02299715671323472
2020-11-25,-0.01835505598271466,-0.016376822187298093,-0.012343319049352881,-0.016963597980887354,-0.020888632387999408,-0.018634559698101544,-0.007991928143309159,-0.004417296805802122,-0.022710404127257076,-0.011279246368570904,-0.00372818598240534,0.017875816670036317,-0.018919910885599852
2020-11-26,0.012029863193198051,0.007069795053620986,0.008222701651739186,0.0033473662724013437,0.014170455157329561,0.015997182885896365,0.03779884218696368,-0.0025661405906866673,0.007693092325880902,0.007091761437440898,0.005924689357699435,0.019155082709815432,0.009655750332811198
2020-11-27,0.0020048239480007523,-0.00435532763331602,0.0005518755099094373,0.014026749877263232,0.0032064112680101845,0.0038905371377973446,0.0002392668248351623,-0.00577649468005236,0.026182103095402372,-0.001998176825245915,0.014676596530939813,0.01249429488811792,0.005032902357626174
2020-12-01,0.007027125940326573,0.01848203741357821,-0.00042730734758414634,0.010688855874643143,0.017250252386882808,0.004112346687530224,0.01637381861586329,0.013658576348924574,0.03276505327327195,0.015098263194861397,0.018292891271177066,0.028373149474593937,0.0075082952151339115
2020-12-02,-0.011966858148920631,0.006657697819795557,0.0036205972601632136,0.011786064775297846,0.0036007057082754197,-0.01153148029507271,0.02528246954317264,0.013606337713388287,0.029209817375495616,0.00715039640957777,0.0051471099238817875,-0.004375690682223292,-0.01180016081047943
2020-12-03,-0.0004888845179167963,-0.005246985762661709,0.0027742655775106766,0.01653340560731388,0.009742650241136906,-0.003442040378167621,0.02457910625812788,0.014279837871890282,0.008242362682862348,0.007609899569897267,0.027623748028472946,0.046991208810140184,-0.0049474981647350405
2020-12-04,0.020291046475745776,0.004834730953244898,0.013945509363525361,0.006135659159712379,0.011942009283181995,0.010392294414415765,0.011212929959044035,-0.0010452871390490912,0.011355628251499713,0.010529413513114651,0.0010109153407816419,0.01477327511620653,0.019806712324080995
2020-12-07,0.005281786411576088,0.005859125376306308,0.01564337025281233,0.0009562425613961733,0.016247185415152382,0.005152423661417774,-4.7495546336145396e-05,0.004424775534976599,-0.0033577187301779264,0.010711141635645356,0.027530358420523912,0.020980402428161755,0.004482988614289698
2020-12-08,0.0016652003633265506,0.007834334614897076,-0.0005187984914758608,-0.0014240462568189665,-0.011909679042119823,0.001701182367197416,-0.01236573219311966,-0.0018282222987326653,0.008285549686403167,0.0008042439159833058,-0.0093821757292908,0.0525912920637569,-0.002227042598946393
2020-12-09,0.014679279401994507,0.008192267218787247,0.008356152257037806,-0.000489459223526237,0.0029455810675888512,0.011721313876320989,-0.0052824576936257505,0.00705909007566654,0.014639551436379303,0.0044947625946609344,0.03704182086756605,-0.010281197403105227,0.016423529586975794
2020-12-10,-0.006502863780895431,-0.002093945328121396,0.025908493938698415,-0.009997860764510577,-0.000265288132721845,-0.007185161265770647,0.002299471676437008,-0.009180157119483128,0.004315932465568729,-0.006464947203073849,-0.01635801866006403,-0.015484639658944933,-0.006387530589346631
2020-12-11,0.003092558834198697,-0.0040400981862852665,0.009063270361593904,-0.0012941321656156784,-0.006014515123598922,0.0035783943441098543,0.01056065287444457,0.01596319122747817,0.0077220460939103185,0.005001168512817356,0.00756456169698014,0.009975982338456238,0.0031515031463422594
2020-12-14,0.004598174126354348,0.003642283056561202,0.001360839304758565,-0.0104858552751077,0.007564747859113339,0.004101357179017827,0.013700543133126209,0.00852542402251118,-0.008928651798167143,0.00931214423987564,0.019788456749231336,0.017511045547272,0.004697097353644913
2020-12-15,-0.0017855789099807144,-0.0013901612025272554,-0.012979209420605998,0.006210715314306716,-0.002193495405949367,0.007628010785167533,0.007698741958355008,-0.004042427930993107,-0.0031093267613119258,0.0001231991937659596,0.01775093406079121,-0.014698398034424435,-0.00027679270455935806
2020-12-16,0.00023944488353147236,0.008379914704675716,0.006688422359083722,0.00971787952290259,0.0091994189574108,0.007894862894436363,0.017762103295224922,0.005873505973588173,0.04341368769431537,0.008248003624665417,0.00301490367339219,-0.01641340311751503,0.0010299662435591013
2020-12-17,0.004830591213493912,-0.0006113737539907979,-0.005345339764134176,-0.005850921706292684,0.004365860458750162,0.01171329768818982,-0.013555215795455652,-0.00343447610675518,0.005906457837134884,-0.001725726839574463,-0.019584397995590395,-0.014322466356600082,0.005180842171330116
2020-12-18,-0.004301381564286444,0.015790520588125866,0.0026175395269157626,-0.0018034154844435227,0.012612096625251193,-0.005656300437362909,-0.0034448627185026176,-0.005301719093227602,-0.006071086525235757,-0.0025738468742175025,-0.001240533949899242,-0.007083080518949865,-0.007412818430594944
2020-12-21,-0.03656793027057475,-0.017874197460158576,-0.025015322513587124,-0.03934744125544064,-0.031715052911138505,-0.033246771904359554,-0.052509090503484505,-0.03351050192364347,-0.05393001765490407,-0.031941385899453556,-0.04857052507270413,-0.05293372154755901,-0.03921933205982397
2020-12-22,0.0057377656672136,0.03302335169156447,0.00535346678587271,0.008380974494858615,0.021975083766857688,0.002012897153350019,0.01353423068579481,0.011628079011241944,0.004506031170127104,0.01440520008528601,0.007314785784239483,0.009689704882348774,0.005719789194197987
2020-12-23,0.00864915120213929,0.023280999621534147,0.018930611778916716,0.013219405298085324,0.015989765597604594,0.0065967516375589385,0.017526160234131328,0.0035665226521963017,0.03866852537377625,0.006268162711192751,0.03216404057478464,0.02037266359932822,0.009536526317925257
2020-12-24,0.017215132275446857,-0.0065799270133127885,0.004396153205607129,0.004700199495357298,0.012134743297130135,0.017924017867216858,0.0032492227024977565,0.013885421523640137,-0.00433474443144553,0.010019749449620285,-0.007662158859398454,0.00612272264174364,0.01577550887828292
2020-12-28,0.01562450564411178,0.0037851482078330133,0.0019167279567101816,0.009842174176007704,-0.002683954883228612,0.012563217286275028,0.025295162429348855,0.00855139738062935,0.025568403149114568,0.009728999896997608,0.009840596447487946,0.026583237476897704,0.014541094885853268
2020-12-29,0.014197264846028922,0.007183589715191383,2.4798666541486653e-05,-0.0025343214425860116,-0.0023679086234385783,0.010207328340752799,-0.010912543458248457,-0.006261684607518244,-0.0029358816962172314,-0.0029856075237177106,-0.01464409076676939,0.008904640418189246,0.015426417234571001
2020-12-30,-0.0006211344979546466,0.0023043332961421186,0.0038469644565042862,0.013279497100633437,-0.0015583730151243038,0.0028333098065710864,0.012786781605160323,0.0029189482582742355,0.012821669533736334,0.006507480272854141,0.0016547370744643087,-0.0022684105654633903,-0.0014181567563040667
2020-12-31,-0.0012466761915215273,-0.0032399741501425374,-0.003988793700846396,0.0031266750188372015,0.00714849291612551,0.002969924628170063,0.007324007024778363,-0.001549987393756214,0.012181648786062295,-0.004999887181650257,0.009719878110870077,-0.004923118376403508,-0.0006923983026647715
2021-01-04,-0.0016518906896149192,0.03479592568938993,0.012866986765526325,0.02412075095103614,0.01794739375505203,-0.000983531596027236,0.04395472142881397,0.014877718995987272,0.011405179859077975,0.01768736319783663,0.01603260342120408,0.042939922144310555,-0.004071611018513517
2021-01-05,0.016201301102712215,0.025909859669787535,0.0029002285944349066,-0.00020180425097687007,0.0012577681186478307,0.012265637877547676,-0.014219078964149109,-0.006167014073894199,-0.0034711491834098418,-0.0025327777786473566,0.006721243936464848,0.0009833646398141479,0.019147209618042654
2021-01-06,0.002381962423177089,-0.013675212856908562,-0.011380632179652043,-0.0038838926813673635,-0.0036713764701907614,0.0008708763081079889,0.012816457985731586,0.0015978994404993836,0.007087201746801019,0.005971278060395728,0.00248665087984064,-0.0032542097886386246,0.001896702931402119
2021-01-07,0.004959690780606176,-0.006629193926525733,-0.00863086929203367,0.005327255162752169,-0.004381376719999127,0.0019857955079254238,0.03749225815418521,-0.0032278084066769256,0.013406242228796538,0.010192242797240366,0.005954665358467045,0.006987526860519219,0.007420897529474102
2021-01-08,0.004003701677809642,0.03479592568938993,0.007155693011785769,0.032510424382430556,0.01601108217103347,0.005598762052048428,-0.006003139734258207,0.012385778926234676,0.014145396213262561,0.01745966767884452,0.032046252907229206,-0.004525414701265217,0.004419560248942231
2021-01-11,-0.002662103312199249,0.03254083554923783,0.011731913324918767,0.02577551091031222,0.010553263543369721,0.006038613537098286,-0.010052639670828499,-0.008532288068209236,0.00623999538190665,-0.00368489164231224,-0.015489954815036022,-0.015114027215962316,-0.0031984532448389312
2021-01-12,0.01057239396738316,-0.0016904472730841006,-0.005568955994371156,0.012353845929256257,-0.012578408015255756,0.006823822883983862,0.004568956360830807,0.012837615343856273,0.027239057180620512,0.015303744321425072,0.01366662030882067,0.0525912920637569,0.004774138432115151
2021-01-13,0.007260422266976578,0.0008224728067023919,0.0037320292932120523,0.008726782313891821,-0.009265377654456593,-0.0056102004835022765,0.0037963398691340726,0.005785488199335895,-0.0031053268368978356,0.00423262103415566,0.0032171442550928187,0.03219604306267894,0.0010818451518480065
2021-01-14,-0.0016868130732313226,-0.0014359871497462747,0.007714712335319358,0.002909985798495065,0.008347579055439586,-0.0009669010694702713,-0.010227414190822537,0.01363286424737642,-0.0005926287789187574,0.007138082144610276,-0.00233357969087776,0.002758946847491635,-0.0011915658753744566
2021-01-15,-0.00842873682055101,-0.022606199188452383,-0.007355155918234691,-0.00587758724547923,-0.01663477758860724,-0.01001218817839909,-0.011028649335874911,-0.018757783800760777,-0.018395774721585142,-0.008229904518104646,-0.012817182277498899,-0.020841499382737542,-0.007929705618735558
2021-01-18,-0.013583094192626792,-0.017083770083980657,-0.00367985020083098,-0.021570515831824816,-0.028111054223114135,-0.013505254240333575,-0.041632881092808854,-0.008123580684459139,-0.020433807433129596,-0.013000383761281046,-0.022737178655343727,-0.02474492845549249,-0.013714838791708487
2021-01-19,0.019089352158728205,0.004898031818915392,0.004540026996567671,0.01748487918460801,0.016658187265904786,0.02384728938380498,0.02880874621850505,0.018307376601828202,0.04104999610391809,0.018741597830401358,0.024553618923684337,0.0264983597163689,0.01999827743952239
2021-01-20,0.003658667884261221,0.02188329692239041,-0.001573662063725876,0.022672348379463744,0.0011768551883088111,0.0031269159276128247,0.009295337179214606,0.004428332947322402,0.0007390437244539274,0.007396782109183667,0.010573288048916224,0.020452120582995052,0.0026327717197523783
2021-01-21,-0.011024235622522178,-0.006389669698802935,-0.0032113928156138056,-0.00014466894947352105,-0.014391309603895182,-0.007452833079408132,-0.022018376622503597,-0.0018287819703034544,-0.025893818098250383,-0.009276999733053825,-0.02059019137084459,-0.03323502743353049,-0.010016507973183606
2021-01-25,-0.031192719164056273,-0.016269523551392148,-0.009197183785593283,0.006321756526419186,0.004682953683237733,-0.02626708204581528,-0.038134439502791086,-0.03351050192364347,-0.03659794288015004,-0.02692432902978353,-0.022599109388769932,-0.03838289375588836,-0.03336991678396711
2021-01-27,-0.02972908110588629,-0.006089988304431754,0.0030031245182099648,-0.021629665516263438,-0.020659921515430866,-0.028109277580303557,-0.02552106372329599,-0.01740525910991405,-0.021943936538039752,-0.014105727077451615,-0.006149669316939207,-0.01530168094120856,-0.030957364389007116
2021-01-28,0.0024322385504760824,-0.02204853065064802,-0.01930772457687942,-0.01030243069021899,-0.008030799650434427,-0.008255361997281354,-0.005307565664989717,-0.001405496774635254,-0.02227193147997233,-0.0014149124355976662,-0.0006589837153723226,-0.01780728980903771,0.0017323272951568702
2021-01-29,0.0068019550017087765,-0.02624932979697877,-0.015126107379332659,-0.029366324225703958,-0.018375373008689726,-0.0006541825014413391,-0.019516236229747887,-0.01842844779440974,0.004919655806502582,-0.019245198678785814,-0.011179053567118695,0.016788005406344488,0.008500036314790764
2021-02-01,0.036353687685725465,0.011174531582087765,0.017021566645047136,0.03540720559137483,-0.005495667239935118,0.03364723508260734,0.04395472142881397,0.026162902066557643,0.04341368769431537,0.027506715510920647,0.03366719547355643,0.0525912920637569,0.035849076089917456
2021-02-02,0.035006516797646374,0.0208503225395572,0.0012222730513604214,0.03540720559137483,0.021092051032113642,0.031743734625028656,0.018983619409137426,0.02164487084609074,0.037153133181632644,0.027506715510920647,0.032230182889613,0.034072755168051756,0.029900341160415265
2021-02-03,0.014213726828625392,0.009118214195056889,-0.0014388875211262342,0.010337858428980284,0.02753467631358152,0.011943396657673272,0.016673275280014974,0.015861271303379106,-0.004308786796513747,0.007057016016455898,0.0015024307367304639,0.02572904841682767,0.01681005695917121
2021-02-04,0.016728588752711916,-0.004325764876320977,0.02420698563136289,0.01091312224430116,0.002546554531636632,0.012314400315120735,0.019293056005073524,0.013922845799723485,0.009484399089098703,0.007724128270699184,0.02024518189057777,0.0525912920637569,0.0093621434522489
2021-02-05,0.008724054140646368,-0.009369162466710063,0.003957989570771497,-0.013260264128240249,0.016473946355673834,0.007026518323157697,0.00980638960299135,-0.0027208347323235955,0.006761712765930766,-0.006865712529202441,-0.045749711931516356,0.03538687720121889,-0.006884068615174158
2021-02-08,0.009189256770241067,0.022792476110700916,-0.005564675504844311,0.03095942816785027,0.001570086259846939,0.008235593662872217,0.03125077084790079,0.014170930647629433,0.019871583710893134,0.01968946923398709,0.010751605105326474,-0.010436369132905812,0.00963444450553902
2021-02-09,0.0020225508769135254,-0.0052790480903529375,-0.006433854348223109,-0.013979246138962018,-0.012271440343426683,0.002523136682725705,-0.010982137132479631,0.0012079175921043666,-0.006772865908926866,0.0031652146044255885,-0.01886246056570297,-0.004000360835110637,0.0017754526773691268
2021-02-10,-0.007611373438415475,0.004109229367057169,-0.0012657477213781569,0.009421356656314373,0.00721278025317351,-0.002105201115033392,-0.0007971541990924476,0.0011867156799572512,0.016206950406903314,-0.00238510723047358,0.00032214563427851076,0.0014019039152752854,-0.007186487109882824
2021-02-11,-0.0008667162309195123,0.00609099685415677,0.008033341697749719,-0.004149933393855528,0.0018772733861460477,-0.0004446921720722724,0.010159378712036985,0.01343552014784801,-0.0025641735247855938,0.00736830533695448,-0.002374872022807165,-0.01262126606163234,0.0008404332583168042
2021-02-12,0.009930282959038196,0.0019315011111581868,-0.01565854958763925,-0.004845170031692887,-0.011203440136744467,0.009118103567014566,-0.017190919970702837,-0.010804322202168863,0.00014267506544151049,-0.006333228338588276,-0.009615770987342063,0.0025864506968766797,0.009557268138356754
2021-02-16,0.027034463658421392,-0.01856067371347148,-0.006024921226852336,0.002987618635326035,0.0014380981180322544,0.025070513354553303,0.023780924402484603,0.02097208092337762,0.017529376597415873,0.01677628405136062,-0.010787062167776374,0.03928980295148846,0.028133409775296353
2021-02-18,-0.013880868954268918,0.0001796345098277206,-0.01045046562929105,-0.010830615702413164,-0.022641702413753895,-0.025993652900468865,0.014708641650379519,0.031844422567472296,-0.011699320146707118,0.006358976081834256,0.013864687257388972,0.0525912920637569,-0.020971880277667762
2021-02-19,-0.020583736545771034,-0.004512825099564173,-0.0011121952103196283,-0.026832301995725494,-0.01368211899132719,-0.015023528945604821,-0.019777220633102225,-0.004760771174817412,-0.013129933804577056,-0.010616879014046014,-0.008635409456885186,-0.048811435438077956,-0.015658799408284005
2021-02-22,-0.01643950370913486,-0.029314020698796933,-0.013441592791404586,-0.02306681709744562,-0.0258508620556978,-0.016126153422831965,0.015919455462304232,-0.018621054314016474,-0.028413072838826266,-0.020080848439800972,-0.03481356087087037,-0.026807489908532284,-0.017630604291088352
2021-02-23,-0.00398577914017808,0.0016682681872352558,0.004073269869296018,0.0076936101441961655,-0.00023271781187292543,-0.005134673172074846,0.038177384962511676,0.02054624007401118,0.026687765190326507,0.011194942405398808,0.0015109401469982433,-0.0014178077203020054,-0.004711434659895659
2021-02-24,0.036353687685725465,-0.00114547274535323,0.001988879617694589,0.0024970071315423155,0.0005276972597872098,0.03338907076944436,0.007730931335298043,0.0034613668168127277,0.00859727288524241,0.0142681543729572,0.014347844473261932,0.02737303240833159,0.035849076089917456
2021-02-25,0.0026491717492755345,0.0037480552199179304,-0.0027203429365778064,0.008845506100295728,0.008756161239822589,-0.001898301463890646,0.038916376036375024,0.03006662743860059,0.01669533329696656,0.018888931617843264,0.013275999640287051,0.011465568616171186,0.004890889527337027
2021-02-26,-0.03656793027057475,-0.023224746616937315,-0.0170727901902639,-0.03174760303127492,-0.017765598321675718,-0.03622276842652189,-0.027339279337189135,-0.02948384630662616,-0.018551883388419507,-0.031941385899453556,-0.026115108349668247,-0.04048831522240028,-0.03921933205982397
2021-03-01,0.01404882063957729,0.010432485078840061,0.010867479925139846,0.023507344003262355,0.013721754365680312,0.017721748331954997,0.019250309523462385,0.01927471511935556,0.013205799053058537,0.015630126710071867,0.040947659324040875,-0.0035803137251681056,0.013524081050211618
2021-03-02,0.0034985379833509527,0.02990902787248496,0.013724968572199688,0.03141233520806777,0.013519681028180283,0.0015714901789925712,0.007834393815014842,0.007503488243802034,0.007448544951911257,0.010767835787303705,0.008049203788948495,-0.0016794024931265582,0.005396395377427974
2021-03-03,0.026422502691532037,0.018436367133978396,0.00610148341615141,-0.006625574065868357,0.009928263067971446,0.027415831971382507,0.03280953344519118,0.018815947622875466,0.014870695733803126,0.014595777848118862,0.006329028466840864,0.031089903493983086,0.02710464944481843
2021-03-04,-0.015673014191394594,-0.005478163716109213,-0.0003168293455551863,-0.004446220171268848,-0.002252171562540704,-0.018189442142882407,-0.020348037423870213,-0.00830841951919184,0.0011029751190886965,-0.0005723251200050065,0.01586419195111494,-0.007482269503816892,-0.012815073541964624
2021-03-05,-0.01617225737955991,-0.015817810666484047,-0.0024998478096786817,-0.009583892620826559,-0.01295624063998455,-0.012442159154871625,-0.02739064217425815,-0.004063215899562745,-0.014294862153767539,-0.008329178008316094,-0.008679697809371799,-0.04004591653805142,-0.015933191028056445
2021-03-08,0.0013503401836934164,0.004679935193491825,-0.005107375576220212,-0.001621432832323077,0.0038554773926226,-0.0037080890552218413,0.008082241798116223,0.011369551343928658,-0.010538985683213762,0.005989940882660195,0.010080891196137346,0.015912890341300952,-0.0009249905818232907
2021-03-09,0.01658418374779648,0.009204817213015687,0.0007680005798668388,-0.004110289234636871,-0.008697954900363996,0.022123118168313777,-0.025470344918850477,-0.013587800797301356,-0.010936849313953141,-0.005259810327750242,-0.014362204317785933,-0.009716812272704963,0.017603582772919544
2021-03-10,0.0020236551097478307,0.0165822638009949,0.005611013244561692,0.00904228383870486,0.014676883056062203,0.002396514567943102,0.018485861893827577,-0.0027843717341532997,0.006122305384534662,0.0020696178251231982,0.0030970837518992053,-0.0015507959739462917,0.003030443293876188
2021-03-12,-0.012365353763278688,-0.004695711296706264,-0.010057064288461023,-0.016750402372073998,-0.01053178425320546,-0.01104658417559016,-0.008672753935572904,-0.0006700838158673215,-0.00826684830926775,-0.005642774965421643,-0.008649532769525011,-0.017153815564559034,-0.011328400611284201
2021-03-15,-0.008888031670377541,0.005539303385504431,-0.00029181382107366054,-0.004710736183691778,-0.013197899009650139,-0.012503339702089831,0.01032361687281102,0.00023806761990983883,-0.004015476095946779,-0.007113501561401492,-0.014475714766851904,0.0016207284542087553,-0.010844650686248222
2021-03-16,-0.010800650769931643,0.012665237582013732,0.008820890934957255,0.0015179613912784011,-0.000956838346532933,-0.00826036209168525,-0.008489445372670674,-0.0015382795275689595,-0.005620051315850842,-0.0010238306257756562,-0.0007693052094564853,-0.013258758522415096,-0.00983645846473414
2021-03-17,-0.016669033105397767,-0.006864297395265988,-0.004722985586153878,-0.018693975442229352,-0.018949748779662122,-0.011806181727419502,-0.02488303946662095,-0.03155276141746753,-0.030071939654377322,-0.023450201426016292,-0.03025934346588737,-0.03840615384433572,-0.01555400965318799
2021-03-18,-0.01094066585173096,-0.031430046163509126,0.0008431550966123847,-0.001492329184016464,-0.023436862651637008,-0.008094104470731799,0.00043962581845574927,-0.015610112623107391,-0.014852909155356834,-0.008104470698396437,-0.00024411082752736184,-0.019817246641706796,-0.011803641577875635
2021-03-19,0.008962353073003037,0.007436818484170686,0.023963632366939425,0.004185826325090974,0.013170096199829234,0.008591509663582434,0.020602138050173305,0.031080495614900523,-0.005304248443663135,0.015575124047040397,0.009385147719639978,0.01455111476501679,0.009035132180515397
2021-03-22,-0.0164734961849236,0.018319001256084443,0.01689082258525359,-0.004530919102529284,0.015618275209812906,-0.011520318405146633,0.009078030744053478,0.0003343910413949824,0.026688313862855903,0.0005444481547635749,-0.009904034582985244,-0.01089338141238253,-0.0171906946661389
2021-03-23,0.01714060593961284,0.0026984364006483533,-0.0038867043467659354,0.004643845590668937,0.004752118855475771,0.00895535994474865,-0.00661532501058751,0.0007264085381382044,0.010449687343661829,0.006738706260159028,-0.0029353629565520623,0.028677165492591892,0.017196136061747937
2021-03-24,-0.026414640202633708,-0.011664855164176929,-0.014217078034012058,-0.026094225555063244,0.0007639188043336968,-0.021551552397987308,-0.032915175201957865,-0.017451648087032607,-0.029870673494266323,-0.01910393716822262,-0.0251160421638123,-0.033588038302180954,-0.02588683625699536
2021-03-25,-0.008651683074940155,-0.022173677594116762,-0.023035252035447602,-0.02798425370714206,-0.008384963161512635,-0.008346479153023107,0.00020172542283482223,-0.029526672025330786,-0.025360412695236097,-0.022026519412178442,-0.03106113938914756,-0.026113601882036194,-0.007819959441531537
2021-03-26,0.009400788818849416,0.00584725373315063,0.018060653655086835,0.012372224022241342,0.00560342315303582,0.015546003163349718,0.03618224994608761,0.004638163042395204,0.016724631356127083,0.012206134719758463,0.0005504755926242604,0.008000563848779231,0.008229155924604822
2021-03-30,0.016576466755481564,0.028581029552340587,0.02223578022169303,0.00952315398658432,0.026851102696846176,0.02019586268286259,0.027552476544035292,0.01098640674206229,-0.0003043862528042592,0.015169855509935264,0.0018435411909456807,0.00709216752092164,0.01412470712651283
2021-03-31,-0.017005782192763958,-0.010239396042042834,0.010152435364228423,-0.00025850322027985695,0.00539234632112176,-0.02029770444998658,0.0035767276384733146,-0.012774776572665965,0.01705313776661806,-0.0041622852529350505,-0.0012933684549918806,0.013154992248438146,-0.018705029588991378
2021-04-01,0.016500807174720467,0.004838416769931501,-0.0016373448012872026,0.01610786780654346,0.008478856080366005,0.012246876327606189,0.04395472142881397,0.018043426405901945,0.004925732600068174,0.014920655048308881,0.022427588890672694,0.02600512660829297,0.01835965177677304
2021-04-05,-0.035447182833613616,0.019477744146819454,-0.01647933802477238,-0.02572566850545578,-0.003690995189086777,-0.03304633566967976,0.008852717680874525,-0.015456763630139385,-0.034384229600407594,-0.013673853623806298,-0.030842845226856822,-0.041863807974339015,-0.03509724161386682
2021-04-06,-0.00544645601434694,0.001538893491848601,0.009149240906683927,0.0013606358392568992,0.017452110163214248,0.0001786471265974185,0.014225026178167607,-0.0008257392321870176,0.011644034491961648,0.003962429306944735,-0.003431880550409178,-0.00028259171973588987,-0.004029516963619367
2021-04-07,0.014959215244258387,0.011198875196946859,0.006204000783984945,0.01578769285458292,0.005384486421880701,0.011797750118614865,0.008940656428554994,0.006358304823479446,0.009550573392189168,0.0070810105661780675,0.00769706474592737,0.01933382748915881,0.01517840273535011
2021-04-08,-0.0063353488462448825,0.011760191718135027,0.004232417903076069,0.0022466049515712477,-0.0003685908463899465,-0.0033694478812731155,0.03843836147429089,-0.0031576406574796234,0.008114281056145216,0.009355954024108165,0.0035027600710659614,-0.008536309011751758,-0.006351891820614663
2021-04-09,-0.010265127393413582,0.008021636375568682,0.007689832173078329,-0.0036614933972317653,0.029966601090996844,-0.007282446278940501,-0.0061704322810825,-0.010915412286486384,-0.006154844407147832,-0.007050976762835109,0.008125653894083835,0.02072670509791861,-0.00920589801768828
2021-04-12,-0.03656793027057475,-0.0236355120806946,-0.01981746209385424,-0.03934744125544064,-0.002581173594041547,-0.03622276842652189,-0.052509090503484505,-0.03351050192364347,-0.05439208196539749,-0.031941385899453556,-0.04857052507270413,-0.05293372154755901,-0.03921933205982397
2021-04-13,0.03131786976271842,-0.03334333142049532,0.004589964506531786,0.03540720559137483,-0.011979460682600872,0.03330173283844037,0.03325864699485386,0.022508889699193048,0.02729777773880778,0.01680944837101136,0.018145221011232577,0.043957373464230995,0.03197941507221743
2021-04-15,0.01068345452426375,0.006152823601134574,-0.001780079217807039,-0.013003897733872715,0.013921755254151938,0.011651771987490915,0.013634534354329732,0.00614026999559184,-0.0038088656675215253,0.0006337532830767848,-0.006645016908373395,-0.013007415567140065,0.008181420066762354
2021-04-16,-0.0042252950453627565,0.012001530533592037,0.0055975394942264604,0.012051180457412871,0.018855474062050945,-0.0016358167272683614,0.008277239310885339,0.003334977063811637,-0.0044622366123252665,0.004425002092637406,0.0184822836146989,-0.005917658866376404,-0.0035119687461653113
2021-04-19,-0.02434367623260142,-0.0033484424397117797,-0.009633578583509411,-0.028624917562227736,0.0016609731834323184,-0.023426441924154873,-0.015431926701544647,-0.027462933174199216,-0.0415809488576188,-0.02585805087452292,-0.026737923353137284,-0.04404716334905063,-0.02611413108229866
2021-04-20,-0.0030712040475341248,-0.013789117207128655,-0.0064665889327874294,0.010285596401365256,0.012791047144650278,-0.0056434500787890165,0.004182579593283773,-0.0009077875824236628,0.0031585504650357547,-0.0006474255947097136,0.03005581534465897,-0.002129556290703619,-0.00218774788113642
2021-04-22,0.021302886059509356,-0.001968904258328895,-0.007417385038839532,0.0014370357591594906,-0.0035775955926042147,0.021047431957548993,0.01729775341886959,0.0016679208256761857,0.01286295418394936,0.0024986798864382515,0.018253265036489493,0.007446418834521518,0.017786025850377106
2021-04-23,-0.0018990517863361938,-0.008461068457700565,-0.009353858466051454,-0.004947608707588271,-0.004434694715562729,-8.202705256792781e-05,-0.0031545151891911776,0.009553579170014993,-0.01103893310248593,-0.0036550335363314747,0.0047016677656456455,0.0030291620336112103,-0.00043451083603429424
2021-04-26,0.017277685944029713,0.002776449600564502,0.004130615048594491,0.004626172494616449,-0.008739472018975106,0.012952058271968868,0.019915656433594105,0.0077984068319765145,0.03339888637489204,0.011038494215962756,0.001584331688331567,0.01751049406717409,0.017636729986912014
2021-04-27,0.014157909785423016,0.005260579367154341,0.004232853061086077,0.006899376829559943,0.007011220316098733,0.009820801610340511,0.026742832229505898,0.011486770536411815,0.00718451270351237,0.01591811491305741,0.016842296298475373,0.022693208615750197,0.013838902398569676
2021-04-28,0.02971871889338764,0.005652996414968764,0.003516279296811208,0.016680908245979963,-0.003299460566455323,0.028488442130908124,-0.0030523965555710624,0.006211395236650236,-0.005903409520891667,0.006328915822995913,0.010420226453547309,0.025455709494116584,0.029475255303579063
2021-04-29,-0.0002461805961998094,-0.003387538927242512,-0.0035266165805567244,-0.00995669289887062,0.0034423717917290647,0.00045500360633491326,0.04395472142881397,0.004021784132747287,-0.000800448262473936,0.0004180979558015933,-0.002828157015238703,-0.011442328236892493,0.00180655459143531
2021-04-30,-0.028054596043082403,-0.008143492894830986,-0.011401478500121034,-0.013685886191779264,0.012746753895082305,-0.030815099527787836,-0.0015148761045052706,-0.0017731385694480112,-0.008362885751597385,-0.003509661234180777,-0.003611222790341514,-0.010430775988759034,-0.02382053902223379
2021-05-03,-0.009687752876533605,0.0004519458399304871,0.01096618187720493,0.0022897663483126777,0.0028320899567941104,-0.0019877851499388558,0.021326467595877325,-0.0026488912321772132,-0.006318408082424195,0.00462765248924761,-0.013560947370757187,-0.006027116087946151,-0.011155372584894189
2021-05-04,-0.00603685738915104,-0.007311694671188952,-0.0050562458498090365,-0.008861504796584043,-0.02039545334960456,-0.008250760446572235,-0.006238622772859262,-0.0019788230496092614,-0.004560991488408658,-0.006578716031678028,-0.0009499312298141675,0.033809300053562155,-0.0065173424358367215
2021-05-06,0.017126860644927237,0.02975034639924282,0.006652325764360927,0.02448447632193399,0.032678080459227384,0.016299829100366,0.034615846381548146,0.012752722132024295,-0.0029430822012042903,0.009398969829290867,0.017735751695941448,0.002882573490655983,0.014816452533111864
2021-05-07,0.0023337125286275163,0.00040930436232174393,0.0022003177333432457,0.00044315617643165,-4.730999691659914e-05,0.0074047646277654415,0.04395472142881397,0.006437541459260038,0.00750407368961297,0.0058358799686172545,0.009006646917964083,-0.0014165980411699071,0.0013650733322256086
2021-05-10,0.007203921380794971,0.00015225654186112306,0.002363608858581528,0.015521302818091954,0.0276032232280805,0.008441838257843717,0.03090879989622454,0.015965960944482962,0.00777078207737074,0.01098083038071593,0.024926089669255264,0.013680315197081756,0.0064554005889205755
2021-05-12,-0.02104198648625285,-0.016037513612925974,-0.004302614789135698,0.004062765878014917,-0.004738104617517613,-0.025303726860314683,-0.03945367013901554,0.006827060011242205,0.0009671771015011285,-0.001831857032645742,0.01436828482042361,0.04301593686280796,-0.02564296031397276
2021-05-14,-0.008750946402344235,-0.01039010304843683,0.02103834566624064,-0.020501037244243125,-0.01284785277946104,-0.0061449691516177385,-0.03836030482252431,-0.0034493247428064385,-0.032419321117120925,-0.004873050727490512,-0.015738662951015763,-0.020524413377114633,-0.00868608989286973
2021-05-17,0.036353687685725465,0.004497867862620485,0.0007443267324874421,0.01930693408015857,-0.0019319218311786431,0.031477001325820965,0.02260486017161702,0.01035217578377993,0.013882165250889594,0.00576533065831435,-0.0053121805626689545,0.037348647298226796,0.035849076089917456
2021-05-18,0.013747280836893798,0.00986033310934088,-0.0018964868790460141,0.031716183782754155,-0.001899513709373085,0.01466386861708941,0.01650173905812656,0.01863460120360333,0.008335484349960006,0.011813001184427165,0.01665413594175441,-0.012813890699494792,0.015133540908441389
2021-05-19,-0.007016934446913308,0.0009453325533100968,-0.00033826992575523184,-0.007281423118176381,0.012140030985968556,-0.009881293815105599,-0.009193252180943717,0.00553363112522183,0.021256760388312018,-0.0016688326400992864,0.019861187657729342,0.0023541658708693797,-0.008108120715095892
2021-05-21,0.026994460658825884,0.004703578059894792,-0.0011278680687555921,0.006157233785049779,-0.0005464833466086147,0.02217819869100609,-0.028382547537365202,0.0009422262562659558,0.0215943651617917,0.0008586279030263084,0.007463634434903799,0.0409213268758969,0.025602514858970783
2021-05-24,0.009682339125763214,0.0014889499301005838,-0.003408769733013281,0.00032476100290244886,0.0029220573878889263,0.006390246531734118,-0.006009175406039693,0.013223065007631884,0.013475015769687543,0.004400682767352902,0.011892349505290455,0.021069823560816228,0.00733764557293974
2021-05-26,-0.007451122890210608,0.026912173261627356,0.007009843672146483,0.011761960040705335,0.006576256702337948,-0.0019051027131546851,-0.012677203145976501,-0.013497380738670567,0.03164776806917609,0.0010319721712318682,0.040947659324040875,-0.016099466976395835,-0.009089457871503562
2021-05-27,0.011775912322442551,0.011382534354741755,-9.761697887914268e-05,0.004607220583492364,-0.0019272267570490473,0.0015584718005653283,0.00767312952817316,-0.0013284732843406154,-0.011995944882335088,0.002971231708686851,0.009847072084243508,0.028057827666562587,0.00844673531570413
2021-05-28,0.0013211101714671355,-0.0015473149364054898,0.0022437907998524636,0.002309937325263546,-0.011839284386684195,0.003425038030598783,0.0024656184216590247,0.013970178385194067,0.0004524361508206772,0.011891077261540999,-0.002963572262838193,0.006652708752449975,0.0031875217401764687
2021-06-01,0.005554952772254218,0.0007960466008634869,0.010001244683157983,-0.004998116251485538,0.008856126309260356,0.009094408117277613,0.012950424273140962,0.02073734696100358,0.008408421291007155,0.012051393733451354,-0.01055530171538541,-0.01266582710934226,0.0015696069628679346
2021-06-02,0.0010338203329785971,-0.007571584421492551,-0.005194838814836156,0.01799574700553698,0.006650158442520427,-0.0014819572599483737,0.02156538322535627,0.012273655216456564,0.014399435756572055,0.007244242387202028,0.0020070670214422165,0.02985117428420232,0.0011575004239328212
2021-06-03,0.007751056276226348,0.0017894383177453961,0.005912513128883638,-9.355013117719341e-06,-0.002649749482966372,0.009538470094342126,0.006618221111093798,0.0051736477748395284,0.0371779447806366,0.011482814699371215,0.016301954757906863,0.004095302562623234,0.0070531909769264295
2021-06-04,-0.010074755125671745,0.0003278565069973626,-0.0036503389041391524,0.008240046601571837,-0.0009108739374040889,-0.0021745771667208273,0.013406207952581585,0.0019485926673865805,0.004816503727437141,0.00411428208181988,0.010117250651002338,-0.0016441828047457268,-0.008116211584408851
2021-06-07,0.004297769386315099,0.011010874757525756,0.006732128133700251,0.006573119884446712,-0.0023109111748743963,-0.002472542833496266,-0.004439365235170441,0.0182870652365694,-0.002830457690845276,0.01622358785675292,0.011566842479881876,0.0036055565980136774,0.008988625480250582
2021-06-08,-0.010161812579613969,0.011950385115773688,0.00836336620447483,0.006213044654128546,0.008553097367998903,-0.007623474081007513,-0.010705219911681312,5.065354847546049e-05,0.008467451390839124,0.0002552091810696641,0.008473607839705558,-0.014561711864370016,-0.009874407783733885
2021-06-09,-0.008150601865069364,-0.0030745664415335228,-0.0023434858154763472,-0.012911884140182536,-0.005012539748533215,-0.006576257157795973,-0.00944753936892032,-0.0036606220728682467,-0.01672135899300378,-0.011292155110140792,-0.021223747241283234,-0.01440637942588407,-0.008715671655744543
2021-06-10,0.009457846498654604,0.009360893841935896,0.003991902763503398,-0.0010905664001769745,0.013716767399978465,0.012066107228274026,0.010644847198176013,0.0021072726612899793,0.03289126346717054,0.0038862396664078795,0.040947659324040875,0.023755882746246872,0.008977785450930748
2021-06-11,-0.0023881323499577076,0.014978277185077911,-0.0023635099422277678,0.003983568739773143,0.010435126584425834,-0.0016723156209837709,0.02653821583994536,0.004066420322786139,-0.010424724156533616,-0.00025710649869404667,-0.009677711979427395,-0.005380903015177938,-0.00411393995682896
2021-06-14,-0.0027657378863229737,0.0034175471440079305,0.00036462110760356726,-0.0011525277873787548,-0.0009995415181696537,-0.003473770018281798,-0.006531550599054727,0.005059975158171367,-0.015347044498506124,0.00010066697887030248,-0.006370590849342519,0.005823028927788731,-0.00451780876339006
2021-06-15,0.00846600398039626,0.0022489975295993474,0.007307813633135151,0.00012096071152726458,-0.008824477929845177,0.005718948341151848,-0.0004934388509407013,-0.00012437489599873252,0.013108917064368964,0.0007934076213148793,0.01983045431214751,-0.002554781583686112,0.010690391443392466
2021-06-16,-0.006953610544949127,0.002498826710703458,0.00582213982107372,-0.00793047358112916,-0.007495226164596354,-0.006023476655950231,-0.028863190163063504,-0.006083028557636896,-0.012683372266457401,-0.01202491393666499,-0.010965394578668249,-0.010182956347981264,-0.0071983089731153934
2021-06-17,-0.011438383027404355,0.005695754362523737,0.0014464754048690292,-0.013821198140443379,-0.009478048489025746,-0.010131572161488859,-0.023489892156826852,-0.010104608167173056,-0.01658836234514345,-0.007114179106099493,-0.010952979808077166,-0.014345978181625264,-0.011852621517698909
2021-06-18,-0.001370638154252799,-0.005810001008661033,0.0028590237967679086,-0.007559624397108323,-0.003628322035796874,0.0005908969442316295,-0.009158451260763987,-0.019657572139685157,-0.00839852567857795,-0.0032847647096596374,-0.006451808887786649,-0.01782751226330085,0.0005382552110818715
2021-06-21,0.009025084419510342,-0.002766979862323986,0.002489602502449835,-0.0040872988483975576,0.0037242288369282372,0.007003775637081916,0.011138804910566333,0.013560587103060934,0.022999432243119917,0.006933329681172818,0.0050843174097135214,0.04027972593719619,0.008955032877440742
2021-06-22,-0.0036284168823315327,0.005503591519292904,-0.0021451872461851497,0.013303840715623107,0.0008552648676353196,-0.0015342968046426848,0.0027775592247440578,0.0025164621579178955,-0.006844440904220023,0.004234110014799311,0.0007242067170578169,0.0005649437674560753,-0.0035221073576545458
2021-06-23,-0.004933779539557536,-0.009335791951385043,-0.0030597592555735935,0.00454825129270715,-0.0054743535846025195,-0.004787632760771148,-0.011315112926966242,-0.006730383121816653,-0.0035834624636468804,-0.007518341567065778,-0.004918915114648172,-0.0004640305023218098,-0.006427374149328911
2021-06-24,0.007290965899573294,0.02755533682063288,0.0014855674429193246,0.0028245659983147744,-0.0035803375182684575,0.005453701976644852,0.005732500356649833,-0.013583418522125102,-0.007639747180595178,-0.005833471763726993,-0.011436115925287708,-0.01414602231259414,0.007892778452196965
2021-06-25,0.015319808326103147,0.005580338023914841,-0.0065329764457839464,0.008285962871307947,0.007250980213052023,0.012156149635531766,0.025799245068033567,-0.005889049861898658,0.002889757928527693,0.0010070040204133834,0.0006811525363831036,0.02608257007676864,0.013577445436725713
2021-06-28,-0.00014702991588171532,-0.004873111534031716,0.001329386063310574,0.00028954843004632796,0.012572030384454291,-0.0032913854315409488,0.01271556814783956,-0.005150786785170914,0.0004328147606331537,-0.0021525844710713737,-0.006393787023379882,0.023687741575423468,0.000685750256848244
2021-06-29,-0.009923339135994049,-0.002835280985409592,0.004982831001647751,-0.009159589587206836,0.0057807680455321175,-0.007328537113020538,-0.012313729027599776,-0.0004709223263431709,-0.003611937628770422,-0.0027663207792396247,-0.00673847712308948,-0.014951460457741338,-0.010401215425960422
2021-06-30,-0.006824098855593169,0.006250638319798852,-0.003908644813593999,-0.0011220116433255218,-0.0014874635151912129,-0.006159475607653216,-0.001963254342041022,-0.0013485736517625207,-0.004351616808674267,-0.0024857722696437217,-0.007924042590048775,-0.004140199085941109,-0.006168880831350714
2021-07-01,-0.002539738396256146,-0.005669510579526263,0.003918239373888027,0.008206583221952089,0.009290051595239995,-0.004097998121006523,-0.0016117707418627154,-0.005760039704360313,-0.0033491823488889967,-0.002746154129212391,-0.0015310741386093925,0.0013489001623761252,-0.003362050130190416
2021-07-02,0.003623228417656593,0.0001671960595185343,-0.0005023828244373925,-0.0002058835644794155,0.00601961589685764,0.0037452970945469994,-0.014965304491123627,-0.0012414079668499546,0.0052371906918662735,0.0025271532965614714,0.005750241912776291,-0.00013871928819073222,0.0023064309113366155
2021-07-06,0.021857996761414943,-0.012437389248557145,0.0006017727407546286,-0.011842794968421121,-0.00848067348816756,0.02009086478163616,0.008279466018976661,0.002128953444952438,0.023516947726492612,0.0076236783526055524,0.01517428431173538,-0.0033564185474419723,0.019596937747338054
2021-07-07,0.0053862320600004095,0.0029712110440312904,0.005738454240319304,-0.0006820886051708435,0.0032051142469399756,0.006095707074008395,0.021752146367444988,-0.0016362317927041878,0.0193690951060714,0.001291605720258187,-0.0017475572218425203,0.004366992698346457,0.005493106893581402
2021-07-08,-0.013996942283435648,0.0004992588179613356,-0.007378896606229122,-0.009186822352595988,-0.012805494203319282,-0.012243914668049747,-0.022177584395161622,-0.004904489199846996,-0.0057155471494962605,-0.005980654964019099,-0.011821443507139718,-0.01976297602235802,-0.01282839681559541
2021-07-09,-0.0057473401216622064,-0.0030238297952347518,0.00014639631884740556,-0.003420168367661025,0.0063501420620487685,-0.004756578466641598,0.019743864168015768,-0.004923453790581347,0.02348823134885598,0.001699383984377844,0.009331300673013939,-0.002447456753358071,-0.006662792103931657
2021-07-12,0.0036130751143963065,-0.004540636656185849,-0.00021420364586549194,0.0017163645534825917,0.000835293991074436,0.0009730279992831009,-0.002097596773558637,-0.0017397870613691268,0.035416209035850195,0.00368707834968583,-0.0019197022644811314,0.0018007435759283671,0.004192107158636399
2021-07-13,0.01339052699069627,-0.0032507031179158335,-0.0018356750588605182,0.005693520287942708,0.0060938623405336866,0.01470513607570509,0.006260642485031842,0.005292245135598545,0.00381499298744186,0.005403121807906895,-0.005891736285219181,0.007752679563797849,0.013699531221622424
2021-07-14,-0.00014433356629162938,0.031158832453127314,-0.001027979130056844,-0.002852223780147616,0.0032416305245054618,-0.0017282519839750292,0.000821117880692256,-0.0023455286039522423,-0.009498687739403364,0.0008863012231983294,0.0019310350828109172,-0.005027359563378273,-0.0007780636175948517
2021-07-15,0.006689352478739536,0.012807984689948686,0.003037806104351219,-0.004010782669623285,-0.0027299796188659394,0.006118655164729658,0.006666416806407583,-0.004530149875789525,0.0411612160610413,0.004261613540338373,-0.0035338787541210593,-0.0033117097428527844,0.006186026552547297
2021-07-16,-0.0043496233061740466,-0.010751453893631639,0.0019493372776615808,0.00023498057257099323,0.011518011321956453,-0.002496343923938546,0.01042266678711911,0.006737746839322265,0.011383882459273582,0.008065151549278664,-0.00385172692162856,-0.003769326841210348,-0.005330503026940812
2021-07-19,-0.018992298771755557,-0.0046450860613328985,-0.0020198365382311876,-0.01133604092541376,0.0023784788668699593,-0.019638854027446195,-0.013717402302228579,-0.0025891967356416277,0.004267105453279953,-0.0041033193235969255,-0.005261232956154607,-0.011270656002735139,-0.020508210040090714
2021-07-20,-0.019102767546682747,-0.0003930515375339361,0.0013769126903789152,-0.008639781088957986,-0.013084651825023523,-0.01599179217449489,-0.023632397972069973,-0.010680825127655356,-0.025622929373948347,-0.005875059266821837,-0.026098831918627836,-0.019490156475376445,-0.02002155871092409
2021-07-22,0.007579722756507133,0.01787028193020265,0.0009201212001894147,0.0013295152388537682,0.006622052612419906,0.012570166199623777,0.029463609755700962,0.014911690466516156,0.017323113764976673,0.01619669021703788,0.014843719550122545,0.009211791929380717,0.00885207962191716
2021-07-23,0.010245081370308266,0.0038325308644539735,0.008103251120701416,-0.0033713339609444865,0.001539027923259496,0.006756336058093102,0.0009062361929224465,-0.0049227986773903035,0.01279810588910365,-0.00630804524110507,-0.009871314225708498,0.00739954046510831,0.008818197610840099
2021-07-26,-0.002420556849137775,0.001540899096798,-0.001968596578494969,-0.006234198817783226,0.00374013758261695,-0.0021817209000446315,0.006256322974968684,-0.010499101430792709,-0.009646114471529708,-0.0022127973777903162,0.003159228340066336,-0.008063559221461892,-0.0008944489469970967
2021-07-27,-0.004365827674899823,-0.0015994403965910483,-0.003457888230888853,-0.004310004680890898,-0.031715052911138505,-0.0027609502041951815,0.014465898912160163,-0.0095767090557358,-0.007327952978883281,-0.006882960882763524,-0.004871068986342735,0.0037504259757234464,-0.008508674126776345
2021-07-28,-0.007631614533839348,0.002058580671030074,-1.2354555326140191e-05,-0.009350691428344781,-0.0038523164826955287,-0.00511923514934259,0.012165206647937089,-0.005476338873724939,-0.007893040560111468,0.00033961623692020453,-0.002487371691481608,-0.018999672998676265,-0.0051468056832993285
2021-07-29,0.004582305870820393,0.013833496703056374,-0.010236405126016618,-0.004384422384245036,-0.003184527132396158,0.0041779828384357195,0.04395472142881397,-0.0019164612271179784,0.015975964729657142,0.0006110629093194616,0.008579542622242671,0.03202660945081786,-0.0009465045688353825
2021-07-30,-0.0030934233256504633,0.0035710078886409123,0.0017169905066394633,0.00918266076353611,0.032678080459227384,-0.0027256628385388905,-0.006976896129392402,-0.002173557286166509,0.002888889543655961,0.0027336044980786896,0.019282745645532055,-0.0032510843900261876,-0.0016730467834432565
2021-08-02,0.00362655920721171,0.010541339544987555,0.004098192454979392,0.013340503057454612,0.0034359868494372287,0.004295932352985978,0.0018957829233481821,0.015460186607611812,0.04341368769431537,0.015158804157161442,0.0003896518998214146,0.008382164893751891,0.0033766519413949217
2021-08-03,0.014229797752244542,0.01170919512735997,0.017147780361310268,0.01550737768854304,0.011873957631399376,0.016698231175232607,-0.000536287806442899,0.008087710017811564,0.0026297076963951315,0.011423435689049665,-0.008327505071604048,0.011389539644484385,0.013978755141268328
2021-08-04,0.023040186165160223,-0.006073083009252686,-0.009374194770784567,-0.009305807721697677,-0.003659099597293688,0.025536223859625454,-0.0031721528084341045,0.001025943942220852,-0.01685365496488674,-0.006911386387001933,-0.012168272291119598,0.0030473793346064504,0.01920684622032754
2021-08-05,-0.005379792992916907,0.007527131195790397,0.005984940905897162,-0.0021394825253467143,-0.0009940290792714139,-0.0034691662376154643,0.012851319458397032,0.001403277776487977,-0.010986438466892994,0.005064131188814595,-0.01580380190585268,-0.022532418371072466,-0.003683356739334299
2021-08-06,-0.0007118613872103821,0.0029465685285017637,-0.0008626932064762729,0.002402963773557606,-0.004285593405563984,-0.003329528522617637,0.0011905352775486496,-0.001063140075808049,-0.009620187188988627,-0.005573135668206599,-0.00974347208215081,0.00038892178149824527,0.0023846379696130893
2021-08-09,0.006116591524970851,0.004389225415008097,0.000602430345906287,-0.0010249653141259855,0.0010980843523520501,0.003867384095472691,-0.01889744126149853,-0.007188987712383622,-0.007338828042715983,-0.00931716146344382,0.010839471484619865,-0.015718510231131508,0.006839693175850338
2021-08-10,0.000142997096882122,0.008626543145432595,-0.0042236915410004995,-0.007868555507402194,-0.00210424625295693,0.0030123618855538146,-0.028077206900927996,-0.007133867816619071,-0.020432054371527224,-0.0026508967633697457,-0.0243936165301043,-0.026396276195311295,-0.0005174572645338754
2021-08-11,-0.006339224730695897,-0.0013694562658464156,-0.003053557803135554,-0.0018079194468710745,-0.014708164469102893,-0.0062088751808669585,0.03091682187919095,0.013753411814215698,0.0026723138697277507,0.005517576427678905,-0.005479465764625596,0.004897795140064523,-0.006711656026471212
2021-08-12,0.003642256176932723,0.017996221048748342,0.002632024074997825,0.003951534344581256,-0.011124479514874025,0.004994003215373842,0.003637964458363064,0.010169410419836563,0.012000396279008885,0.00881600342735484,0.022524320399514446,0.012539196413146525,0.002511045233447196
2021-08-13,0.006443266527823694,0.01336049191901444,0.008729122680733047,-0.0002210341008781692,-0.00596124844632163,0.006746010423459256,0.00519509753243306,0.003971886182190091,-0.009208578257703633,0.008092982710505939,-0.009335774097301014,0.001990926269199225,0.004061875063050762
2021-08-16,-0.0020715351114119263,-0.0030909183430912254,0.003040783996355151,-0.00883210558192129,-0.00597189393915307,0.0040924659472595035,0.014652544685065648,0.00552416170419468,-0.003936232158658617,0.0009304515948147305,-0.01446647828864042,-0.009994507563991189,-0.0017067413419570888
2021-08-17,-0.006310395277317982,0.025361764089916885,0.014088129089628858,-4.9561137109126416e-05,0.0054165559796304445,-0.002882833699152084,-0.0232942470669594,-0.0032196422259336316,-0.007022052473719812,-0.00021885191314550755,-0.006264563267155779,-0.018051977489371894,-0.008240396601056884
2021-08-18,-0.008763439375228714,0.00102143515249324,0.006906724415368876,-0.0020191867325494374,0.0021413616168457785,-0.005666217939811358,-0.008173256237230319,-0.0019006168004129225,-0.007717080098563391,0.001006343810436069,-0.002366835752117162,0.002773831940322176,-0.009116340543024765
2021-08-20,-0.014751899025211708,-0.0029205562654841736,0.02247444528745909,-0.016347718752992766,-0.02593138866515542,-0.006997692558360764,-0.052509090503484505,-0.017231731016742753,-0.03642026453513964,-0.01820378407316477,-0.03837159211254737,-0.03500394332990501,-0.014360531393936284
2021-08-23,0.002581138288005195,0.016900639560028522,-0.0027644830458745584,-0.014804065182500614,-0.0007697999413408922,0.003979724367648758,-0.00841246200471666,-0.0008556600644407569,-0.00995831580050439,-0.003960268759229898,-0.01713312658902574,-0.005261783724968824,-8.278191207016614e-05
2021-08-24,0.01659369230222193,-0.002402731591178121,-0.006691670453523588,0.007518369560231622,0.012724719385411363,0.013848906680850495,0.02860647604012526,0.011844934985854564,0.01809336976149681,0.01178994191868146,0.019374776121116526,0.018098781743034986,0.015242614008276376
2021-08-25,-0.00353032439674082,0.007230369958320057,0.005615514174809619,-0.002459026802122529,-0.003288020056301131,-0.0032955504195301896,0.00535772009236048,0.009906044293815204,-0.007867264149958832,-4.423130470230877e-05,-0.00689671724996807,-0.000263518568327042,-0.003372954189611346
2021-08-26,0.0008791987777640337,-0.0012579120722436988,0.005772866595051083,-0.0046547563191617234,-0.005212243561575315,0.002166736102976043,-0.01274972746000802,0.00544143298675167,0.002673798384402205,-0.00365226458771984,-0.011749030241027802,-0.008158091018655942,0.0020621524886032193
2021-08-27,0.0002877414171970742,0.007862386412444126,0.0038405105586301943,0.0031446648448484956,0.013722273211436703,0.004510641928099215,0.0161509919376163,0.003888640835614356,0.007316294690684197,0.011859720579328712,0.009711507727131977,0.0063777905567827566,0.0017890569636347053
2021-08-30,0.02000327096687959,-0.005862441917590389,0.00848281332626501,0.016611647441239136,0.019438889679702108,0.018304380204082614,0.024351951284096517,0.014990597008688947,0.01916569011142626,0.01680841838729158,0.006380850100568895,0.020230509897318345,0.019817295619638874
2021-08-31,0.0021149283117989724,0.01342487710924773,0.009646757317997226,0.007657946819002731,0.008558803963650958,0.012630063844124973,0.015252395887895174,0.0022721461897392634,0.005833944260728068,0.01480165953166269,-0.0012479332537292573,0.00676774246349643,0.003349971025888563
2021-09-01,0.004101356480737578,-0.013388230830123514,0.0029049814875127624,0.0009413319057135766,-0.0017373622675819062,-0.0019220383022009748,-0.01803694149249693,0.00328943618562543,0.04341368769431537,0.0037933211033364363,0.005541402767976291,0.008549619665215728,0.0045205659245257605
2021-09-02,0.00700219420361771,0.01656657014010442,0.016304846331574585,-0.0021379277104621374,0.009635817571261102,0.008051376159120329,0.007252031760858103,0.005362206863956483,0.012411952941922043,0.009672324245711784,0.003316326220924161,-0.004553566258394347,0.007664869271388918
2021-09-03,-0.001906425861200215,0.006062801104155665,-0.0017423285648707893,0.010155325095415795,0.0018760542784462873,-0.002822732862178866,0.011615768742237194,0.022609658768128482,0.01058591336141704,0.011869698660285468,0.014651699086995935,0.007076841517141581,-0.002333737465725581
2021-09-06,-0.004602347060247881,0.014903700958176542,-0.0014229495466900703,0.004188849018695106,-0.0002831192477865752,-0.002946971358981845,0.004074337376092435,0.0035549034749503515,0.031101533282241734,0.0020885308475779287,0.013116843925999487,-0.0018865758602792458,-0.005389243168830221
2021-09-07,-0.003382162342717743,-0.013182640648613873,0.003002796918692306,-0.0014320711452778848,-0.006526090814357824,0.0014786708564659319,-0.005999484730212745,-0.0035310191705198372,-0.023591230654259165,0.001197492355090233,0.001022680896397295,-0.012532259291918375,-0.0027890803169602013
2021-09-08,0.008176293041859111,-0.007844461412295054,-0.0006555248373285322,-0.005164633505554952,-0.002637693570169281,0.00570070472353413,0.002169883385935929,0.003347669274437565,-0.0007128140699065028,-0.0028100554709636245,-0.006424310463167797,0.00704339238751277,0.007818210543827461
2021-09-09,-0.0023144834602495104,0.00357227407612536,0.007780706239960563,0.0012070667621035338,-0.001366880580957947,-0.0025791059995894524,0.007731239846629873,0.006815684782356675,-0.007395968428347728,0.003944228190775018,0.02922179444213807,0.0026631174194836284,-0.002350643252091665
2021-09-13,-0.005779549908339769,0.009360625412834694,0.00035486732862945094,0.0007463920228882282,0.0032884246512235264,-0.0018712509203074063,0.012779737670235047,-0.007582455224930897,0.006444661783328681,-0.001959834311399422,0.013311373336188688,-0.004114795594560315,-0.005313868785284328
2021-09-14,0.003865419951659175,0.00855713057219703,-0.003029804917948954,0.008799891388790422,0.0023551762050190482,-0.0012558498986679886,-0.004970066373807697,0.00220356705106688,0.004155048539085218,0.003998089151609147,0.040947659324040875,0.0018143207456436852,0.010269247643836195
2021-09-15,0.006511889029648277,0.01800437201022363,0.0008632202682959002,0.008524174803227893,0.005325497424090514,0.0030004016326812964,0.00834661425000365,0.014899220851709145,0.0015389749449140225,0.014233919910988522,-0.015583403868759048,0.027926745891883074,0.006211301259456291
2021-09-16,0.02191026781355924,-0.006193743767288551,0.01234437443130949,0.005274034710636452,0.00023804748337434862,0.010872351381836917,-0.006257718294197917,0.014627392002713707,0.0018907776406539402,0.0045720511314685675,-0.017269792318428026,0.0525912920637569,0.026377321561473915
2021-09-17,0.0037982126516244888,-0.005760917904107306,-0.005102371517779785,0.0,-0.009443102688161757,0.006488769271394316,-0.024100885574659028,-0.010234379244023243,-0.023775117471861246,-0.004683640167877455,0.009775248904642465,-0.03009076007216397,0.0023932158447919558
2021-09-20,-0.0177771721694232,-0.006937710685275438,0.009047447954813857,-0.01447909663002981,-0.018129047149474997,-0.016276845406865498,-0.052509090503484505,-0.010839837586417721,-0.021632314575267427,-0.011154670594363477,-0.004497790919469338,-0.04273950483865205,-0.017709053453464976
2021-09-21,0.0024240806494395984,0.019193131076394095,0.010877070928647793,-0.004587768891679715,0.012806695573364732,0.007240853961459532,0.025193283454202662,0.005221268799979879,0.03508275447723586,0.006825875157320689,0.011657559242562801,-0.0005078513775441527,0.005908105876391285
2021-09-22,-0.00785123053891599,0.009278935603891052,-0.0027114900744376223,0.012587832913842686,0.0038653399942821256,-0.008663897121105357,0.014623102248734794,0.008161404360221157,0.04341368769431537,0.005443532395311776,0.040947659324040875,0.004751204753332538,-0.006779680176661926
2021-09-23,0.022139367763012317,0.010771615129981324,0.0010005480473854003,0.008553882283407019,0.0032213437341361453,0.022556446242548215,0.016408655735750757,0.01816031933084395,0.04341368769431537,0.016782868726012194,-0.017201228569615583,0.011811388193558654,0.02079898127284209
2021-09-24,0.001550179868676714,0.007747630407252245,-0.01108201105171478,0.00539368766257695,-0.0063725868485597385,0.0034305033933146683,-0.021207733571487745,-0.00810836823334775,0.01487164472992422,-0.004301956011779675,-0.006434566529391563,-0.018511766608648443,0.0023418484917575133
2021-09-27,0.008972226858850517,-0.029230572457068386,-0.009052502490426821,0.03171893832746949,-0.009312511300445908,0.0041165614508959,0.001136090023830203,0.013247449152614891,0.02948326832360512,0.00458077102740964,0.016215179690285967,0.004823731313410402,0.006159209190131487
2021-09-28,-0.005944838211679426,-0.02229363434243175,-0.000925078723809661,-0.006448917646431844,0.0010519103185926437,-0.009242397548345178,0.0054624223119615735,0.019944192085083808,-0.030680824526482523,0.0005773190384537525,-0.016749353378841054,0.012292248216807257,-0.007377358542169481
2021-09-29,-0.005337673580812797,0.0012109373558775007,-0.005195021913178619,-0.003788992629161428,0.016331976699556036,-0.008857641711552625,0.02262540208375992,0.018326067210786355,0.011220998116410688,0.003853626502720429,0.002714519340361246,0.026802613255053183,-0.01088850894642412
2021-09-30,-0.008458378060671557,-0.007243555751205405,-0.0011272779789778364,-0.005368408336038951,0.004263720562391147,-0.0036809755578370304,-0.00887120477428177,-0.00026244938901345306,0.01460591908521023,-0.0036844503160077947,-0.009147530690479244,0.007924876270482658,-0.007647624389463718
2021-10-01,-0.0053369924560869395,-0.007087936664327452,-0.0006817344775443426,-0.00014154014313099987,0.008339675479386105,-0.009110529783089986,0.004897731163382397,0.006177616615216555,-0.015198606404724518,-0.0004677579256813047,0.007454723819196279,0.007123037291085256,-0.005597139923332105
2021-10-04,0.009457930991783253,0.009886017853302922,0.0011491011271635345,0.00416235519258428,0.015289387075250635,0.009582912272330182,0.02945313119762511,0.01443434330553592,0.021504103509262244,0.009106369326333888,0.025685050744697253,0.02081506594846113,0.00820076647994599
2021-10-05,0.004284447548279347,0.011834004971728108,-0.00044388684271101485,0.0047672007880146215,-0.005018539035345683,0.002977227215846063,-0.0012147667951825413,0.028372842911437803,-0.01372883230361662,0.01105528769487109,0.00824505895800715,-0.004454904825016299,0.006382575188945234
2021-10-06,-0.005831649066889259,-0.013268371551073457,-0.00645329977266435,-0.01170783182329298,-0.01892507923826643,-0.0031573847277574767,-0.030270950702544572,-0.0045152903658317685,-0.01630873804192399,-0.012733571041826701,-0.006866226442297459,-0.019564265051567487,-0.006446684244882152
2021-10-07,0.006154835758757097,0.01774711360137351,0.0014665109590726443,0.03540720559137483,0.00690806775206032,0.0015171510067087436,0.005776436784338593,-0.003924319477854779,0.04341368769431537,0.005370449677195203,0.00944294121494814,0.006338124635904692,0.010649646207247529
2021-10-08,0.0005839134145276038,0.019365148317234075,-0.005810228294502377,0.004300986538237851,-0.0032603385915382557,-0.0034333717894578348,0.0037914234599778413,0.0041042673522954706,-0.022306462272153403,0.006885043447885242,0.00875592787708008,0.01634863825247586,0.0029465299215239564
2021-10-11,0.013633850134250959,-0.03414742234914626,0.00808604951365224,0.026383318065600833,0.00690351447194999,0.013779496526123938,0.014841435834832314,0.010787837670297758,0.017130223951531628,0.004741971575645628,0.013987474022759398,0.007793065294979326,0.00964000284950461
2021-10-12,0.005928470726043001,-0.008856604663875405,0.012097240325483306,0.008800279733632349,0.0009472251797758453,0.003332673223539822,0.010857566561447839,0.004311541963770867,0.007239208971157019,0.0005437992276327763,0.014570922270945376,0.03029578582461859,0.0034866032395017552
2021-10-13,0.0029615211499713166,0.011855301807346891,0.008312789042437827,0.033747630740981596,0.0034256322990736383,0.0033832801726307836,0.014526788953217528,0.013851203673226228,-0.002438545155286724,0.012551924007134667,0.002798589498445297,0.007952403746161355,0.004394782877242017
2021-10-14,0.018086646632533378,0.012931253548955397,0.0055206773644609795,-0.005889270295807663,0.0033494260744830777,0.015699748536881622,0.0175220850017231,0.006560556589463713,0.012690265881718229,0.010453278998435223,0.010691400813852094,0.01722809681545249,0.01689710258180244
2021-10-18,0.008703614309323041,0.015586453606667017,0.00450799367580357,0.0012280280042920692,-0.008896356279661073,0.004562721939162033,0.03812296382540079,0.01532031308496045,0.004717621851216919,0.004959305117637966,-0.0071934725617425165,0.03898636631018134,0.008375342028808032
2021-10-19,-0.0036428418327369484,0.021795455967534776,-0.025015322513587124,-0.0160359213298917,-0.01475746395297576,0.0017924400019836478,-0.024895132262720308,-0.014541301855299935,-0.048596409270709434,-0.008971269782586635,-0.010054705894231655,-0.03801137571875682,-0.0047278890120996744
2021-10-20,-0.0005641641490761123,-0.0070193585729812265,-0.01353516225976177,-0.011552805102607429,-0.014495189716021484,-0.00583278556302079,-0.020765504341584924,-0.01642588540493309,-0.02184105920247505,-0.009071726963337693,0.010247468450529386,0.015309522803340468,-0.002140522641983339
2021-10-21,0.012872895817674142,-0.0256527001857234,-0.008650246988580211,0.005561718353717621,-0.0005220542543053359,0.012127050543162075,-0.01783471215160135,-0.00309928079749042,-0.014160599553456879,-0.007991298677259352,-0.00027843510863758965,0.026958962059277138,0.012618215015738317
2021-10-22,0.0073039446166451305,-0.014555462717139154,-0.01226279040436996,-0.01073894126011852,-0.015669092549038744,0.005928532676650741,-0.03085416780358359,-0.0010661471660104594,0.025287677667156516,-0.003650156520089574,-0.02264280335901761,-0.004717482683946143,0.00980364237101732
2021-10-25,0.021315589354565834,-0.011058343962943428,-0.009921798155809318,-0.018158528644020688,-0.0004159235186422476,0.013203208409408128,-0.001838245916617247,-0.004966940218181401,-0.028103718692753313,-0.008261727595511512,-0.0022158821603072247,0.010937942642796458,0.021364901620934997
2021-10-26,0.0011137327244242032,0.004473661668415281,0.008687610120159651,0.019757728898443395,0.0019202055909984324,0.00467219460645201,0.026238875758010188,0.008746745130282004,0.03551842231640501,0.0137222017917957,0.025629683446606107,0.008703197302440584,-0.001456396734043679
2021-10-27,-0.008864698126962799,0.009666553257647596,0.0030666212008747347,-0.004998356686366739,0.00880818437033059,-0.007475270864085832,-0.015338320675217463,-0.007726976059457176,0.0030086648364032785,-0.0045661137948907575,-0.020503398293697912,0.020267288768929373,-0.013841550353496542
2021-10-28,-0.033975563885831575,-0.01676602272491364,-0.01911934604877396,-0.011851277401166475,-0.022505135136169106,-0.026874483274931797,-0.03497472091475805,-0.02529146252057114,-0.03842640173582566,-0.012426854117864188,-0.02486741642654335,-0.05293372154755901,-0.028698758727723175
2021-10-29,-0.01000572198754499,-0.01456559036772988,0.0003545902324903582,0.003240470665735466,0.007140318210687268,-0.010307084813727663,0.0033939865138323615,-0.014727838415436812,0.004421253544553781,-0.007326782567778978,0.0062528117971868535,0.014367378935550797,-0.014296442093482492
2021-11-01,0.016434281237424065,0.025288745186848274,0.011485918503597778,0.010876712244683721,0.012181167141260368,0.01147030795571263,0.030160352325261645,0.011484805203444333,0.03951369188314886,0.01780839461915383,0.025387373685644605,0.01229519743263748,0.01846195785586154
2021-11-02,0.004383759122792278,-0.003197183687472962,-0.0012279844267714176,0.008739390257267055,-0.00401175171802742,0.0034239274479491,-0.015927363995270206,-0.003528982468640128,0.033268458611606336,-0.002310040408526847,0.009461297866566762,0.023428785756878227,0.0052201145671862004
2021-11-03,-0.013521594396312014,-7.106870678343757e-06,-0.006393306133925893,-0.010474526176297884,-0.007524766285742628,-0.007617465772796676,0.009225241817541174,0.0028884412068473373,0.019204772032340906,0.0065749327755304,-0.010633966148641589,-0.004930301555697568,-0.01856441837179242
2021-11-04,0.004346822832082502,0.004457401374632302,0.008822037082129024,0.014679607940804059,0.004303736682555018,0.003380401082954217,0.0004388505546035937,0.004019318294016248,0.002374841831282746,0.005471905558985639,0.014560693540871323,0.013449546548448718,0.004787467056435428
2021-11-08,-0.0034285198670181184,0.012602050237274629,0.00988759861423707,0.0065430684963006065,-0.006975000418236687,0.011620004345716218,0.014375072807388346,0.014929936983240022,0.013682065550230698,0.015270356654574957,0.014140597022565685,0.021275972923173386,-0.009573306821806736
2021-11-09,-0.001762533721876638,0.0009148370746355587,-0.0033436278092420038,0.01029395729274897,0.0019798235543546545,-0.0068351864615426765,-0.0032663372515320584,0.002732407316902363,0.000989518997987924,0.004566279867914901,0.0018984943926529834,0.00797426940941164,-0.0011343875952233389
2021-11-10,-0.008816024624720753,-0.0025763183009528947,-0.0012043523047242826,0.00533159332611901,0.002346140649757129,-0.003940138772422996,-0.017711802002144457,0.001540203727753685,-0.013668551935360361,0.004253835567627128,-0.007891861110767916,-0.02377921280560492,-0.009476800493430571
2021-11-11,-0.011937024293031558,-0.0039070987267846346,-0.009677360671868787,-0.011820216908977426,-0.014007200124298529,-0.012569252083753528,0.0036238447151588256,-0.006114447704638512,-0.023608599673323214,-0.008896061643964052,-0.011966466640693403,-0.018594577675220565,-0.009330010264782782
2021-11-12,0.004480442271280272,0.020820955504699097,0.009559114327254443,0.0013976027989758867,0.004135729377763786,0.01077646591550287,0.00836138941432001,0.013078119595029464,0.01638249702599032,0.010889313091361708,-0.0012691102792175063,-0.0008409756667606235,0.004532677502846525
2021-11-15,-0.0008006735932562638,0.0036539706013505365,0.009350262999591198,-0.0016114809163336832,0.014393503652581454,-0.0011045832053082952,-0.018392201813667103,0.0024567297884037654,0.0022007366459044298,0.002055015105835157,-0.002435172732406393,-0.014423559397519145,0.0003066193425422465
2021-11-16,-0.010265081482217643,0.004885787655522982,-0.006735046846613706,0.02448041317439126,-0.012641860672384875,-0.007918263876646018,-0.0067703214926726025,-0.013448685747807231,-0.0013749487175824882,-0.011350297463197512,-0.002397922437214927,-0.0216236580728286,-0.009704604491502306
2021-11-17,-0.00695627288204577,0.0004638168586361609,-3.073812603706779e-05,0.007030242347035003,-0.012902797303664735,-0.006711959822164049,-0.0032722395034885097,-0.004468165715537223,-0.01655520107997281,-0.005361479712559475,0.003971750108052222,0.00046272495069053733,-0.008245470959039464
2021-11-18,-0.0017180595861399685,-0.017997385409357657,-0.003773741370341881,-0.026407205313507275,-0.010367833769298116,-0.0039478150032120985,-0.02623880429431702,-0.0018286263355476215,-0.017403194651508816,-0.013134955637539187,-0.020766037959778008,0.0006759321061553003,-0.006349969937983
2021-11-22,-0.0225679441739628,-0.014773823152861782,-0.013335186156261102,-0.031800752295672585,-0.017664468683731394,-0.023334880804920438,-0.0004241030329576341,-0.028823595637523444,-0.042254381992742104,-0.019918354335302556,-0.03984646736191785,-0.04612046027162383,-0.020293599391303572
2021-11-23,0.0038708291576505425,0.0007170476085082198,0.0054205927029762095,0.006651979682611835,0.018298460292467403,0.004627000055320182,0.03244701347205542,0.020069014383034812,0.0213503239237791,0.01399021071640138,0.02289956276452979,0.023607967316418527,0.0018743442515687671
2021-11-24,0.0045279061968597975,-0.015273277901767085,-0.00995345200029792,-0.012901869286458804,-0.006086005429649149,0.0023436966156593435,0.0003927868143866931,0.0026717022687670214,-0.0006784773732965522,-0.002431765973743716,0.01975825854597952,0.003431077898964166,0.004686353599681959
2021-11-25,-0.0020639900408787257,0.009506735514584346,0.0021337781305042747,-0.005417461839714208,0.011744545880397432,-0.002182210394521201,0.003812361369714546,0.023741219044847574,0.019302442937663384,0.01278309159750892,0.013939633449623942,-0.005342341279407626,-0.001768830202878719
2021-11-26,-0.03650072323859528,-0.01985867928455305,-0.018800994837602364,-0.03934744125544064,0.016854878147280813,-0.03622276842652189,-0.052509090503484505,-0.03351050192364347,-0.05439208196539749,-0.031941385899453556,-0.03600481539888526,-0.04299936555051637,-0.03921933205982397
2021-11-29,-0.0013625008448574375,0.007617002133656176,-0.005938068388558876,-0.005166789783207942,-0.010806805471277735,0.0008653796606168977,-0.0035846853937396136,-0.012812247056721411,-0.016779566471167035,-0.004788561080189124,-0.02260886290771361,-0.020639477669851372,-0.0019737216514386464
2021-11-30,-0.007845468742024209,0.004948911973595068,0.0016623256272857605,-0.009442720942977507,0.0010252055116841835,-0.005414489726467667,-0.01960772407712656,-0.009970575576697479,0.006171589147199679,-0.003974467972389319,-0.004113838177368863,-0.005803157984735067,-0.007349162225196929
2021-12-01,0.0185849301507841,0.01093341292085141,0.0018946503757039542,0.014474810885152675,-0.016285253050956756,0.012699334928558188,0.02290125561986835,0.012511592591155165,0.01435501930559153,0.0067622280649826715,0.01035559715302951,0.026252413093617078,0.019176609322332946
2021-12-02,0.0039342202622614396,0.02036342519428063,0.011539541071648932,0.01063284031105212,0.008511475267828627,0.012537366863015124,0.015446877202708882,0.01634281927340953,0.005443586440323727,0.011093891572228646,0.015357580633525932,0.004763694572941788,0.0040582180748092896
2021-12-03,-0.008557911480964473,-0.008604924950782201,-0.01046557690494512,-0.007792558934951762,-0.008381295746307358,-0.011375219876666119,-0.0023431288822042115,-0.009978703265968338,-0.0021134578731747495,-0.01027305937908151,0.017135138936790778,-0.002711240387347656,-0.007608572660814077
2021-12-06,-0.012824533074342503,-0.027392841793448745,-0.018198845285737203,-0.018612669301473588,-0.018892187393892014,-0.01033476813927432,-0.012033390760829198,-0.015505446165042285,-0.013796096026756344,-0.01882697671674485,-0.011383258017418275,-0.01503463847099892,-0.01410106448304981
2021-12-07,0.024395020841994974,0.011201623237834838,0.009567937534169997,0.015851358361515435,0.0031861567974797236,0.021512515318234407,0.03078138143760607,0.01180748638488097,0.02212325608657216,0.011516112188417594,0.014401489626345486,0.022844943654678745,0.024500482665291312
2021-12-08,0.018032228482851565,0.019282837239480693,0.012937775871351979,0.022852432044133213,0.014961919251164288,0.016854419004906286,0.018116923647097653,0.008178816462789687,0.017038501516043164,0.014201043538434948,0.024832056407595973,0.025387974220871763,0.015446495250456833
2021-12-09,-0.005439201163381493,-0.0003532201606027924,0.01428149268094855,0.0046269241595534635,0.0011569124257291208,-0.004522116901914227,0.006218431800636094,0.0019456464711528755,-0.0027539978490268608,0.007632360356734038,0.03510389991518136,0.0009544775726659419,-0.00401375565558663
2021-12-10,0.0006254234567475055,-0.00018779746880734425,-0.00031672905975702184,0.0019242065014738001,-0.00024545230738022073,-0.0020291712582977783,0.005155626931239538,0.0009243914553404908,0.022882124508849532,0.0026000067641366313,0.024415725244068032,0.025827301530074502,6.868581268321606e-05
2021-12-13,-0.004873664714004366,0.003082346764956783,-0.00962999327599312,-0.0029736648121186414,-0.0009821213446152284,-0.008771946760062403,-0.0028491481750257904,-0.010839593326579643,-0.013568728563932956,-0.008703184951670101,-0.018240171848700953,-0.013518724001524271,-0.003589127426104942
2021-12-14,-0.0008480489588950047,0.001441379729401773,-0.004795515867811026,-0.006812231758446668,0.010589239958886255,-0.005663909649457386,0.004244188451440118,0.007909612561458935,-0.006264727012858809,-0.0017577421409594022,0.015466430066810873,-0.007001874796078875,-0.0013196697980292433
2021-12-15,-0.0028336279667120308,-0.010171380394335567,-0.005806892818053466,0.004895840421124678,-0.004714325279908499,-0.007188499453481265,-0.011126059918689086,-0.007549428765254375,-0.019033100187983983,-0.006041432054909775,-0.013573991895038237,-0.013597402348864382,-0.0029909689364982154
2021-12-16,-0.006569727919547287,0.011769712346248018,-0.0048292390523531105,-0.007304867099974086,-0.008801122250512574,-0.003555832945110441,-0.0012409679641901723,-0.0004550748485384327,-0.008442285733346872,0.0010593571823428096,-0.01789479189491918,-0.009573364909241478,-0.007312914838720357
2021-12-17,-0.025774849004950525,0.013394231728472131,-0.021888111278148586,-0.024704795439574725,-0.012240841665740366,-0.024756570815775952,-0.021736569042086474,-0.018262740063719467,-0.0400526723898487,-0.02306894890720689,-0.04857052507270413,-0.037121905042858096,-0.027331436540547295
2021-12-20,-0.03365490790407651,-0.02016069922031336,-0.009744662288304255,-0.02593118467630322,-0.003501781862126563,-0.02945024906791465,-0.03856647625564132,-0.03057828638249813,-0.05019364590754486,-0.028450458694276457,-0.040199865425419076,-0.04579204627083047,-0.033368547889351306
2021-12-21,0.004866153862142586,0.01959433996325143,0.006963499498607855,0.007525511379397744,0.007435580368676005,0.0037030856945594855,0.028989705115367668,0.011498871928901347,0.015998628025588373,0.014367914262159645,0.02510736695128028,2.0312643288339526e-05,0.005725855862914069
2021-12-22,0.012110011961913006,0.009834858128323104,0.004633301870866271,0.015958497448930114,0.019743105588489462,0.008943719271596647,0.017632951494731958,0.01133943306498367,0.029034098163057832,0.013489505240749001,0.013465895722967474,0.01724132540607217,0.012702167500928363
2021-12-23,0.0046039647802835,0.01005235291263651,0.01332118845250214,0.007342108351484499,0.007119704392577127,0.007259094853809982,-0.00021740699524086708,0.012732841780632834,0.022862339402591126,0.0074590674209969255,-0.011060591216870218,0.015516441288562442,0.003176362740206999
2021-12-24,-0.009539151071689412,0.009720306878529296,-0.002201403313238421,-0.01033175534231162,-0.011295182872352233,-0.009379892714947706,-0.004939753028118498,-0.012354316696448516,-0.014869053592049023,-0.009055999492213584,-0.0028735753537954124,-0.01959365478470462,-0.00997378073240225
2021-12-27,0.005745567869400785,0.0068862383994391764,-0.0008225673987137963,0.0019659489965963783,0.016095135767654232,0.009073124992084156,-0.0005918695299692627,-0.0012137414236431895,0.004807237442946746,0.0005120957218794116,-0.010630373849963747,0.0020806469651911824,0.00342841337732254
2021-12-28,0.0035847662296057477,0.009674434985039934,0.0075440060913548245,0.013274024568778122,0.009148297606893618,0.00392529075730728,0.00893174751332718,0.011245661114680443,0.00789201976353892,0.012050462918019766,0.0017120812244617182,0.010299286723671511,0.003984925084368195
2021-12-29,-0.003941386975472989,-0.0021701610018270774,-0.0036122825160668465,0.004228882513425058,0.016966229409023783,-0.002833088055761139,-0.010554426196637566,-0.0031276123740137216,-0.0007243129503831012,-0.0018328506157730478,-0.009793644507861582,-0.007465407889851703,-0.0011453114754062476
2021-12-30,0.0005192867212277838,0.00998669734436362,0.0012671112159162196,-0.006847256650324773,0.004438373766070782,-0.0007854349786825237,-0.011727900098886482,-0.011494484652738578,-0.009777447809083082,-0.005773410192008827,-0.001159890874881569,-0.007481362221460077,0.0005770858986281541
2021-12-31,0.01185336503081422,0.0010922979645746989,0.013510264944061566,0.016711194534796626,0.006171008881029541,0.012442250521898646,0.01921731388051677,0.0064963631414623,0.012052068567182982,0.00913266908767205,0.009759952742870918,0.016014345488033464,0.010421614219427174
2022-01-03,0.02615323732866786,0.010864245794688303,0.0006943197815705952,0.01611261444152876,-0.0046935263409047115,0.02451977354548695,0.019077085715745967,0.009555703828604488,0.011296074250867793,0.012128399933947707,0.014496854482677861,0.021232073759669734,0.026796814720896914
2022-01-04,0.011417960887834356,0.006290867557605546,0.005153440695480513,0.0022333649575728945,-0.008210124603860312,0.011859904922490777,-0.003782842820132428,0.022549814145195912,-0.0053240755479804355,0.011588658439659444,8.881587461099391e-05,0.012323661577091843,0.008080304731810987
2022-01-05,0.02296311067640673,-0.019532610447592653,0.0029215647803252863,0.01048838938908446,-0.0029101342732650395,0.020034004248935654,0.013692500645435214,0.006297977211604539,0.011939539174699011,0.006773563986192969,-0.004429245473571494,0.015772576558427447,0.020990889510121857
2022-01-06,-0.005470458267925107,-0.0156662807531284,-0.007637692279118526,0.005293842244567909,-0.006276840381781899,-0.008865748378326955,-0.004964653978218196,-0.0062872799534537975,-0.014818114047849499,-0.008165479179462944,0.009038021954054532,0.004766005502510406,-0.004228336109521064
2022-01-07,0.006629160386206079,0.0034367344643352424,0.006410380861541778,-0.0022735136410171044,-0.003910657719948806,0.0017179371204114255,0.005087830214190601,0.008822511480587313,0.0003088041597683608,0.005722886223547141,-0.008302096815129624,0.0009355237573081953,0.00606383802019162
2022-01-10,0.015989724477208898,0.00189510765362214,0.003153698797679819,0.018497741367997794,7.215814079782496e-05,0.015143357376939637,0.005954200211702223,0.005694676061740263,0.019063743200329518,0.008352804625148895,0.022263796936607693,0.031769170239594496,0.015413992100866221
2022-01-11,0.0024560959098503432,0.010238622070295661,-0.0035380587474002794,-0.0019145923526364065,-0.0003392026416610881,0.0029685185500308406,-0.019145835433401398,0.012195360453196653,0.005638960251508024,0.0031605435810316625,-0.00041436699966017164,-0.0022127466762809456,0.00047904886480087803
2022-01-12,0.007395443538689877,-1.8112082525204537e-05,0.0037722990448768668,0.01437394512120975,-0.0014843864075044998,0.007841807866374922,0.013218003615736157,0.02112648607644479,0.018898513058240054,0.014985271615543113,0.008145048144297728,0.0061003193545543215,0.009950418482133459
2022-01-13,-0.006673832632993338,5.82812849244831e-05,0.002478984821572035,0.003450193067449982,0.015596612404243293,-0.003911852986291256,0.03419321245135339,0.012233256147073494,-0.007218868261866041,0.0065686906467021045,0.0053504384694373144,0.005865893450438341,-0.006154821404205584
2022-01-14,-0.0025911384800170797,0.005678450672909412,-0.007147286966071524,-0.0036949946517058755,-0.006210911697929911,-0.002458514031942944,-0.0019312500313981645,0.002024693165895707,0.011446776546430634,0.00284665278474496,-0.003038456294149605,-0.0012745586528629007,-0.0022056779197124985
2022-01-17,-0.004028174886185262,-0.0005642621737667041,0.004561677170804029,0.02025210855813803,-0.007309599159995488,-0.0023969769011011046,0.0028912076947526615,0.012652937080675188,0.012674381614748419,0.009036414852118726,0.004973067032979864,0.0027626133276135102,-0.005033062393850351
2022-01-18,-0.00015302881310933595,-0.018550072426377576,-0.012869082876344544,-0.024064193569350176,-0.011963153417966135,-0.0028629741866492524,-0.022889208159606836,-0.00515734429480933,-0.02640640714101936,-0.02185310587601428,-0.011620817543833347,-0.01802212369730997,-0.0009512294481040336
2022-01-19,-0.004431315215625131,-0.021495154571652197,-0.010635468419677196,0.007100532985443107,-0.001088331073029482,-0.010819774127782929,0.007952482419010152,0.009493824197043085,-0.0014932062086861267,-0.0032588255293344603,0.010030432263575143,0.02181273156125732,-0.006478254129508206
2022-01-20,-0.0050203475002711835,-0.016756338468113814,-0.011519647363420654,-0.008442077323915402,-0.016788894413205854,-0.0072512055924294164,0.005166648160741789,-0.0009433426197616196,0.002288659971952077,-0.0013875616835720703,-0.007036679216286308,-0.0023942945888369657,-0.005462667969672437
2022-01-21,-0.007333132999949593,-0.016711730730102948,0.0035785127804771307,-0.001853553476917204,-0.015870509233129618,-0.005024105496864729,-0.019324122917297463,-0.00851454558559299,-0.02383814278763937,-0.016537459622569677,-0.03529481999240935,-0.031013141327008987,-0.009231060251609604
2022-01-24,-0.0168209523922673,-0.034796570723512756,-0.023959798054874998,-0.026339029556802413,-0.018631242465651364,-0.02318465768218161,-0.052509090503484505,-0.02548988431926365,-0.05439208196539749,-0.02948679066442887,-0.046950703074584134,-0.020507037564738925,-0.015221331714681244
2022-01-25,0.020339789962539868,-0.0032835899536339465,0.01220906598685059,0.022960135744504624,0.007167335722136952,0.00882768113287922,0.011865548992474264,0.011849573429579702,0.01801076501191623,0.009735922931392842,0.02172782538132695,0.0415058546702059,0.020831688193554184
2022-01-27,0.007275895001456312,-0.035702920029090535,-0.01150124026798397,0.00336588612720529,-0.018828560760095942,-0.0014991945668727587,-0.007181408810068507,-0.006470060739669612,-0.018227158178474003,-0.010109580022377721,0.005850988985799817,0.049424956553756706,0.005074795835525543
2022-01-28,-0.007736177510298857,0.01119617314435152,0.006139571311733763,-0.005916236623276394,0.010464241251726172,-0.005056892845547,0.0036931851388280266,0.004874689752037618,0.007652934775714628,0.005549837266360726,0.008633387207590451,-0.0035663896719146386,-0.005886804909650242
2022-01-31,0.007558444366477401,0.028326038553925514,0.007678713777024286,0.01811495080632864,0.015048325913031626,0.009163687415843797,0.0013529670924411826,0.01236195169493263,0.030872535788517085,0.015705785515038633,0.013919836516081589,0.029019606630348586,0.000869771980392642
2022-02-01,0.013863739199237906,0.015587987394014588,0.019458606032463716,-0.007495909134906717,0.022328656913590084,0.01248048737678243,0.04395472142881397,-0.0038297783831727455,0.01733967264561163,0.010455830990249904,0.005287116034563782,-0.005817896747274501,0.01915904417767394
2022-02-02,0.021199257148980553,0.011722990552369465,0.010638704469079057,0.0014023084432327603,0.012252612212843333,0.01911546295373818,0.010487924305556442,0.004429983690156377,0.013920879475765228,0.002003900983025851,0.017534055669191705,0.03354627512145013,0.023012765477164483
2022-02-03,-0.008182271121833477,-0.02066397270320176,-0.0030460453230272753,0.004374722688343598,-0.0019111955012753184,-0.013976448191161443,-0.0031365811539538786,-0.010859202247820233,-0.017508603116847817,-0.013023513284916485,-0.005876522708420724,-0.005018965524281969,-0.009522952986019937
2022-02-04,-0.005672224190906051,0.0006644371601422834,0.001099003520735394,-0.010566333142330275,-0.0027428462400092483,-0.004505269870271985,0.011716002529233481,-0.001205744585394692,-0.028012414440538407,-0.0033694090483094106,-0.0190942943161385,-0.019345123246415463,-0.004029655454158719
2022-02-07,-0.02067940590792808,-0.01316640727479353,-0.0200199418264931,-0.013353613049417724,-0.014732082284085235,-0.02600233238363361,-8.577432779631366e-05,0.0050823640295881494,-0.01115075508358826,-0.008383392920153578,-0.014973414881184326,0.009197920006413082,-0.02364922920107021
2022-02-08,0.0008681581966032825,-0.002883866048835683,2.7199450062839707e-05,0.0019748445801066033,0.004696874340269129,0.0014018669280989487,0.007962740032352901,-0.013141342418088047,-0.008472380896253002,-0.002555892670861221,-0.010338070101510492,0.008211412147537487,0.0014441997223324338
2022-02-09,0.015183214554557787,0.013287037751130024,0.0023608747545996985,0.02166689047401137,0.009298575928607382,0.0128364801735661,0.018448139914170814,0.0005487769250396322,0.005906057436082075,0.009717569864237684,0.01845112780640188,-0.0062100555711827495,0.016566332038886373
2022-02-10,0.010324590037426515,0.010197031250440133,0.0035132022860299844,-0.0005224401628177915,0.0031453103357786377,0.01157861699978832,0.012362730109235194,0.006959439409785071,0.008953400574742629,0.0035716095311449235,0.01647530107942732,-0.0004792791359229975,0.009879342954976496
2022-02-11,-0.012736210494940234,-0.027620468392787447,-0.008442266526408487,-0.010431891549176113,-0.00757653409331438,-0.014794784826829067,-0.005900812127408376,-0.005518481464574551,-0.020042481989657388,-0.011314033778669531,-0.013703043781873904,-0.020340752390885872,-0.010164235370908395
2022-02-14,-0.03656793027057475,-0.014603381110990675,-0.025015322513587124,-0.03934744125544064,-0.019292510146381277,-0.03622276842652189,-0.0519242920585842,-0.026829478993226408,-0.05439208196539749,-0.031941385899453556,-0.04311855269660863,-0.05293372154755901,-0.03921933205982397
2022-02-15,0.03360925027984842,0.03002385897241093,0.021566710131312446,0.03540720559137483,0.007873301604918639,0.030331181560931716,0.02187816953155736,0.01922833278368483,0.02995386249262167,0.027506715510920647,0.03704556726609675,0.03910140212807088,0.03203196967962581
2022-02-16,-0.005682839948649218,-0.0031944705696928155,0.000604964294211571,-0.003694359363973429,0.005092925559101469,-0.0022886834520614782,-0.005721597220111594,0.0011956679217791032,0.01125213324882507,-0.0009840051191513986,-0.006018983590667797,-0.011816813929957752,-0.004188021468276535
2022-02-17,-0.011185142523866709,-0.004834606268428863,0.0030383563824072615,-0.0014651061812517234,-0.0075290898481014815,-0.003706099066552677,-0.00323121551830339,0.014852493907185479,-0.0024162023527263747,0.0004218630667215035,-0.007500390505588999,-0.012011084510637994,-0.011887962511475343
2022-02-18,0.0017968877506444516,-0.004369396717721713,-0.0019980737986237144,-0.006319443783385184,-0.008713710863096703,0.002605373436729227,-0.002592510872044887,-0.0088136861043772,-0.01261499993505122,-0.007327167109869658,-0.006909762998918331,-0.0016973902680964238,0.0006369539935135233
2022-02-21,0.002296724577552387,-0.00032052083039468555,-0.008209194439420864,-0.005166411042406466,-0.013636512859597046,0.00029674266917650177,-0.020888413702312845,-0.015038693736382726,-0.013678890593900353,-0.010085403277192968,-0.027461296084037457,-0.013881051041587284,0.0025438691297228317
2022-02-22,-0.008365739310007508,-0.00998527258723516,-0.008891527543547634,-0.0016340097110966942,-0.005803528357095652,-0.003855145046317688,-0.011204227866867337,-0.00033308466767404673,-0.02955878846074587,-0.007662264046909023,-0.033602625063777404,-0.014877540781616102,-0.006548763648377069
2022-02-23,0.0005457884272746232,-0.0004469267166105107,0.001483019634825834,-0.0021489619067915507,0.00168138352750087,-0.0019459913660009366,0.002320435181301872,-6.619379192742709e-05,0.031025298757780706,-0.0027839949251579252,0.007294549911403822,0.010327488746226963,0.002034730908499986
2022-02-24,-0.03656793027057475,-0.035702920029090535,-0.025015322513587124,-0.03934744125544064,-0.031715052911138505,-0.03622276842652189,-0.052509090503484505,-0.03351050192364347,-0.05439208196539749,-0.031941385899453556,-0.04857052507270413,-0.05293372154755901,-0.03921933205982397
2022-02-25,0.033569156974585776,0.028144256525027576,0.015919818080121922,0.026553401759791116,0.031479040085179544,0.02964120003069688,0.04395472142881397,0.02848509552501273,0.04341368769431537,0.025450141870528856,0.040947659324040875,0.04587227507001444,0.035849076089917456
2022-02-28,-0.0062077318136890556,0.011018409023084715,0.006294445594818138,-0.006884399788678234,0.002148877377966163,-0.005452630080469609,0.04395472142881397,0.02600418102705287,0.006090908711788816,0.020846151520936558,0.0067619489530215,0.0012942076406740287,-0.005401799088055705
2022-03-02,-0.023262296174070198,-0.0037843948602910445,-0.00425930506194173,-0.030028953880887235,-0.018585725776620092,-0.022958371091245565,0.039868843626721794,0.01266314354854248,-0.011871271627288378,-0.0050138507917435425,0.01850326979877514,-0.01070340595316823,-0.02410619204575986
2022-03-03,-0.01218782809600328,0.012094442557438086,-0.009799106810292519,-0.023058123585508003,-0.003615782779112221,-0.011719673369232271,0.011913982564413334,0.018089382115383384,-0.005231049417552556,-0.00692484727380734,0.0038739198157331234,-0.007091584392110491,-0.010390881367469896
2022-03-04,-0.01547203625402741,0.0013877860604102172,-0.011249632653663381,-0.036163652895022165,-0.0034542722838279837,-0.01719563273190179,-0.032751462394255255,-0.019285039698860702,-0.029690483234550622,-0.01832445195250465,-0.02913913856752986,-0.01598251113980796,-0.016745159075239113
2022-03-07,-0.03656793027057475,-0.0012237911016574157,-0.025015322513587124,-0.03934744125544064,-0.0042391427263186,-0.03622276842652189,0.02074780335457499,-0.011653360726187868,-0.05439208196539749,-0.016720883749165163,-0.004667591952203222,-0.04685429248218163,-0.03921933205982397
2022-03-08,0.008688645189558955,0.02658439780264202,0.010328994150946213,0.008355922966929505,0.023473315463267492,0.008906864752980737,-0.01491641542559909,0.0008836455155849889,0.031998776100325955,0.00917481747127922,0.027194970093747044,0.02533716781798219,0.011261279881255103
2022-03-09,0.019630693424052787,0.010922698395287988,0.014017569699265467,0.028090202885471198,0.01655377255343186,0.020185989302237264,-0.0034299749778530773,0.009452056019285292,0.030051924946025974,0.01883371248740633,0.03971304643510451,0.01905185586965376,0.01953391094592526
2022-03-10,0.0193340940253629,-0.0011702266205095902,0.025908493938698415,0.0188402543572294,0.0013620755479878796,0.01810219040981637,0.022542214248584547,0.014512495765873754,0.02207752949146345,0.013794131852023477,0.0032412195725600957,0.02305444826073142,0.017815669619489043
2022-03-11,0.0020471570737269113,-0.0014248457682244883,0.002343071906935534,-0.003965134983714083,0.024321306818011628,0.0018730568420339802,0.004549815066179127,0.007533026712071231,0.004659840545514574,0.004910472085939215,-0.0003283227028223739,0.009187923641674997,0.00047772177577084493
2022-03-14,0.021928078497205673,0.01903481946245483,-0.0006811506530097937,0.009434557801287121,-0.003521351233527644,0.021362848958200408,-0.004695946791668465,-0.00458972894251022,-0.016996247597211748,0.0028307474540846854,0.024171225935653576,0.019659079629956944,0.019601046788956675
2022-03-15,-0.00823208715564856,-0.026156494368610415,0.0016999256119959397,0.005642015313128536,-0.0024784303529664276,-0.009867338976759702,-0.04158441759173502,-0.0220104873940935,-0.0029598079119578504,-0.011865884296742808,-0.023280298634635616,-0.009939646998429745,-0.010017317918681459
2022-03-16,0.020506383369126257,0.017840913013370038,0.017342524607531558,0.02136652132255746,0.004169613185754764,0.019584270785534447,0.025987215986475097,0.017742620456239446,0.03575338739627555,0.018557219607705018,0.006540704165143246,0.013954217473711273,0.024078215659862474
2022-03-17,0.01885151426673634,-0.0024111811270534213,0.013937357676059714,0.021591139350060747,0.01274506858828993,0.027322656148660012,0.019282953392332373,0.020803886489870416,0.030865284987444327,0.015173265451286378,0.011252225177472099,0.008983202590853008,0.018342207499578655
2022-03-21,-0.011320157355513304,-0.007486559981381806,-0.01736859367354986,-0.012138389082791067,0.0002583445334242478,-0.011768535786536138,0.014855679229250572,-0.01465550741119858,-0.007012872009562723,-0.01707462387736438,0.004594012903390796,-0.012223043651289548,-0.012043178246838237
2022-03-22,0.009121637271411787,0.01939085746241509,-0.007282483077037524,0.011845266571460221,-0.002690007704262842,0.00883204517020119,0.007515893897306922,0.01681478876550277,-0.010104498093842038,0.011681306778836043,0.00270055662621023,0.0016764642727295708,0.00988774059344326
2022-03-23,-0.005550715848474638,0.00032017711037513085,-0.002712150641360783,-0.01040590976045612,0.004172395788986054,-0.0088409246752599,0.011985697575308754,0.008256598886448118,-0.0035042557110751818,-0.0016575127929634133,0.0021005499898341523,-0.004963868775279051,-0.0046965261643919
2022-03-24,-0.017307837810868528,0.011976933403135557,0.00020386033847691998,-0.004890809716870557,0.011346846747345896,-0.015755151645751017,0.015235037177868076,0.00854189471765135,0.004970104520678804,0.006928786883443766,0.040947659324040875,-0.004542470731710892,-0.018021311140501737
2022-03-25,-0.003298623404219635,-0.010030467453149283,-0.00769490135214391,-0.005609997864760102,-0.008594530432056777,-0.003322498831131586,0.0003077301753567751,0.0017221581040436538,0.012095553296553721,0.0008843505139388096,0.00043061686530405853,0.004893955569102077,-0.0031279603983463008
2022-03-28,0.00844761693214971,-0.0034982824079710334,0.003840830665502439,0.006493094663055286,-0.0032978284763965607,0.0030795001844717037,0.009066144764195498,0.006010879920722354,0.0041104454164989585,0.005683763636609236,0.005880833962450206,0.012149137969352014,0.006961841726668625
2022-03-29,0.00382616854299595,0.0033447318094243627,-0.0005413994568242919,-0.0005134512046887033,0.015303808284120493,0.010070414184949639,0.001896270201731357,-0.003830112577004802,0.009708800724423237,0.006474971420433573,-0.012272999025199805,-0.008328624680808352,0.0037143527523036345
2022-03-30,0.013491272531405238,0.008726111531624677,0.0061008985868710045,0.012014457470232977,-0.0018752617517122472,0.0194338132488007,-0.021984132421908796,-0.001304445096100161,0.015146052997618053,0.00962951981433634,0.022513797527669147,0.011975734874714431,0.014701505539480391
2022-03-31,0.0010810720674924797,-0.004021716175222505,0.011906552657924032,0.000943311043318881,-0.011818782095736365,-0.001159892532914063,-0.0008169521666631015,-0.0013235454895660693,0.0025920344944752424,-0.002189469615534505,0.008058986366343385,-0.007766071597542066,0.002919503937342873
2022-04-01,0.02108004024108571,0.0007211396748850269,0.011627501629078678,0.011752954393343713,-0.00030917528960760045,0.018489994570030942,0.008294042287520868,0.02419943440606059,0.023452733133923313,0.015265850541335595,0.017083036295637448,0.03915865882979313,0.022026641334970194
2022-04-04,0.036353687685725465,0.0027340328125372475,0.012979242109191422,0.011824706309960346,0.015298515990916632,0.03364723508260734,0.019705131019293613,0.014504293074981247,0.003365956968464335,0.01103632003089635,0.013968661441141209,0.009515388306899271,0.035849076089917456
2022-04-05,-0.014792359567440634,0.0006488142437822155,0.012426607084058882,0.012203303001322191,0.0014493543852778664,-0.0158771585546439,0.005186282298543853,0.011470432315249666,-0.0026286751187187965,0.006037324768430659,-0.002631104392551644,0.004689139296714267,-0.015466502735058046
2022-04-06,-0.011495365231375872,-0.01645231512486395,-0.001804817096176804,-0.0027193889092761788,-0.0036854624671026244,-0.016014819983385907,0.013395381967773401,0.011768151077583723,-0.0025300070036176608,0.006748681621067387,-0.00853235525545411,0.019717032292148228,-0.012879863889025484
2022-04-07,-0.0020069149947807424,-0.012574724129420227,-0.0007238590453278606,-0.007925445638340762,0.004101763368161967,-0.007148351937811328,-0.016729034731959302,-0.017141549605200933,0.0003165930976491772,-0.01328101559405567,-0.012769578445212133,-0.003587233250047642,-0.0022787127517013834
2022-04-08,0.0051707199546353055,-0.0008133781005474242,0.020056170995308906,0.006778714363886198,0.001706802400953687,0.005101509311198425,0.020518251431051585,0.01862008483196883,0.0013707892530873673,0.011564486452517033,0.006612447216895434,0.007959835006282803,0.0051002406939106345
2022-04-11,-0.003668817038860222,-0.014185707093648947,-0.0022570459069107267,-0.0011204971360950706,-5.419770392184583e-05,-0.005647792120437962,0.0028602317390828366,0.02592350949132988,0.01121194973328652,0.0009305503185721908,0.013524747670692807,-0.004440793273511677,-0.002871427404044724
2022-04-12,0.003545573817275385,-0.014908842511380135,-0.008004794596562803,-0.008610660717716082,-0.006757877164282414,0.00024755921691188836,-0.027785058858322696,-0.006259951423054976,-0.028001195115108783,-0.01616214322047907,-0.015267177222611302,-0.01233668811780571,0.0045422351625934365
2022-04-13,-0.007552126680072597,-0.0007186868719803648,0.006831094539952342,-0.008423708810660138,0.002042316406578876,-0.00871929799088366,0.005712679869600848,0.004787275098764383,-0.00537231326973602,0.002277743781768178,-0.0077533100596340315,0.0015698352993522102,-0.008727753539811037
2022-04-18,-0.019797799623324955,-0.035702920029090535,0.006022537080751914,0.004425495481251516,-0.004034206624575473,-0.02234645872553487,0.0033067637330831557,0.008107164586699123,-0.012794262737756506,-0.00628114721117985,-0.014627087151070433,-0.025240924121334333,-0.01721452289978015
2022-04-19,-0.010603516236041185,-0.030221790495664896,-0.025015322513587124,-0.012228064764535258,-0.014306514031085599,-0.019307992924475884,-0.01072822907230759,0.0006207926292830312,-0.02497095437871468,-0.0014784336156806889,-0.019401433899663655,-0.0029033591136361026,-0.013147762318749492
2022-04-20,-0.0007350598034777446,0.0115417043649567,0.010269243479633585,0.021763012342132303,0.010168184133819093,-0.00038908991449092994,-0.0033348189029592927,0.008746522974566318,0.005467265405417354,0.012938018738304642,-0.004578078463100616,-0.0018810848179243442,7.078369133949854e-05
2022-04-21,0.013707155543572914,0.013528004986350407,0.007476662822525126,0.022048101607739828,0.011691400561594614,0.015302191122543836,0.002148374296612197,0.01161897883741331,0.01117574628753863,0.013173882383644756,-0.0011967840835008406,0.011145884380093236,0.014992455946499072
2022-04-22,-0.021173994526368915,-0.005685907906628326,-0.006081969673103141,-0.00564224652005547,-0.01836047515015678,-0.017576975148282218,-0.019914851622980012,-0.005124026998599331,-0.013961418561933251,-0.007820008101746719,-0.002550596407157791,-0.021196544381855444,-0.01983620614486864
2022-04-25,0.001042659441208551,-0.02127840231448252,-0.01622740910747685,-0.01017572410975432,-0.02033074673984187,-0.0014712774029223778,-0.028960610448311008,-0.025339456456334033,-0.03832846706740618,-0.020764174063921288,-0.02189163979616833,-0.013147830473485674,0.0009728479709883879
2022-04-26,0.008896781426584958,0.0030212247609531476,0.018640086329074677,0.027578453290730377,0.011020674577658082,0.009858222745472758,0.012712973876303687,0.026203046361208765,0.035087308137181354,0.020427387854388513,0.018830993053342442,0.022932015659618016,0.009354454171701602
2022-04-27,-0.01038061827010345,-0.007746661088837714,-0.00615089437593111,-0.005620989369094928,-0.006413604333344496,-0.014813403137283136,-0.002417414608148511,-0.013059516937236205,-0.0030270915681448016,-0.008874149054758923,0.000700338628925482,-0.008296138004195973,-0.00957575422827113
2022-04-28,0.010858425660384568,0.010077444887471003,0.02170405750678874,0.002970817336296986,0.009080390775384861,0.009344654849406595,0.006441248954441812,0.018012183528871715,0.008497408769635268,0.01122927406802985,-0.03203673056228557,0.005164253715421001,0.009632511837307229
2022-04-29,-0.009213943063895672,-0.00918999708001551,-0.006681132842992375,-0.010233536169645377,-0.0012730942116408247,-0.004593728962235652,-0.005532075302504941,-0.015682044436084064,-0.011984252894615875,-0.015422971072714129,-0.029088521132744787,-0.016823146125222933,-0.008330170596003187
2022-05-02,0.002092638787834918,-0.015411087474892733,0.002121923350953889,-0.012699777199091015,-0.0001931136771616966,0.002125490540051669,0.005642121322418629,-0.0007171869688371103,0.0021385841770613753,-0.001121956788784882,0.004154706256625192,-0.004596342547411646,0.0048065778021152365
2022-05-04,-0.025178968843346708,-0.011115317858957885,-0.01748234052338284,-0.025678151041892305,-0.02645715208928777,-0.026438098423465093,-0.03267436681922209,-0.013113342188050903,-0.03326595408860254,-0.021161000105201683,-0.04384438566921426,-0.028479903034118174,-0.024487386667508083
2022-05-05,-0.0008993122779307223,0.02050143667061183,-0.0056977475983000835,0.004184105183931474,-0.007680755554953596,0.0015138922764595152,0.006159441782207803,0.0029564712033174037,-0.016289061489403386,-0.006802951361611861,-0.002617175772737603,-0.0071636555529732675,-0.004014916238862762
2022-05-06,-0.018379628611091287,-0.02294479487719916,-0.0034477090120565517,-0.017645451532553664,-0.014526307646753124,-0.02277682447046876,-0.021301361028334166,0.0019108406684455906,-0.036210170445415406,-0.009805305416245505,-0.019577457747353075,-0.005240653320178106,-0.0220407031684078
2022-05-09,-0.009171434963001835,0.00045080367386587895,-0.014789924022463699,-0.0033282840165594686,-0.0028040735612139597,-0.0032294224255762552,-0.020519039350729296,-0.02750165500293162,-0.012822223878587074,-0.01222920861271698,-0.026883597328996773,-0.02364697113846657,-0.00904859616253312
2022-05-10,0.006028360155575292,-0.01000986317562665,0.004885640199852214,-0.0010545745345432068,-0.014869504208750571,0.005400704336891247,-0.052509090503484505,-0.03351050192364347,-0.02984921769718717,-0.010968521080873725,-0.0035393511627970216,-0.007975608743879379,0.0075108638997214965
2022-05-11,0.006086033206013531,-0.012465939125670313,-0.0068913954142194155,-0.009117615760324235,-0.0030730318043847922,0.0028083620110592534,5.3213469572407894e-05,-0.0043980873687797534,0.007260731310450368,-0.0073937106770894856,-0.0022472617985009936,-0.005319859209101423,0.005334685001910816
2022-05-12,-0.034037634638871425,-0.009811635952861221,-0.011982787401216166,-0.020743940612432437,-0.010663751600622258,-0.03097298601564471,-0.03766250954879335,-0.028575874198909043,-0.021682835674557498,-0.022162207971991334,-0.01610755784138918,-0.05293372154755901,-0.03566392871229056
2022-05-13,-0.012326523322621099,-0.004445821495686129,0.018203442420378014,0.024106102415488502,0.016369026167502052,-0.01272303664204808,-0.02101774474361505,-0.014549826818750985,-0.002727419773260293,-0.002064603698988238,0.010775703176100437,0.0003744525503352175,-0.007567799474034305
2022-05-16,0.014276594862845033,-0.00749980808753861,-0.003466513902111507,0.02248278074941003,-0.001683985697753735,0.013068391649052323,0.008788661577631222,0.012146005277776652,0.02580536705580501,0.005819215628784849,0.003515019829117659,0.028637454337331093,0.01532747162392989
2022-05-17,0.020746029282794207,0.027348877775489583,0.020444112364057302,0.02430989311241395,0.010862227809452707,0.020295674312485423,0.04395472142881397,0.030645246847970525,0.019330367403271792,0.027506715510920647,0.029650306201300464,0.019987241989679033,0.021132643429499873
2022-05-18,-0.004037093656067744,-0.004678585235705807,0.012457172853305377,-0.00015583396151213057,0.01058245047986039,-0.0028248716434825234,-0.003235286542067803,-0.0053419575781311,-0.0176840834842892,-0.007910944467859506,-0.0020159678206200893,-0.01583290164112048,-0.0019784669039125584
2022-05-19,-0.0251363894711668,-0.035702920029090535,-0.0065655380142111645,-0.027078729850177174,-0.022031798888799328,-0.023618242777695336,-0.041614592908186906,-0.018221329583771935,-0.02641176036511886,-0.02030011367630807,-0.038164927296005895,-0.027647769697660446,-0.027530339720489946
2022-05-20,0.028429798939993343,0.015304398587292621,0.021129010974327747,0.02755063256338998,0.032678080459227384,0.025373608094793738,0.04115904681925646,0.022718141178056598,0.04123241353546122,0.02691761782738391,0.040947659324040875,0.02971843676035188,0.02695613856205306
2022-05-23,-0.0008405000169867097,0.010019330309325473,-0.0009227121088962529,0.01821225180326815,-0.013585401864760016,-0.0021582516190580825,-0.052509090503484505,-0.014537604438899636,-0.010653732728224294,-0.005076114438195753,-0.009834389681084266,-0.0034400495373891277,-0.0003102282154496332
2022-05-24,0.0012415749030434367,-0.019017867636093547,-0.01306705532856452,9.892354325135078e-05,-0.015449440032511554,0.003186620473331657,-0.011763881918196847,-0.008782534145657704,-0.01217050485656709,-0.006724650679280888,-0.02603144093349999,-0.0023202099700189247,8.617792492701387e-05
2022-05-25,0.0014382164318134708,-0.034421997326427034,-0.0021043054658342088,-0.00947230083458056,-0.011709852042909443,0.0068236632178652725,-0.019699319053778773,-0.0017905915559095942,-0.029250144337311434,-0.00818458834025438,-0.02905098254298062,-0.0204678645337319,0.0026821627153411883
2022-05-26,0.021759508299158934,0.013205960684009208,-0.0021575579725867924,0.007748172557542447,0.0010876221544289207,0.01948466284806757,0.02632753576951701,-0.0006810752824144561,0.01382567401167989,0.0031639589154534332,0.010362216128635724,0.031116522160979588,0.01848640061496602
2022-05-27,0.014663358414524857,0.025067489378960438,0.01034284900093373,0.015478156797457425,0.008914966768697012,0.014966393835131967,-0.0006234264678599502,-0.009697304907291074,0.004781313208843765,-0.0008532416703685017,0.024552208865613028,0.007823465291873792,0.01827511713607057
2022-05-30,0.005981156460629871,0.03479592568938993,0.009568957807978154,0.019432452921838702,9.472321924822611e-05,0.009252280530563197,0.010032933157822293,0.015914258992549175,0.03980562092846401,0.024783304751255533,0.031636177405710564,0.031560957949844246,0.007989800039918374
2022-05-31,-0.009522723369526295,-0.002498640443386706,0.0026654349307302866,0.00825026074543609,-0.005277844925351728,-0.009273618547513162,0.01296639723472772,-0.010860776171476705,0.019870654824026435,0.0028539863041972527,0.015316542176755429,-0.010332365886674003,-0.007686094561146509
2022-06-01,0.003752142659968513,-0.014194408497986333,-0.0072302497144547066,-0.0020388791122586828,-0.012831452874286864,0.001613291786626346,0.0007404684253973442,-0.007227399303156196,-0.011236087924562984,-0.004829884931180421,-0.007481661898538508,0.006945057819067937,0.0032273138821820495
2022-06-02,-0.00020081370746604136,0.018006313013337334,0.0016313142772810263,-0.006211381633177597,0.0045381238367678215,-0.003332378715254314,0.011337589711270996,0.01992093799749442,0.009047577837534578,0.00681675520301023,0.011104640908571191,0.01014670535612432,6.610178484214411e-05
2022-06-03,-0.009553011005114655,0.003732248208508835,-0.0058199683374495405,-0.018377098145991755,-0.0065451749143104546,-0.007139008360777495,-0.012819075261874409,-0.003326840179734934,-0.00966186619458879,-0.007022800583221975,-0.015285454682202375,-0.014338973328968755,-0.010477258748448416
2022-06-06,0.0009959261712769339,-0.002812960142777074,-0.0009266274626879271,0.001859617124890415,-0.0005154333382070657,-0.0003552767607420604,0.01116883614054621,-0.0020130740998241417,-0.008268094434544454,-0.004533361871602443,-0.012548486554154189,-0.0031411242699910754,0.0020609413158594013
2022-06-07,-0.008938075341094838,-0.015822188989731343,-0.015539082665258388,0.0052105912119041215,-0.010752551919707488,-0.010629267626070724,-0.00891003698544756,0.010457981550596969,-0.016870128303485034,-0.0018647637295061549,-0.016100571299628098,-0.003034214256866038,-0.00889349002173698
2022-06-08,-0.001425525271252663,0.004095323275240286,-0.010533692320241761,0.0017718019927192431,0.0031019023799950694,-0.00032200548558324087,0.0013752575978694026,-0.004825464556543497,0.01872713905069773,-0.0080165338358101,0.01477703136158769,0.007065502043212904,-0.004351530069625105
2022-06-09,0.003978277971944475,0.009771555301717498,0.004988212364696065,0.003236652118354661,0.011951592995710419,0.0038971825346218072,-0.013174924709387258,0.011918460436658044,0.0025940050585381877,0.010108995050030593,0.003442528052655758,-0.0028667366333173677,0.006485186977237138
2022-06-10,-0.0172969098967647,-0.021987828948029822,-0.0003192018957162418,-0.002213626757320184,-0.0037532699515108675,-0.022619931574793216,-0.014936119791169997,-0.018397224426693105,-0.012038558262779235,-0.009952213465339704,-0.013816520232254404,-0.004978249416133342,-0.017483007815065114
2022-06-13,-0.03175849883600244,-0.035702920029090535,-0.009411227976726924,-0.020244764831711556,-0.018476014239954104,-0.03146677579809144,-0.03921113528289441,-0.019211973224207382,-0.03197026257930056,-0.02381772060169471,-0.04055373061347871,-0.036448533371662546,-0.036349827431633265
2022-06-14,-0.0028328873005188013,0.001387199879567248,-0.0021316437879724563,-0.005523188729462754,0.0021835329391139925,-0.004192700305996923,0.0036532795778491576,-0.0055332707289389585,0.008088877311691053,0.0005885028123732717,-0.0016579297490202053,-0.004194022279698543,-0.004529617130052058
2022-06-15,0.000829665839268037,-0.005053301249873618,-0.004557772841283549,0.00919732783765343,0.0035008101619336887,0.002687270787086074,-0.007199599405782148,-0.012014969256967758,-0.006157007335604101,-0.0022059516071270104,-0.0029278221129048097,-0.003783488926454559,-0.0009807595317926027
2022-06-16,-0.021891221328089332,-0.024605920263000205,-0.005711224644116946,-0.022574296572804135,-0.016006525460726607,-0.02184339562033481,-0.052509090503484505,-0.020590814185523512,-0.028450290611967216,-0.02628614669019056,-0.03253889706302572,-0.027333366759962344,-0.024173447717412068
2022-06-17,0.0038540559649365667,-0.01499965977944463,-0.009785198068288932,-0.011538782642932892,-0.0220112435536379,0.003812202030787329,0.0007516910429381954,-0.008855243584094803,-0.00013243744016902794,-0.009921516662222334,0.0008456234365855613,-0.007990958276688229,0.0040974113068460985
2022-06-20,-0.001780608476689671,0.008706046920289411,0.01779758762609558,-0.0070603096304222585,0.003716431890940752,0.009559547781270147,-0.03978772800365603,-0.018967692133266455,-0.018439843579583934,-0.011976524552286354,-0.02621592502744017,-0.025185682844639817,-0.006922598126192894
2022-06-21,0.015391190574653671,0.030834853946120223,0.010830795523523234,0.020204194674820364,0.020918377723727805,0.015169817021228974,0.03891957820451689,0.027246208865868933,0.035895484788428335,0.020741736245345706,0.040947659324040875,0.039815141722600235,0.014011009133092691
2022-06-22,-0.010492671133527403,-0.011654943195128574,-0.009543535134731216,-0.008492135644652746,-0.013254523429715174,-0.01074000743609857,-0.049947959612742246,-0.02342461668669469,-0.022100331473410218,-0.015748093932640938,-0.03562591390851961,-0.0005202967678700965,-0.011951381425541585
2022-06-23,0.00878142565204619,0.019432790924585257,0.009510038449225157,0.03540720559137483,0.01563635581820709,0.007840095013962455,0.0071557648288981665,-0.00419083839196101,0.01649005138431537,0.0032632509533533026,0.015091240772053932,0.004465730220176515,0.008735849931799617
2022-06-24,0.01475260369986105,-0.008959733984832787,0.012313875496185825,0.019505690832358508,0.004213043069141668,0.013157231145402848,0.016141430518309484,0.013780283568932353,0.002743892234839601,0.009052047056257543,0.025061809773366396,0.01961885403412431,0.0173970933426129
2022-06-27,0.005450860473194788,0.02024696661390934,0.008548784020242615,0.008835716961574558,0.0035368481245103963,0.0035524016043679218,0.015049503561697396,0.008986884996794602,0.008574790075262158,0.011072578409147691,0.00010562660964650981,0.00472388701931888,0.007248320393608232
2022-06-28,-0.00500489058758452,0.0057391855890234385,0.0018328724021307277,0.012458385898874172,-0.0005729228725837638,-0.005892362359549784,0.016514237119711332,0.009844826118343178,0.006704527649270206,0.006735038410632874,0.005373563228669991,0.004621069885082512,-0.007363751843647917
2022-06-29,-0.011135614452400978,-0.013027729394854269,-0.012780050416966518,0.0015158688511644816,-0.0002947419214394539,-0.009668007658614683,0.0024001322048760047,0.020008561264471803,0.002182161403853216,0.006495779084129514,-0.001893294100261787,-0.009283933530495453,-0.011274230536876113
2022-06-30,0.004654178124814586,-0.010601446801285006,-0.0006317150713830471,-0.012682899828554518,-0.004234717132170286,0.004212628158854624,-0.02007225231555192,0.005425192573138741,-0.011996337130376152,-0.0029395469415937673,-0.0011323471319870375,-0.010540840175601092,0.001487241682123874
2022-07-01,0.0034150961112778015,0.007902379702423171,0.025908493938698415,0.0009225438052361991,0.008316980098337617,0.009413087774700145,0.007609008867684591,-0.03351050192364347,0.015707819417690342,-0.017347248734728777,0.006749050861893696,0.005386392389445294,0.0067412898718291975
2022-07-04,0.011898418832196967,-0.006205003142101982,0.025908493938698415,-0.0016963381007361594,-0.003488709764609135,0.009287277325625704,-0.009961041596011792,-0.0018526735198526785,0.003061258020843591,0.004713116564196268,0.004309169460278107,0.016429532818940284,0.015201022555388011
2022-07-05,-0.0036897138969066833,-0.007034199502846379,-0.0016375068561418336,-0.003624370942702284,0.001271866387708646,-0.002371732376995278,0.0029633366968092323,0.006243428455581709,-0.0019121683137312856,0.0014348710947034958,-0.009031356673140794,-6.024105843992098e-05,-0.004356610256342679
2022-07-06,0.014921100566017356,0.011218566254502313,0.025908493938698415,0.02562638247559638,0.007930087197966585,0.015837881199062046,0.000332253495094034,-0.006201897972931515,0.022458662414635577,0.003114433193109247,0.01826590486326705,0.010533824013368165,0.014088609178069447
2022-07-07,0.01721621733287406,0.006716635119631037,-0.000772244696343747,0.013454652998212111,0.004736885081092904,0.01236052025175121,0.03721710419575724,0.0012430878407197507,0.025863510589919373,0.007272774771273487,0.0048682328822793,0.033666274946381934,0.017605732884520876
2022-07-08,0.005817715166939843,0.001911581570577708,0.005305422346198679,0.0008663831802218773,0.004810962879562117,0.005006311155511227,-0.008847080418962738,0.009843898981598768,-0.0006080875833470577,0.01154478276779346,0.0005908241440960105,0.0035311803856601727,0.004014021210308145
2022-07-11,0.009791257572805514,-0.03127116881286455,0.0028766822592890414,0.010493583430470316,0.009226740996270397,0.006461130845041134,0.019467388848421724,0.02666044899707085,0.01461287492143909,-0.0026267699433772484,0.002231644530281611,0.01863788915423427,0.012038639999827013
2022-07-12,-0.009557846065759627,-0.011637741774343345,-0.01147671073381398,-0.011917323861596505,-0.00913034015569653,-0.010133292545992233,-0.012304926448324786,0.003710259443725863,0.0009587164642354327,-0.0033012946101073325,-0.011519397137197266,-0.0010158977046600276,-0.009592179006451644
2022-07-13,-0.008703561068916338,-0.0042211731983238,0.009312010982695578,-0.0006609740732484028,0.013692213672983561,-0.00972268025044809,0.007932788710116401,-0.014902239393406997,0.0027510187107726517,-0.006255933561962551,0.0049899411114457054,0.000658581790754548,-0.010513455427750647
2022-07-14,-0.005083553068554277,-0.015950399453412995,-0.0013951491797094902,0.0013174006649125357,0.007789095744002539,-0.0028149800394471672,-0.00045155078891803235,0.009985502087945934,-0.0022720780047153603,0.0018408832383644217,-0.0036689577990560583,-0.02231175319039646,-0.0024867869838752494
2022-07-15,0.0009071928639007382,-0.0014545257740465724,0.01460046467928848,0.020129869333603872,0.0008643382457725262,0.007100289860872328,-0.008174398015171993,-0.0004345070972605266,0.0056109646894473945,0.008628455156039114,0.003385260072827794,-0.004279220613467222,0.0006530630561003955
2022-07-18,0.019304934286410207,0.03115788413556697,-0.0009281682669854701,0.0037988853736762905,-0.0014580058777648602,0.014093952688076455,0.024588091676642183,0.012525145035359219,0.012069738445165207,0.013021815283468522,0.012816416012907308,0.027361830679340643,0.022653395109421652
2022-07-19,0.010176155929447754,0.0008487856369939219,0.00047144310830487976,0.010437987973104036,-0.0024610526048507004,0.005781335088843586,0.008056773679587344,0.0036938013206922467,0.025203136152233636,0.004489404640599592,-0.003444276301549704,0.022690466074834843,0.01166568302631849
2022-07-20,0.007023055823103728,0.028841904358998322,0.011274166522471306,-0.0022036228765624673,0.002307644609842355,0.005696765964618765,0.011098312552754388,0.009238820119808267,-0.001721862283835732,0.006754100490215387,-0.00435418042819676,0.002110809077577142,0.0038273287369561516
2022-07-21,0.006343026898242392,0.006958901894969688,0.007903142673771476,0.005583307326798159,-0.004711550020679839,0.004249877600536886,0.008562892880166524,0.004340749772503153,0.006413186785468989,0.008039016393313851,0.01178914643663991,0.016150850711665957,0.011653596795728416
2022-07-22,0.014750800463942008,-0.006184650775308935,0.005183665700045169,0.004191910447181694,-0.0027068590312476393,0.015425177453471075,0.0007855305530083241,-0.0038156195101003727,0.003418806748785461,0.0032037242858669046,0.0029889453988413105,0.005953987886248526,0.01419790658597444
2022-07-25,-0.00034168290914534933,0.0016972720358586037,-0.0027282663066395926,-0.016801483646248346,-0.01025645947383859,-0.001246435150953532,0.014509120704212633,-0.010231081496204905,-0.004561011327562562,-0.006813800382135814,-0.007106989570007282,-0.005990107272275714,-0.0007388610478739451
2022-07-26,-0.00869353003122671,-0.028658474115325395,-0.013966882722418196,-0.011919088655696625,-0.01183221791946367,-0.006163027323297224,-0.002935475109385327,-0.0034561655343459423,-0.010108043484463829,-0.004994347659774923,0.008598087930250081,-0.006934189843899099,-0.009457093120091822
2022-07-27,0.01025391971184712,0.0166358525637798,0.005659918612617278,0.004052349901229608,0.02299180387815232,0.008698777433456786,0.007780034654073323,0.00020971598628854424,0.010679308852755975,0.006754126336100707,0.02101660353626282,0.019894461228303326,0.008838717104045827
2022-07-28,0.016030070789221997,0.027742292709646257,0.00558306232704219,0.0046418918107645896,0.0025069760835144273,0.023402455572420013,0.01688705768421763,0.01089436335955262,0.020463068708065052,0.004059810099395745,0.013728991916250823,0.003786420393411503,0.018400138986173147
2022-07-29,0.003025195221778934,0.01692497462079264,0.0050909129804432105,0.01279759411580504,0.00911265510355644,0.009090545160853294,0.03783913540649376,0.017949450280161813,0.009245455807279594,0.013421440404511537,0.014144414714334365,-0.011815271362334965,0.005744776529445656
2022-08-01,0.010924012687932463,0.002319567609909409,0.0009257650881352715,0.03219893023452903,-0.0007595070351878257,0.008360418607070862,0.016694262882703332,0.027597729998900915,0.0037626907561807946,0.017984548019957386,0.022754392527016946,0.016470730438810314,0.01106445444015639
2022-08-02,0.0031820556797225474,-0.00670792392311366,0.006369765546059507,0.005389333558405894,0.0010608407966273047,-0.002585113047428952,-0.0026387081624977106,0.010860051217908936,-0.017044904271246504,-0.00048209205537241346,-0.0007995820046599861,0.026403771966713854,0.003905085955914186
2022-08-03,-0.0009143249633357339,0.013425529869699053,-0.004082097846375437,-0.008036877545067682,-0.007729112650666066,0.0007351527097598143,-0.0018531377986017359,0.0005084048676038516,-0.00766977338198783,-0.001186160514966965,-0.004243888204440743,-0.0052943888529918244,-0.0015710720586676536
2022-08-04,-0.006170687977511788,0.01236340415374818,0.004823671242110597,0.002033613877809994,0.023407047287799868,-0.004548260811881882,0.012028640187360377,-0.009228378029578174,-0.011501620489940363,-0.007298730036708455,-0.008899706521355785,-0.017653913044346034,-0.006794095907840288
2022-08-05,0.004361983226407309,0.006380935740591139,0.002347181341246705,-0.010978775326413304,-0.0032867436176937785,0.0035707588636567315,-0.0043686878870655334,-0.014471588179990677,0.0030876715748911925,0.0031965642893252415,-0.005210290153993857,-0.004091462344181059,0.00412513378140996
2022-08-08,0.008319506407548223,-0.00019524325964472133,0.001108180670269971,0.009606722870219969,3.8639876357305226e-05,0.009255750235711272,0.012811052793521847,0.011673276868847528,0.0015972900304889051,0.004826123633913797,0.007947963478341204,-0.004463134334555824,0.012235789086280483
2022-08-10,0.00131861626082225,-0.008934330154232208,-0.0036573059828758493,0.001831574012072839,0.0008072469956609794,8.475366539852593e-05,0.016031722978931708,-0.002401023367519804,-0.00870172272768691,0.0023391392384132024,-0.004885440523044495,-0.0046258488260341925,0.005404029246762847
2022-08-11,0.015343483609946444,0.01777139168362363,-0.008044619093222885,-0.002172010015206033,0.0048912282075467715,0.01560166643997094,-0.00013022585301709498,-0.00011251441602826562,0.012797263817492294,-0.0005015045240516018,-0.009794773946283909,0.02356279357871004,0.013804104010371658
2022-08-12,0.004169580499475686,-0.01157036009739373,-0.0004991821821944236,1.5490617125709746e-05,-0.011608371590900224,0.004315549078928267,0.016293445415823112,0.018660743811216653,0.006450553964819819,0.007366848211497181,-0.014238079333992489,0.003112978580150547,0.003730555604377844
2022-08-16,0.00504194043467504,0.0007726281128729467,0.011866036237101314,0.02493084851346537,0.005415162978439632,0.007515200627577832,0.0068017997539846775,0.01092348565630123,0.019548234877913913,0.008735546427972299,-0.0029653853540428142,-0.0037401428789550213,0.006734924234339964
2022-08-17,0.0056429516417755045,0.011564832101317032,0.007229859169807955,-0.004216423804393584,0.003504052989646817,0.008588017199839523,0.00497621295189052,0.005336678027994402,0.0007740501324243625,0.005778362204367916,0.014497775076892873,0.022302023722167375,0.005065636936008196
2022-08-18,0.004915400654953456,-0.00789707424192093,0.005678689565991277,-0.004736714257512313,-0.0033571322288221497,0.0031452552583792824,0.009134572315010588,0.0007802593241158539,0.015356230040107409,0.0055889472569873935,-0.0007502021637901256,-0.002337818617336899,0.006375455664594527
2022-08-19,-0.017044698489410655,0.0005727822569386365,-0.013345054838810643,-0.014222779993574027,-0.010553516249084233,-0.015944631755255977,-0.015834519086125137,-0.005907581327346293,-0.019676396730605058,-0.004980554105675682,-0.0008717872615594875,-0.026942571165947126,-0.018549661764145336
2022-08-22,-0.017810161911749174,-0.01872521212189921,-0.0012745964957797111,-0.01955434258785425,-0.016677440737538535,-0.019594642935156958,-0.030223094464241283,-0.008538987561355366,-0.02540887180642811,-0.01730573682521514,-0.0024258901630954456,-0.021393207787473,-0.017242656774152376
2022-08-23,0.010387705792519158,-0.017833455502499505,0.0010952100043749942,0.017954154001393607,0.007542023691349156,0.007512452695085554,0.014107910678011057,0.009419594834963014,0.003977503910186464,0.009308511476726115,0.001892651678192098,0.023129281280368064,0.011267352896805059
2022-08-24,0.008769505668552526,-0.003389968648860166,0.0014440937200350522,-0.0009598160744336283,-0.0031230685272299443,0.004996639377416177,0.007031396635253727,0.0025157245972473705,0.017984074422899503,0.004242938922398629,0.017232528921255135,0.004876208246173258,0.015787529421376456
2022-08-25,-0.002250337237880557,-0.00874220898747953,-0.0039531434829875875,-0.0027489354779700204,-0.004021838227819994,-0.003935592783681461,-0.005150367533908738,-0.001692181049024116,0.014597198192134767,-0.003373169482899213,-0.0004529322904101094,0.027004960097256874,-0.0014516252641437446
2022-08-26,0.000934047853905864,0.002895250079826667,-0.001427623520780349,0.003971788005318406,-0.0010169189027628802,0.0009791163326400428,0.01753473081958644,0.007594232939897888,-0.0037395824138904805,0.00699007516369077,-0.006625242749906062,0.009777906658018209,-0.002829874688251085
2022-08-29,-0.01839074063501427,-0.035702920029090535,0.0038493335271113653,-0.0033119602552422146,-0.002762074416630648,-0.01699442429749148,-0.015442147203836002,-0.006049035144898302,-0.013646395505196527,-0.01005747123401026,-0.0205598066339064,-0.016401276328778757,-0.01873407182197162
2022-08-30,0.03238925913614837,0.0259951209714521,0.020454854611336917,0.02535780893026805,0.012172816207188838,0.03364723508260734,0.020831886211320816,0.019656817751313435,0.03425896253861559,0.016151006437591715,0.013648649075905258,0.025801572090446274,0.03246192241836007
2022-09-01,-0.005974264600430726,-0.019949202679800944,-0.007416489270521885,0.003685376667309416,-0.011435786403798389,-0.009867569564673655,-0.009421437688586602,-0.019353803594350523,0.010736628516588529,-0.0074483302566021575,0.001231625197378218,0.007066985180543945,-0.006598845735143081
2022-09-02,0.003042379577068134,-0.0036335810264582235,0.003882328044550734,-0.003435676896740412,-0.003898438058976945,0.005040994564529941,0.001487254456006329,-0.007535856843285705,-0.001817126440637143,-0.002242398798369594,0.005031342861243418,-0.006767397213351647,0.0016680696785015977
2022-09-05,0.009712718908143736,0.0032671819948774956,0.002042973194873165,0.0019231093045681813,0.004738372327116415,0.006462172587048084,0.01651618222755285,0.0062979942595206735,0.008840647385081078,0.006966481135233661,0.027147153266476157,0.009491272498543375,0.011148946468577135
2022-09-06,-0.0035044121142811737,-0.003375312310598129,-0.005200304439451153,-0.0015714929643676776,0.0025791443220492963,-0.003674982391375656,0.013103464796839749,0.012768800779002087,0.0035990558274884713,0.009827180293844695,-0.004004290110135903,0.005048430150421559,-0.004735527513539797
2022-09-07,-0.005323412866927494,0.0032244484992142402,0.0019749141570611396,-0.011609355664290466,0.007772525851382882,-0.0031592165724992996,0.0002802230677662289,-0.005995928941710825,0.0008449385562858585,0.003971461615683974,0.014465852452418012,-0.0016580781342968834,-0.006250289913664269
2022-09-08,0.01890596081322748,0.009654172118036292,0.003924427370127254,0.006005955172674339,-0.0005002400517926816,0.014717069590437736,-0.009091030873870223,0.002334992977249582,-0.0028545900756676798,0.008603829214888005,-0.00449665874253383,0.02481120741408967,0.01858871336776291
2022-09-09,0.0051287754135227875,0.021879782304390707,0.0011697689908072458,0.005172300693388222,-5.1253730913425255e-05,-0.001386118443292542,0.0022929368200065247,-0.0032680645505379167,-0.00466946032670361,-0.004638415718371687,-0.001953284515002634,0.00478082065409414,0.005648122332024111
2022-09-12,0.0039091123473311016,0.014074959799581985,0.001917793990354007,0.002757247151240532,0.002042957229129799,0.0029140777777351716,0.00919372763823002,0.00911769247511884,0.021780031445843017,0.00984523341324029,0.019614482905741883,0.012128662996899426,0.003589111273121174
2022-09-13,0.007344705482157109,-0.0004927069645760951,0.00747846281501196,0.0006071422024534166,0.002384022859812318,0.009057116145788774,0.012737208423899096,0.0036110718894982823,-0.0017709387819779352,0.008005158444218273,0.003690758204409091,-7.879661566458889e-05,0.008015571617191276
2022-09-14,0.012939141738034865,-0.034208479919359755,-0.0015582740229728618,-0.003163919971027444,-0.00498663242012529,0.007509884599392455,0.015690750523955403,-0.0033194728229388893,-0.006905212277869798,-0.0016432053923493954,0.008626718483816255,0.017202816229507478,0.01487796338120821
2022-09-15,-0.004749811179088504,-0.014436848008834267,-0.0031974654399304324,0.0070277535809073945,-0.01296397372211697,-0.004850170267872277,0.0012140538917251248,0.007744981140332097,-0.009175840642486397,0.00236002799232456,-0.02199594027167147,1.5506155130695016e-05,-0.006169171229174715
2022-09-16,-0.010548134094414916,-0.035702920029090535,-0.01946437157012055,-0.027489396655346266,-0.013834539041017117,-0.015278336588682993,-0.020361061901136675,-0.01586050020095975,-0.03789924622355768,-0.02440523109968212,-0.041503026721714895,-0.02373262216236465,-0.007574003008264985
2022-09-19,0.003124227797655723,0.0038754817169122688,0.010662371123961538,0.009186151651537364,0.0018408798305392694,0.006540100423181312,-0.004498761185064402,-0.0051360274463185624,-0.009509178995495159,0.0010429253967400114,0.012556767844072454,0.020085616753434933,0.0006311845759135746
2022-09-20,0.013691764475000152,0.007818961872922806,0.00743072989798429,0.01648789312172836,0.03034436937131236,0.013863120676816248,0.015508970286877274,0.0049754893397112735,0.01576229804082703,0.00812274047405081,0.009256529343396136,0.004808149051057889,0.0165558676239623
2022-09-21,-0.006407401492636264,-0.006585130901051874,0.011729118108066424,-0.0051216349348947076,-0.013990801723335226,-0.0047363221817928475,-0.02108906706485277,-0.015054491489380262,-0.012988678835839228,-0.01602010645377144,-0.002848122485796757,-0.007142998537767174,-0.0083392843756311
2022-09-22,-0.01400042811729088,-0.0022600883054196756,0.012956129204606955,0.007331186456037278,0.0031207189194536436,-0.013945740529162464,0.004048655574638988,-0.0031815362650868635,-0.002773619204987939,-0.003977059431890713,0.0182883475486963,-0.008938220216084926,-0.014270904064318713
2022-09-23,-0.02705066537478093,-0.007130738645739746,-0.005021426819852233,-0.01720704597203169,-0.0001743785561537769,-0.02511478905064727,-0.012104253414833828,-0.026926554743449408,-0.029997711565205608,-0.022580801960574454,-0.034997941792859595,-0.04049576489183048,-0.02657149707153285
2022-09-26,-0.023797677930456014,0.005673510840634959,-0.02066136917937952,-0.0388676541852889,-0.010775005021198089,-0.021511490386706373,-0.04220659235160985,-0.031272505396427945,-0.04340113283017535,-0.023552381430903845,-0.03098741197534155,-0.03755332602643746,-0.02632390817273437
2022-09-27,-0.0066800979351983175,0.009693495771327689,0.0063694448986265605,-0.005138478175278533,0.009771350205022475,-0.008073928839051966,-0.008620984847779579,-7.391733915550452e-05,-0.0027537267663168686,0.003277964470089697,0.003455257850805027,-0.0020931748479455646,-0.004036564654299329
2022-09-28,-0.015746617696308026,0.002348729958099318,-0.005749436563401286,0.0006023664510931511,0.00848905948943823,-0.012357919727242934,-0.019566474220167118,-0.015739054835103142,-0.006736433111001422,-0.008744540671803459,-0.010053346442796686,-0.02095050889581661,-0.014544600323468717
2022-09-29,-0.0029732531882483352,-0.009226817291069826,0.008867756909766966,-0.003195567375450818,0.013205930279813748,-0.005070971895003341,0.005025098951616023,-0.008375131309634735,0.0037346897593003255,0.0011717707211875952,0.011973264498148142,0.011485102571357741,-0.002094083780901995
2022-09-30,0.02580643529320738,0.006026003485747575,0.0011130551164297588,0.016030267879013786,0.0075524486480339865,0.022158242053869067,0.021421598747201894,0.020173763403981592,0.01952910916598508,0.018401972593857306,0.014452599529135949,0.02970218461181187,0.027503918548060766
2022-10-03,-0.015713535263736502,-0.009385643578887675,-0.02112769762966007,-0.020545385260688345,0.011272255096319397,-0.013598403430143721,-0.030674415798773648,-0.015311361258767284,-0.012459372092681576,-0.008090608456823458,-0.011604190411915022,-0.027108751173158308,-0.01529767073603669
2022-10-04,0.028013430638574355,0.02832221608241873,0.018453346122029764,0.019856133415480624,0.008689965152738245,0.0268987798106894,0.030865030642254442,0.02062725670493654,0.022433054064953155,0.018095176591476657,0.02725978207695618,0.029310031970245027,0.031081262670136042
2022-10-06,0.004408540975688077,0.015581563193053155,-0.004296056242898146,0.007379788739149433,-0.003440404656596198,0.00045082993754818934,0.03200791576298913,0.005722827180721245,0.020569234460608075,0.002124447023114156,0.026908155072148023,0.008112642464399697,0.003706745570713779
2022-10-07,-0.002671446832271723,-0.007011963799018711,-0.006458828568508961,-0.0017692924878537047,-0.00404972720399924,-0.0023719957547172488,-0.0042731091853097656,0.0007246482150173956,0.0031974308975711856,0.0035605436477531755,0.003802086878803156,-0.002332504104197265,0.001096621396471373
2022-10-10,-0.002170565555351996,0.010545064613911418,-0.011110687496428157,-0.005370204197193265,-0.008125977979239644,-0.004556590164111454,-0.002557389417640564,-0.010189286712360274,-0.009853397441194182,-0.007523890098321599,-0.010771496972248414,-0.010154061442529921,-0.002640247351786866
2022-10-11,-0.009784800321141573,-0.020113426759475767,-0.017802694716968166,-0.016301720217298997,-0.015594903167390308,-0.00976589769110194,-0.022295540584672407,-0.016204906031724035,-0.031225143845795732,-0.017405782109930268,-0.02039218771631165,-0.017008442112131882,-0.010969920215789263
2022-10-12,0.010435586074231949,0.008162969582717443,0.014743552221314873,0.008765690269758795,0.0009779266445616491,0.008480052163198486,0.0021062855877755915,0.009697092130474183,0.01602678249855051,0.009905463702001982,-0.0006685941175146676,0.015015508509986055,0.012749721984244353
2022-10-13,-0.012723001277778413,-0.006827862445457908,-0.003715570150961352,-0.0028257825980254727,0.0021629387188746357,-0.01225395036474839,0.0010515235243860055,-0.005337253332722205,-0.009986571578799156,-0.007912478308866735,0.0026718148679096545,-0.015968976337962442,-0.01077130966754882
2022-10-14,0.01749320012360347,0.016150713257315544,0.0027010748517707316,-0.0067489573688420046,0.0064529694357924805,0.01801167020778907,-0.006403679862222349,-0.010040448999930646,-0.008061749445214657,0.0003656939450266217,-0.007941035473570585,0.004571672397684044,0.01688894614813436
2022-10-17,0.01552164562429645,0.002326100253876788,0.000691430573456651,0.0067330216137218455,0.002464072460718944,0.011422492020998517,-0.009722567569619832,0.015132144718039411,-0.0042943828830219076,0.004255886039978257,-0.008004718827094652,0.034071649786777077,0.014051828957196545
2022-10-18,0.009927935090980215,0.010510516428167294,0.012263901697357518,0.013449440898267882,0.001989147444159559,0.006256617197824692,0.011082720154281868,0.012899213305149681,0.01706812112067927,0.012040810776380211,0.021197129201256597,0.03892508044068134,0.006676031101905142
2022-10-19,0.0013495735362455095,-0.009041201396398519,0.003990603681815345,-0.0009115049404740602,0.0010372647875841975,0.004012139779339825,-0.006758644000671408,-0.0022563285042882268,0.003987764321086918,0.003530439874010205,-0.0028242005234124356,-0.0057858609940757075,0.0028810093291928027
2022-10-20,-0.006801029185933356,0.013164744290227343,0.00885999056043593,0.0006718732296396226,0.005166441270062224,-0.0020193085891245743,0.011362775160617235,0.013856898468391199,-0.0012884049640991529,0.005252477092696961,0.00014261214296359178,0.01864401262995393,-0.010065794410178151
2022-10-21,0.016925963973544327,-0.0033556990725969326,-0.0002698853056775581,-0.0026705136764548156,-0.008423962278784008,0.007550078048216267,-0.009238137622736974,-0.006647680063307146,0.0004686704817058926,-0.0059495910420635885,-0.019460044420316867,0.018379083766769926,0.016477013408490684
2022-10-24,0.012689963404576737,0.006940320624897971,-0.0013358528947790247,0.00776769945797174,0.006274801698331297,0.012597525229955565,0.007055294295419262,0.005723200474228512,0.00280770475549049,0.007048294635117068,0.003313953901452332,0.011634941195254765,0.010897472849097933
2022-10-25,-0.0044195593592475,0.006586059850419767,-0.010396515858864154,0.012284820578994651,0.0039047923836950816,-0.007838049144674591,0.0040340339367682925,-0.010148694703236469,-0.006210821810507524,0.0008701220163335298,-0.00544854929149293,0.034434984327362604,-0.008440560454999076
2022-10-27,0.004284028201509764,-0.005258769854926995,0.004600529342625437,0.0020515494302054352,0.008796450784426665,0.002903209003750904,0.026786600246257265,0.012982735698644787,0.029192402710924496,0.011096806482272719,0.006727747484778972,0.007977997939989007,0.00605136645409675
2022-10-28,-0.007496652649825813,-0.008924199162960385,-0.00023891137585978792,0.016163712183050908,-0.013681718092873132,-0.00271721847035716,-0.014662458407512447,0.013798279922786087,-0.004118569597060962,0.009581925551047341,-0.00847750055391986,-0.004511616423049964,-0.0066596874325737685
2022-10-31,0.007704812625632214,0.01434832890890361,0.007982762537410724,0.014357167148862919,0.01248658742606275,0.013796093589655351,0.0022071877997070838,0.0067487269174533685,0.005715607774921853,0.013491637322169642,0.003302680865151181,0.006420400939044923,0.003651575524838877
2022-11-01,-0.00044427207339156974,0.018727001309262917,0.006045348850354407,0.002630740790244678,0.020956179074744372,0.003666724110071576,0.02356541790660451,0.008474579409677965,0.00919055265206881,0.007270903910507664,-0.002719089594240212,-0.006769396433799848,-0.001468462562150812
2022-11-02,-0.0034669293578777093,-0.004519835812188659,-0.0007081368336255224,-0.007379860364411615,0.004795063004390821,-0.001573276646191001,0.006398291199083407,0.0006782174377920533,-0.008051340847492846,-0.005524497315419659,0.00847257549535495,-0.008031702631000386,-0.003462542961685271
2022-11-03,0.0036800570299636917,-0.011837678220221194,0.002881322860394564,-0.004183431685590974,0.00022493797284412742,0.0002744721041462794,-0.0011445880150193328,-0.005530224579900506,0.0057899197743054775,-0.0014790149320017376,0.0020468371482974283,0.024891408835167477,0.0034412236340111576
2022-11-04,-0.0009666753298806282,-0.003572846418871417,-0.0034159141908736675,0.0006821199568526254,-0.010214253135117991,0.000938585544739557,0.04122296973171931,0.004718181973853089,0.0030516567020895317,0.006102273678299679,0.010624119565202145,0.010357668461566615,-0.002550243730051848
2022-11-07,0.010326218923140264,0.0016801795454526333,0.00448108075629667,0.012891537257868018,-0.014419378331464509,0.007474845111226866,0.01564201884703276,0.007640960856213326,0.010440789571970125,0.006367109959307734,0.002068643741319108,0.04364707758831178,0.005218915126576366
2022-11-09,0.0023122386582799916,-0.003991770650257869,0.002615744041917018,-0.0076534888424328006,-0.011440859128149475,-0.0026664326590466175,-0.009352705187640194,-0.005948879620786677,-0.01383215624406881,-0.0071741703719528545,-0.0030211608617288226,0.03855449079770926,9.388696451302833e-06
2022-11-10,-0.004304068735919315,-0.0042375479734467585,-0.005360556375410627,-0.019730327951518346,-0.007397637357416936,-0.004544981031205052,-0.007143532661965615,-0.008549284272361608,-0.0014731577483655695,-0.007991708053076321,-0.0047283203764047314,-0.012911519179279615,-0.003429695299552022
2022-11-11,0.012737166934584697,0.03479592568938993,-0.0014903016125155616,-0.003051081359159091,0.002504027944282233,0.021445861799868376,0.020124554535678206,0.00907067568169352,0.01653303396466099,0.008257616648401663,0.007369347330605608,-0.006678339075906495,0.014154750936521573
2022-11-14,-0.0014321047207582315,0.008659076668406132,-0.013599349184238696,0.0023360648397770653,0.0003225763888854157,-0.0019511328310758255,0.017115959950740636,-0.0033201951809550658,0.011203018532305998,0.001375992524594756,-0.024242980959561948,-0.005974027429617822,-0.0001631994527697667
2022-11-15,0.007008925760447875,0.0005358823458329397,-0.00018439343972743354,0.006417040654535417,0.0013087421634488386,0.005925737055362463,0.004723112989345125,0.0047770403452419685,-0.0011036310875667751,0.004909682182819964,-0.0020227109941249734,0.0033114772997823285,0.006708788432622438
2022-11-16,0.0038300218491151544,0.0028821092834245814,-1.7080128845075945e-05,-0.0037773675038371905,-0.0029498619490792065,0.0033872226360943964,-0.019608051003135847,-0.008737824956555111,-0.010322515745969733,-0.004028070594639206,-0.014521638988679593,0.0028752611836380905,0.0025951871399910336
2022-11-17,-0.0018177189581954534,-0.009058806621138565,-0.001485930871610874,-0.01371722043860901,-0.0038733223099986823,-0.0037331086813007304,-0.0009134885185306581,-0.006594932617995186,0.0004462068273280304,0.0012687519042574975,-0.010074586649636645,0.007851355255626618,-0.0012967065196060766
2022-11-18,-0.000485344966108513,-0.0004094442340488867,-0.0022399646033891803,-0.011866781179438115,-0.00673003592607269,-0.000317227081647118,-0.0017519702597081964,-0.0035761175967275864,0.0010031359978789013,-0.0040487799050218775,-0.004384817986425228,0.015182544107237246,-0.003993306801131324
2022-11-21,-0.002144261363153479,-0.015615418580205188,-0.0031136269116265928,-0.006187509925719292,-0.005207431571944919,-0.006383391359390043,-0.008125202392654138,-0.013201501325307518,-0.01278183502919668,-0.004112846160298459,0.0024828910726984272,0.013982440841766504,-0.0014687350455579557
2022-11-22,0.0026060531196623296,0.008092917320164449,0.005559907419247319,0.003883439207268518,0.003257783125283071,0.001244613433117107,0.00881551639249471,-0.003515864701197637,-0.012261719894136248,0.0040653395432301755,0.005943937225664398,0.016502201215483098,0.0030048796761293164
2022-11-23,0.006387210798324663,-0.001401808628762479,1.1579570554954416e-06,0.0022922982970905175,0.0031579470536340403,0.0050417875220506595,-0.00403987584651048,0.0011528344497261213,0.0025099284960660067,-0.00033260952709505644,0.011364438009140004,0.010128990658471808,0.004929031402265546
2022-11-24,0.008071811363974089,0.0259478876368432,0.008798435905148361,0.005530743417432909,0.0008694082897627894,0.01084347194794333,0.0027753005518591505,0.008884807958394763,0.002162683035716022,0.010457395226193137,0.008091452735608176,0.009459174952224371,0.006602375729664404
2022-11-25,-0.002125284894779547,0.0051542286688081715,-0.0031501403339896515,0.00871204818367328,0.006211184844380857,-0.0031225548774116724,0.0022409865141194626,0.0052932536396556075,0.011643140475480016,0.006926809879176892,0.024913635386506167,0.00046942118179469614,0.00035065105570933304
2022-11-28,0.0008488037183308766,-0.0008228057946984307,0.0033603445811632117,0.00603211669994934,0.0019643798582764157,-0.0008694655815743124,-0.011498557678035714,0.01322656771995068,0.0006741227274494401,0.008140072314203464,-0.0005480737659950437,0.0019985581160114865,0.0026475294500253386
2022-11-29,0.0007667919221026045,0.0011870357170263497,0.018527423304277434,-0.0022077987729073197,0.007162205413241594,0.0016262641941133778,0.010289519795822483,0.002967018385619972,-0.0033749609238308514,-0.0023374825122837,0.001262410501488137,-0.00035746761752058673,0.0008223553322033304
2022-11-30,0.004115438945376115,0.001516326848118823,0.010108776401434049,0.017089096585925577,0.004334526581189792,0.0066027399289939484,0.017961462925816043,0.017314746970709817,0.014432161098871004,0.011716070896022605,0.00756436298064196,-0.013579799932159884,0.0055219258720221355
2022-12-01,0.0006855872137623277,0.023697246907282313,-0.0036499315643859264,-0.00303513834232625,-0.0017932568031439006,0.0005268125567375299,0.015216790659494944,-0.006265460041706757,0.01957826300212873,0.004341298261732704,0.020552248712978415,0.02091333343609831,-0.001224679347119938
2022-12-02,-0.0036333612105613347,-0.002200339656100176,-0.004782104291657813,-0.011083262979137575,-0.0025717893384934708,-0.006188747213770593,0.004438831351857046,-0.005722065890877567,0.009323611207515826,-0.0007496910453694295,0.012145294867183073,0.004225765889341051,-0.002992022399836526
2022-12-05,0.005303268489738388,-0.005185361207208068,-6.756590457461613e-05,-0.002978428123463138,-0.002605204175426321,0.002477505813767369,0.018536520536697524,-0.0035730551167314664,0.006882448310283525,-0.002894216159030842,0.0021012696196927323,0.011945094404864411,0.005952362314478363
2022-12-06,-0.0044962124081702245,-0.014624982485043974,0.0030231035087201694,-0.0025980189244178427,-0.007501561136119588,-0.002854208923201461,-0.007491594430112788,0.0033140313832455384,-0.0067745706884498325,-0.00022019507867861496,-0.010273860877721796,0.012553689546211477,-0.004345969152233399
2022-12-07,-0.0009242416115459893,-0.008443032321126673,0.00959766136620799,-0.007982368438125519,-0.0066253337976882685,-0.00321953092510214,-0.008836625338513366,-0.011409731635812582,-0.01193979249342951,-0.003391100224585759,-0.014605330877740921,0.002589174855475132,-0.003587673128306636
2022-12-08,0.01149207312436163,-0.002389663854003612,0.000927936499309918,0.0029093693511619834,-0.011024164570917865,0.0058197658343813,0.007077039191103852,-0.00267255990169135,-0.007782966758819339,0.0033911002245857486,0.007503459738738257,0.03739190729397767,0.011637621759152991
2022-12-09,0.0008391140276306955,-0.031935767596307736,0.008538373291844169,-0.00300649425675029,0.0036073660122913145,-0.00010630560299263699,-0.011221666385562795,-0.010289893815740699,-0.015079603533153742,-0.006876820146919192,-0.006451455525932479,-0.017846270931970224,-0.0015120361411411797
2022-12-12,0.0017242908055181713,-0.00405192404561738,0.0012059411499321675,0.000384498669461531,-0.0013042381243888656,0.0012149561392974875,0.003973223183760471,0.003023494491478031,0.004570076113203461,0.0034305215033314943,0.001540963131378817,0.013942207273854887,0.002902333501647263
2022-12-13,0.005425803622837524,0.011161068770277574,-0.001508182874261024,0.0043905998165784926,0.0031069446115364998,0.004960742292003533,0.0020625387902436956,0.0012109286727460954,-0.008039360134852284,0.003216914538900119,-0.0003733660933195312,0.037420831840074116,0.007296422740459571
2022-12-14,0.0023308428924146006,0.011418199314690479,-0.004260811631956239,0.005637133001329704,0.006685780184290605,0.0028887049536058477,0.01239682150477804,0.006235642287109651,0.01435833475692368,0.004349325844415644,0.010447475530221247,0.0055426008383311805,0.0042918438412767055
2022-12-15,-0.012585383872838056,-0.02129099072522955,-0.008848751932443008,-0.007037820363577769,-0.005252991845639968,-0.012926088666674131,-0.014399747670069091,-0.0059770276320842315,-0.0131259379834075,-0.009565954964888108,-0.02100525420872323,-0.019002952015086592,-0.010677554914174887
2022-12-16,-0.0064278323772524295,-0.013350224552674053,-0.004925999955501106,-0.010717136581553736,-0.014136436498116507,-0.005429512352496412,-0.007608694239774828,-0.0070920913395211204,-0.015231298428788901,-0.010515523592483651,-0.013057185851192985,-0.02965483130551366,-0.0061138218755061825
2022-12-19,0.0044844810808273875,-0.005090944993271146,0.01447305228958375,0.015807536660735987,0.0008108327571047287,0.0086351939491907,0.012649280426974349,0.010465131821305023,0.007362552576254141,0.011391458955696928,0.0031970421183032563,-0.0012120724425500869,0.004968561458132594
2022-12-20,-0.0012504000288732775,0.0019608826111326325,-0.006255736961730615,-0.007688075960993682,-0.0022165146927639627,-0.0028778428952755913,0.0011635300825358357,0.0015339161794645584,-0.012148830855159833,-0.003600845998733194,-0.008179757767960047,-0.0034711812971412416,-0.0025252771505625666
2022-12-21,-0.017250336901878997,0.0052896113436226655,-0.009013090492885761,-0.014385489130407193,0.023647443731619436,-0.015576778020609534,-0.023479869533449854,-0.01873980654394875,-0.016354172981179076,-0.014665806404732954,-0.030800939920134145,-0.02892754103832085,-0.018942627120678172
2022-12-22,-0.004919566701529435,-1.2154375644933408e-05,-0.004407396457878828,-0.011148563920867946,-0.0021423499868919874,-0.003525303458851763,-0.0113477112267289,-0.009464696311095745,-0.01426759335330469,-0.005421193822015405,-0.007258104331719084,-0.012364955660894811,-0.008394837610070389
2022-12-23,-0.01762125828948308,-0.01848616916695483,-0.017240885028430127,-0.025712686729722767,-0.008435533941773236,-0.014044049971054825,-0.04570408467542762,-0.03351050192364347,-0.03512075176029066,-0.02700266951890261,-0.04857052507270413,-0.05293372154755901,-0.01829790835031222
2022-12-27,0.028192615844309623,0.014038424685712637,0.005502167115271183,0.023164563826381986,-0.007041081761767769,0.02210326549655687,0.04395472142881397,0.03015767521683245,0.03641552635320825,0.02260468825425958,0.039943600053808974,0.0525912920637569,0.03016700075549144
2022-12-28,-0.0007421702747905213,-0.0018455460954082692,0.0006674253736535006,0.006582285500900395,-0.005576845065417279,-0.0014923186925666087,-0.00274726318200522,0.003256969846595667,0.004928444964379718,-0.001945055229390965,0.0061371242587140995,-0.000366939760641452,-0.0006732182666521152
2022-12-29,0.00986646512055285,0.003623151346330697,-0.001821572549997385,0.002309775713404722,0.0008036450795884482,0.00566012745767884,0.010727142127967016,0.005359687803060303,0.001403687463603293,0.0005412186025164465,-0.006465175032949807,0.0071475058653927065,0.010232741899848788
2022-12-30,-0.0061666529006613275,-0.0022858589261507667,-0.007590313201484269,-0.0018140813124784686,-0.0029090335682975654,-0.005747072379360421,0.005413652487613532,0.00024162317126692789,0.009423577038298872,-0.0029278514775948885,0.00548678725380174,0.014954112655096049,-0.00529882590995714
2023-01-02,0.005038988160676737,0.00403081361318219,0.000484411554876627,0.004434423700032857,-0.0036740443531533026,0.004900727774285987,0.023990776263981172,0.006209952619836677,0.009909099033797825,0.007870546945084805,0.011628581710939025,0.006991812249803163,0.006269755955676459
2023-01-03,0.005128781061849046,0.007799053524773256,-0.004063269068739545,-0.004192629497618684,0.007172584239552543,0.006354867155272498,-0.005328817699409315,-0.000987742035985816,0.001260356037291951,-0.0004818851906544602,-0.00707083796063365,0.007182965247368903,0.006321033314767704
2023-01-04,-0.010799534127373847,-0.009871679704320686,-0.006612901164107544,-0.008174599870578721,-0.001504087045612551,-0.009897237031696976,-0.021275628676919393,-0.015491238069043366,-0.020709901107722608,-0.011309113025040363,-0.015079557924502112,-0.018444546934127115,-0.010144292972486804
2023-01-05,-0.008183095594790706,-0.005246033761687489,0.015386376235304353,0.011490635260179006,0.010281494364107501,-0.011897761144969878,0.008220123653057087,0.004376132777075492,0.0023353583044924808,0.004757842085746641,0.0019765480354482523,0.0022764653348805314,-0.007923014377166908
2023-01-06,-0.00990363795007708,-0.020229383498636438,0.00025562451027575457,-0.00228208232613738,-0.007733777405606748,-0.009546397922499322,-0.00949598704202378,0.00042762705225673765,-0.006670216158823686,-0.0021615845474169033,-0.014637492591385711,-0.008481530572386875,-0.011222878580211098
2023-01-09,0.009294440200995608,0.027925516671189823,0.008604447797881554,0.012215445903141735,0.0090971650587657,0.006846136377072172,0.014173503749109344,0.016769564010807092,0.006086887686634922,0.013727636588225085,0.004817816831479726,0.011319759210448805,0.009280138344845397
2023-01-10,-0.013428494585122396,-0.008574638714918594,-0.003815538218114715,0.0028200525620860582,-0.00031326849890220927,-0.013842222716058493,-0.007565787077421555,-0.002719217573767469,-0.0077320401306178056,-0.010919461478681449,-0.009684796091980195,-0.027086038302260196,-0.011358974043821982
2023-01-11,0.00517403688755483,0.003280281424021211,-0.011336598294166491,-0.005165772379735169,-0.006628976912755572,0.004997159593039992,0.007455371582219859,-0.008324191313915702,-0.00047048980521425274,-0.005557325358651646,0.004173163014790738,0.006988148310607047,0.004120994453288847
2023-01-12,-0.0035687474124162337,0.004325143366136639,-0.003556584305496645,0.0012812710417073423,-0.0008519312966154323,-0.0014309474110789104,-0.0012522284112919143,-0.006863657948826267,0.0004704898052142713,-0.003111464658093009,0.007962827608491527,-0.0030972084391532825,-0.004755144298537612
2023-01-13,0.00684402962767234,0.007404516806229129,-0.00024453506027754775,0.00492153873872746,-0.00020918425308869053,0.0057090309352594995,0.01261967451665313,0.006320594200612229,0.002935825061918518,0.003207048676517873,0.005975176447594937,0.01337189427257404,0.007392799540945672
2023-01-16,-0.0048190797855021264,0.011371582524723301,0.0011629621617932605,-0.006536118940707116,-0.0007422094283455237,-0.007533817211701305,-0.013268488933891135,0.006334626990310033,-0.0014081347466573231,-0.005501402793810302,-0.013706699398269911,0.015544579089884453,-0.005268287921663904
2023-01-17,0.0015994771047573803,0.0079421480964257,0.011957100093912976,0.005713582180142329,-0.0009009531773465185,0.005281536374126438,0.002099796317748274,0.011620101671643126,0.011674193155589525,0.01068749119855381,-0.008595055697365893,-0.018551489520455742,0.001302246977605916
2023-01-18,0.00526488848112625,0.004053093882504853,0.00392947213318357,-0.00033152038506482353,0.00681574587676407,0.00799035242114122,0.01639533725945932,-0.002226037617815483,0.00034818547276636494,0.00678498230116234,0.0024595800358090656,-0.012545900982965272,0.005390844242372261
2023-01-19,-0.003046428426166788,0.000491098446889644,-0.00865704550223738,-0.0042688360024870494,-0.0027876736469783906,-0.0007361752083498312,-0.0055906224987136545,-0.004178498709854576,-0.000928669629278784,-0.000226723591431639,-0.010005411106862018,0.0032695946510489793,-0.004591768826066009
2023-01-20,0.00419515792750505,-0.0034718002064223594,-0.009667313953176711,-0.005602108106620098,-0.007318568903104007,0.0017435003905011772,-0.009076614321496933,-0.001068843713802378,-0.007226081759952033,-0.0067674862776978175,-0.013701147410411937,0.00046106807528994515,0.003729214248125893
2023-01-23,0.007370393190682036,0.018665090715349417,0.008218982537224032,0.00826640845732764,0.008845107263873277,0.006112600753674538,-0.004034416195319439,9.17667033979018e-05,-0.00633659047800008,-0.003611026540127503,0.0014288104126801598,0.004376185556428028,0.005822164532053068
2023-01-24,-0.0020525070598243584,0.007645378412057484,0.001409996141542523,0.012718584703083574,-0.009845141952768305,0.00013235391456017882,-0.008928994501582075,-0.006725562019674739,-0.01017516523988177,-0.0063579261092591485,0.004089985251525066,-0.013723125980323301,-0.0018025399149568663
2023-01-25,-0.025737060707118495,-0.009045667319260523,-0.0009074327577764835,-0.00028545557335590285,-0.012283474081495922,-0.02148101770155484,-0.0020564617599737912,-0.01991599843948606,-0.01848351251192223,-0.015537356453591054,-0.01272045772848386,-0.03645332507855033,-0.023275702135720482
2023-01-27,-0.031769980432315596,-0.009277764261954523,0.0045623191044241035,0.010177886841062725,0.0054473269508368794,-0.02506750572265034,-0.04805761005569197,-0.03351050192364347,-0.012678488212001206,-0.020641073729014966,-0.007253902445760106,-0.05293372154755901,-0.027309639689650018
2023-01-30,0.001044147296588813,0.010972153684395523,-0.006003983337307073,-0.0009822148557260561,-0.0019245970057653564,0.003344237880464145,-0.0027584432055544174,-0.030892297119938905,-0.0013504091456411843,-0.0016147879859670653,-0.0034984831671948575,0.005493850797855543,0.0007801087162817965
2023-01-31,0.0066040049374642635,-0.011849351300888728,0.005335019659677386,0.018715982900882198,-0.009962146046325062,0.00020726104602847368,0.015070320220848393,0.011826709632279293,0.01111730431494416,0.009768320154018576,0.023393828020172674,0.04191141653023287,0.0041400010578453664
2023-02-01,-0.0035001684753262117,0.009300833545792824,0.011215265497214655,-0.008823839560880174,-0.00036010571234130866,-0.000563807362115856,-0.046087988017995955,-0.013190969396132901,-0.009398849991121935,-0.010307097808335029,-0.027391619591967387,-0.05293372154755901,-0.0009217158213674176
2023-02-02,0.0038506170155740214,0.018107286836171216,0.02250483520631534,0.0004845092066145003,-0.004014262147627943,-0.0034702710400834305,-0.044499530048677925,-0.022852642467057222,0.0037945764848271992,-0.002428440122163377,0.004967854620385689,-0.0016552897322336612,0.006755744548673872
2023-02-03,0.020212652192550938,0.0010104045182016952,0.0012095022869576554,0.012387729796429266,-0.009938483269420607,0.023335433661690934,-0.0010584116843113495,-0.010353297644500456,-0.008219407443385717,0.008984412351760142,-0.0043996586174505255,0.030271574377566633,0.01629604274728551
2023-02-06,-0.0030178427871482417,-0.006115560888153276,0.005554007994814855,-0.0013314189809206678,0.0006973587021642511,-0.004131039573245539,-0.02219491621123548,-0.007108284467606595,0.005160365596303091,0.0026242705988673122,0.007787422320758517,0.002465674813529303,-0.0012604734132721125
2023-02-07,0.0028069756545937956,-0.003306900785465362,-0.011634896970507224,-0.010088069917903272,-0.00013936875906825276,0.0013082721541804315,-0.0026106053010446773,-0.004081213641084082,0.00878484438448786,-0.00010875645981591915,-0.005139903783613529,-0.002041472689107749,0.0019019024244553212
2023-02-08,0.0011248949155502636,0.01517106805215057,0.0002949862096561139,0.002363731239436992,0.0135161485833198,0.004896696971428802,0.03713186940028658,0.007711497366683125,0.00012144012883131549,0.004884098830830203,0.005569233305328257,0.004283583032929748,0.0015476650756610446
2023-02-09,0.0004008172664021137,0.007020159252950759,-0.002194848499824116,-0.0052561646015936705,-0.004444472001237531,0.001397466965269946,-0.01593335010480262,-0.002665397934982423,-0.005847242666236614,-0.003095466847198843,0.006018555340307955,-0.0008705979280440068,0.0006377296233434443
2023-02-10,0.00012266705258719035,-0.003900695054138482,-0.004018209449432023,0.003572677228051149,0.001989484811386278,0.00023757359407419886,-0.01838001596623501,-0.007759015588124318,0.013470230675411796,0.002159962437022039,0.003939226547766218,0.004077686624271656,-3.5286022621952035e-05
2023-02-13,-0.006692296169184863,-0.018985209067421654,0.00044610233001488644,-0.006116126070835102,-0.004789612903404671,-0.004723227048425259,-0.011996658545803542,-0.0030010426241046267,-0.016896972214967863,-0.0024562060756639836,-0.02485131821102731,-0.02551735622083117,-0.007826506743992021
2023-02-14,0.008830394096052312,0.009826211400693213,0.010243276986463287,-0.0036403823587502723,-0.0015744086026690063,0.00900757384571351,0.01013299980686191,0.0006691872764861198,-0.018560294947596277,0.002357680997921149,-0.0015535045196955761,0.010311139812712668,0.007694724495494988
2023-02-15,0.0019836852638390827,0.01123491003495676,-0.003873560293820649,0.009767871422001473,-0.0009556680769720217,0.0022157981561020212,0.004639662889057606,0.003374979392959988,0.0129049606523199,0.008603973669931436,0.004191548715032846,0.004767961798194294,0.0017864955785341528
2023-02-16,-0.002391948012101028,0.016049933310192534,-0.000895613100421918,-0.002204918635462026,0.005013114013960724,-0.0026406337750618297,0.012205757907174328,0.0035062835688906466,0.013227441882516355,0.00394847019642613,0.001790956913909976,-0.0020000393519298,-0.0015723812139964593
2023-02-17,-0.012073197394344896,-0.012162154364935526,-0.0030839458973242425,-0.005014030076931719,-0.011822971493365947,-0.008303304440225184,-0.00909292482169203,0.0018508577037167323,-0.017923431578715437,0.004427067725442602,-0.007674955817503986,-0.015647311607748307,-0.013150445394615412
2023-02-20,-0.010510487932183336,0.005379188723796175,-0.0025483655971489313,0.002842257612674566,-0.008149706769198987,-0.009897350027644913,-0.007735126654630119,-0.009846101581992025,-0.006960843004819381,-0.0017937224540268775,-0.006056183197386239,-0.011188164028460752,-0.009562456824605646
2023-02-21,-0.0006905696715553978,-0.008850029810519494,0.001114733672062565,-0.002176573597792116,-0.0029823938336344356,0.0005421573458828714,-0.0032676016610792644,0.004034683696419699,-0.012046872627049978,0.001725891488200064,-0.008668380877847008,-0.01803324684835061,-0.0007366326986525149
2023-02-22,-0.016802361957983385,-0.011016220802495721,-0.0030582766844103673,-0.01215070047528802,-0.0023031110951310177,-0.01774446553979316,-0.0267913119741713,-0.019096569119188368,-0.016804916378102674,-0.018696722357909323,-0.019486003333355036,-0.01931427005637036,-0.016894773065895485
2023-02-23,0.0001413130997201531,-0.0003201886159745135,0.0025785409630115223,-0.0005929567368346256,-0.0019740711672423606,-0.001626090580981235,0.00348087224660971,-0.005244889734635289,-0.018006865443650107,-0.005126065749901783,-0.017856626207922683,0.005315863954096465,5.1467823103221554e-05
2023-02-24,-0.0023063769233209095,-0.002732631060418264,-0.0034674853678684737,-0.008753981120056195,0.002336800611330128,-0.0026833498163384675,-0.030430864238857266,0.0066219550545293035,-0.005373858558289121,0.0021011311625641874,-0.0034886217470604347,-0.008861657472332791,-0.001639757650402785
2023-02-27,0.009915824889584705,-0.019714713046463543,-0.00733855909061555,-0.015173856311871257,-0.007841487166517851,0.007656463842975672,-0.024142823952807202,-0.0021005102113307254,0.02158166878514253,-0.003709698093705331,-0.039680602033462374,0.007271230092666573,0.008531787628430371
2023-02-28,-0.0009444676364334722,-0.008567911168326644,-0.002229372883734652,0.004447583077498686,-0.01314209372212843,-0.0006529401149671126,-0.008438212176665088,-0.010020062396902238,0.011381955824916173,-0.0029158553111356777,0.024313651012049277,0.003944008067187109,0.0014096490364410882
2023-03-01,0.010599395254098525,0.014517940629708462,0.00271327927753787,0.009186534444217128,0.001488620883487644,0.0061319416481839676,0.03882575197039373,0.008832175030477823,0.011505247899536249,0.006892850514031351,0.019057006263202697,0.029319754200350736,0.010093620158926281
2023-03-02,-0.007605301292503008,-0.012716029058629202,-0.005138259182594656,-0.00863688109615376,-0.0002975469501058236,-0.00850841535108537,-0.0007944622239288392,0.0011628270935685149,0.02040636216084138,-0.0004158156371495469,-0.005308697506149223,-0.00011944628656316376,-0.007553999842914803
2023-03-03,0.0211065802103458,0.0033460146781008455,0.012819062340848045,0.0037804859156039742,0.001758509033470695,0.017539144580839088,0.03492778327487613,0.016695394773703437,0.014793319970788655,0.01614779787824142,0.012648207992350228,0.0525912920637569,0.01630342295898641
2023-03-06,0.0023981797593974796,0.012090765924094879,0.0031244150180854023,0.009530549673150947,0.002212880737971855,0.005735159882909595,0.002053308318185953,0.019114492636860946,-0.0052320953584150285,0.0061872632487988905,5.711421935361193e-05,-0.0022568554246063513,0.0021118090686981644
2023-03-08,0.005467515353767443,-0.0037845195430216403,0.00372282237383429,0.008484759143659305,-0.004902792358846091,0.0012865436215678016,-5.2788092531735593e-05,0.008302989925003708,-0.0068552559601466195,0.0073803923775003204,0.005383910398980816,0.006918353696318248,0.0067602358739111065
2023-03-09,-0.0077348367512473344,-0.010814707196854406,-0.010146017052890373,-0.0184728770490561,-0.004242977071275426,-0.007514584127817979,0.0006160887362624461,-0.009023544167468572,-0.011737949418327892,-0.006480178775922476,-0.008187049700952584,-0.01139669717882101,-0.008047697673208553
2023-03-10,-0.018872104750247132,-0.0066404949422513414,0.0016402811307823575,-0.0031031562382354354,-0.0014069407628505741,-0.01811661275489982,-0.008313872462046437,0.0006434536647231522,-0.01036924523887197,-0.005549228785155213,-0.010191509644346392,-0.022153022761164695,-0.018616289643550322
2023-03-13,-0.023005344180082023,-0.00947084656198076,-0.008442965123168516,-0.022669765766283975,-0.007439531820349985,-0.016464228045823624,-0.008992203758681431,-0.005970162864201161,-0.020041243978223374,-0.014029011969044878,-0.025467740428241303,-0.02908020153934288,-0.02474984946664487
2023-03-14,-0.003882211918281571,-0.016616632592275065,-0.005323001323768921,-0.00890677609707853,5.178514118726424e-05,-0.00507380834504276,-0.012231504023324298,-0.007043275256003363,-0.010173321323180152,-0.002766253492890185,0.0015719921207456731,-0.019159868692211555,-0.004079447250861988
2023-03-15,-0.009173787068851075,-0.002372098379007747,-0.005620100486531565,-0.005160882527411203,0.003099189322406456,-0.007723923800327238,0.017811003846083515,-0.00042866989517292446,-0.00857924889171532,-0.00010879196581096797,-0.012315478144195478,-0.012181252284766252,-0.008536518338408346
2023-03-16,0.002074631286112104,-0.006962703123826234,0.011334487864464619,0.001862812870539595,0.009346801773347702,0.0030480839911248675,-0.026110201957429427,0.010114498920975344,0.011035490116331995,0.002914546516033937,0.04080160689584248,0.005643733499604148,-0.0007180405832144822
2023-03-17,0.011825257644343444,0.01175503274974279,-0.002513617396146823,-0.004802302747035747,-0.0057260330631909405,0.011811620098103416,0.023632300996591738,0.0016629906626943398,0.029890937592885365,0.004341181753614856,-0.00879505230830676,0.008304447802853146,0.011265260535007279
2023-03-20,-0.0059815829784177765,-0.014363900851020645,0.00787712914644877,-0.009373408402854428,-0.0011011902275790935,-0.00690783083570491,-0.023796777873704576,-0.003240195941048097,-0.010075651988741587,-0.00653372948688412,0.0012197106530706574,-0.0175072697176283,-0.005327427017776657
2023-03-21,0.013443869617920134,-0.009825566529017457,-0.006649622846628416,0.0008445372199302743,-0.002536786484298835,0.014540745895463126,0.004313576639896986,0.009132173035122013,-0.0007597513049551486,0.008437558274639746,0.012230776097271424,0.016338714523587886,0.014273787513357875
2023-03-22,0.002612259953760924,0.001871150193779253,0.004356710927688098,0.004880154492333561,0.010342820709405625,0.0031762314603654648,-0.00039135918886326095,0.001878189322037944,-0.0010140036713258067,0.000784013965594616,-0.003216253930467424,0.008299629060163126,0.003806355540390195
2023-03-23,-0.009599967906075497,-0.007768158795941574,0.003495346566280308,0.00035650240552559886,0.002222121432437456,-0.006565507296672771,0.0010008917692868745,-0.0006132618053450873,-0.010837105186587004,-0.003336312811874538,-0.0007480732055603047,-0.01760133305635328,-0.008549890393365117
2023-03-24,-0.005607926761122729,-0.0022740591773224377,-0.00459327890421072,-0.007590761636204933,-0.0021668757763832086,-0.006963588254470069,-0.022989342663884946,-0.009171360411737809,-0.02360673977557837,-0.012382363430264847,-0.024122137669975785,-0.021625892641475956,-0.0058115313928313135
2023-03-27,0.0009121082825016095,0.00046881095702420506,0.002836629860583998,-0.00648496226761043,0.010779345745032858,-0.00041712394700573705,-9.269653118783892e-06,-0.004380866620418038,-0.011617356833403814,-0.0009359210783739426,-0.010851010013928039,0.002590838360402512,-0.001711308852296018
2023-03-28,0.0034582070130840335,-0.008838956563517835,-0.003186224916542118,-0.009781664472536852,-0.0008039926943274709,0.002743638432569849,-0.00795102703815776,-0.005598751949027412,-0.012156953856125025,-0.007639138179723291,-0.01698548278440945,-0.002114125800554415,0.003407234731580527
2023-03-29,0.008612494367662786,0.01107450876290064,0.008343489278527667,0.016918536132761893,0.005819690348031413,0.007298768940015883,0.024077969762685784,-0.000705905184685047,0.024299128147714483,0.0064231555249345575,0.026154321778324163,0.031687335771362596,0.008150042286462393
2023-03-31,0.017350421265369773,0.024240299395413473,0.010583001916923787,0.010055450964549885,0.006222992157817094,0.014774649828574092,0.006798928997262944,0.01953692845363696,0.016135710414157893,0.015320283935536048,0.0043030669747430245,0.0091777734625756,0.01903973500823379
2023-04-03,0.005020842726372889,-0.0022884286658737866,-0.003632547392411858,0.014759278202492572,0.004226735844234015,0.005855382992923741,-0.00357167785288716,-0.000374781355174357,0.008995177447325408,0.0029126182112657116,0.00679994169220373,0.010533272300969463,0.007542482723769321
2023-04-05,0.004549394320132018,0.011949388095542949,0.013524697255929658,-0.0055036125563131056,0.009393912739249043,0.011353049442387367,0.0033623970107361056,-0.004306392776202115,0.00510400487598999,0.00706499864900753,0.006667025189327487,-0.007966691609728627,0.0026728966254784734
2023-04-06,0.0010202703658523248,-0.007365533565106576,-0.005452603024527673,0.00899826579354529,0.007564580273917212,0.004886759199667383,0.005769090644313716,0.004751371148751265,0.02798700280281558,0.00432741913392155,0.005584600060622514,0.003295968499170325,-2.437916350443436e-06
2023-04-10,-0.005040619606688802,0.009585518065807885,-0.004336077396164175,0.011751694307019745,0.001985943900640847,-0.003877651913583253,0.007595742543163169,0.010637447058890437,0.042048978742831235,0.008378372704267925,0.0012111634791307758,-0.006306629423647278,-0.005094610813936592
2023-04-11,0.012940427094768902,-0.012677453546204125,0.007812001744039612,0.009882236175826621,0.00010163118053353001,0.010700782219281668,0.017440491889236544,0.010231431168346643,-0.0028520808567461284,0.0032495166351964003,0.006033980812272354,0.01598412870884753,0.01144031038744988
2023-04-12,0.004617445414658967,0.010566182774492535,-0.003401036916187864,0.009385260068830515,0.022047848826240512,0.006087343498345,0.004804705763061275,-0.002755178949534413,0.0007138194649243975,-0.0005552846789883363,-0.005774661642531518,-0.006405703891708774,0.004884942576916641
2023-04-13,0.01373179970220625,-0.02224494340661777,0.0021521403300659727,0.004379241510280913,-0.007607861870781568,0.00810786073237431,0.0025426121042871406,-0.0007513321486946392,0.011234079864549266,-0.0022814896593514704,-0.0074323841865261316,0.014427781705909352,0.010591740344660434
2023-04-17,0.003080749958529263,-0.035702920029090535,0.010261651247867907,0.005981155841862062,-0.006052527770513419,-0.001435757570271406,0.004272816830476797,0.006359038853911956,0.009829196053915704,-4.798671818541338e-05,-0.0038972512910141364,0.030835746158272438,0.0036149771879814803
2023-04-18,6.26643321482048e-05,0.005860637541806933,-0.003266295777157726,0.0006883683748576827,0.0162932246707848,-0.003333193193777228,0.0025253638187137262,-0.006522768594194717,0.010309995077136468,-0.0046945997337075095,-0.003327638554186207,0.007527889529904526,0.0013867491017987622
2023-04-19,-0.002634454818158824,-0.017807744038076015,-0.0024721411501335954,-0.00019608113405978573,0.0014227755513084174,0.00021585028025703718,0.0053171836799006935,-0.002262144803796628,0.001612118484507092,-0.0014185067200567834,-0.017252230739937324,-0.008471261367430196,-0.00280123801754427
2023-04-20,0.0027362066737507567,-0.001886515544833204,-0.0035693369609724993,0.0022892208821290584,-0.011154774225317876,0.0011528752719383957,-0.0039352558177476625,0.0011155381187594247,-0.00426630935012527,0.002796449422372082,0.00199104130133506,-0.0010719357852547742,0.003121321068456938
2023-04-21,-0.0035905830310196166,0.006919287369105775,0.008902831984863429,-0.010304290485290222,0.00483401524606494,-0.0019470883954653161,-0.013826425642131634,8.592441061116203e-06,-0.02149116135003368,-0.0043136773533918316,0.0132417543940032,-0.008462673918733654,-0.0037729350723143384
2023-04-24,0.012217900462657947,0.007116148269010399,0.005840066431523862,-0.00041876317056065474,-0.0073120346947473935,0.012674084125029407,0.004463491576853251,0.0009463171026553903,0.010569681489687642,0.004621791364782377,-0.013182322803515148,0.025728476260575988,0.010963297520625642
2023-04-25,0.0010021773285946375,-0.0010314775887467589,0.002315036818577761,0.0008683029448586577,0.00018064345813237633,-0.0016387712381693812,0.006109365359905452,0.007655652341747523,0.004894558398815903,0.006247253966599272,-0.007180051195981582,0.013004315439814592,0.0011544100369864213
2023-04-26,0.0035411397821429047,0.0029305495676764785,0.007108262503548929,0.005271056387920321,0.00010034337826007231,0.0021678161332743962,-0.004374964605415294,-0.0008534142558872534,0.013509831894200228,0.003809820408672609,0.0019416031788476648,0.005213842987667813,0.004576614134291679
2023-04-27,0.0039834989455577,0.01066708632214399,-0.0005773560338613321,0.007606219571481039,0.004924501241811383,0.004942268274685421,0.007072494956795515,0.0033262377234697838,0.015138855532275583,0.006194459526514709,0.005268090014642858,0.002596792748724791,0.0060239068429902235
2023-04-28,0.005404954321621839,0.012819903499545583,0.009539482949185893,0.00894488067254503,0.007527943678147527,0.0034187645131308355,0.007902630937028927,0.012332139424892006,0.005632548327404139,0.014499157753641485,0.017945880789170775,0.024200826178242603,0.0033640015247190726
2023-05-02,0.0027303074037265326,0.011368598887592854,-0.0013373687193228847,0.0070942402698079806,-0.0018766991730671371,0.0023716084436266817,0.014142393045460255,0.01307631149724031,-0.0003370459970081665,0.005771000783606559,0.004799380999189116,0.003939346025911056,0.0030908400091829106
2023-05-03,-0.0009093044952446459,-0.010086379358015247,0.007728127403248917,-0.0003426567371899531,-0.0002780304385214054,-0.0013441303980142468,-0.009866604334529414,-0.0060815456161582016,0.0028053656187046524,-0.004390396049020731,0.002781832468034069,-0.009823167122428393,0.0006124354103660933
2023-05-04,0.008569200325486675,0.005013739305368407,-0.0013162445494497002,0.001050025828905492,0.005376137174001901,0.015369537775274927,0.012082746788686437,0.005892363263911039,0.0004480880381620941,0.006050308600339828,0.005799417168211602,0.01226992156379146,0.00615621546621676
2023-05-05,-0.02372525310222511,-0.005871986520977913,0.0026764810483180545,0.003998000755293346,-0.003665505529126638,-0.023661475441142672,-0.015040319568886766,-0.003986339266714372,-0.003028789417859996,0.0018052134222784498,-0.017588059002577025,-0.00976295323302012,-0.028621881597916916
2023-05-08,0.014493227979497045,0.007224932737892661,0.007284648325680503,0.017709319433503023,0.004332959711561705,0.014616263104843073,0.006625115177323588,0.00760877567924696,0.01626962198816449,0.00885835277020768,-0.005991074461571601,-0.00931229269727907,0.016820924738148304
2023-05-09,-0.0019854176209196744,0.007299363021847742,-0.0034950388751073583,0.004718592078366906,0.004223884037030397,-0.0015163831180979347,-0.001506493704563228,-0.0012669117626450612,-0.008547548465804876,9.167163227770041e-05,-0.0023001498455800123,-0.027918886799735164,0.0014478366827827744
2023-05-10,0.0030718520328054146,-0.001200699217934734,0.0056539283719222715,0.007470986493680092,1.574258523313575e-05,0.0032348217951010693,-0.002530246312439779,0.007023244131439441,0.008547548465804787,0.004764469194136368,0.013489544653774565,-0.010677017804906982,0.00520705683801168
2023-05-11,0.0033234925827626636,0.00036480925774396133,0.0045462530277312835,0.0038396824028052896,-0.012649602947189269,0.0033222462792783423,-0.0042687799434422665,0.0019574089443230823,0.004741683652877808,-0.006911826799808156,0.002443751317813896,0.0020941482062437106,0.0035862426098854463
2023-05-12,0.0072935853999033864,-0.002622452398097255,0.0017532968252381527,0.007703656273177204,-0.005618151787623863,0.005430702387375759,-0.018523867531706366,-0.011427735665296541,-0.003526576531884807,-0.006247871492022173,-0.01127944230326153,0.0020897105074238124,0.006150588740042357
2023-05-15,0.00634040053149548,0.00487599235253357,0.011290309217723936,0.006973908220925407,5.607371607039236e-05,0.00389093087317112,0.0019047545618767242,0.0,0.04226060998070684,0.005163300579045167,0.02041961446252655,0.011229786940517105,0.007687332475538972
2023-05-16,-0.0038283834403819313,0.0017949047951660907,-0.0020310698561064634,-0.00933460950344776,-0.0026381638280729676,-0.007390658548477124,-0.003214668189032483,-0.000515870757050814,-0.0007411065856764431,-0.004655008466565585,-0.013887745101201375,0.007161892292460023,-0.005851589395813958
2023-05-17,-0.0046802456978711085,-0.009724289244236331,0.0005645165838533268,0.0008787360693842813,-0.004502488851274744,-0.0071063359670896584,-0.00894292897475237,-0.005284934567213921,-0.0134345092370323,-0.0026736823082200204,-0.02109565051157186,-0.0034382328951395825,-0.0045732440323185955
2023-05-18,0.0012258652093733874,-0.0018052476000764873,-0.01107987194988853,-0.008836702238294669,-0.01275998132719331,0.0032277400255495206,-0.0055543683342526564,-0.008782805144779216,-0.024008513845415132,-0.009148364797114731,-0.008353938049478721,-0.019175228252464774,0.003201214741948054
2023-05-19,0.004949701189467548,0.014631129309400531,-0.00030790169237171244,0.006937796432345074,-0.009611953969286924,0.0029109598041546217,0.0029234140755857877,0.0013159925869245732,0.008648610817127337,0.002511814712938103,0.0021925698214522974,0.003127127911970358,0.004504921495994221
2023-05-22,-0.0019190115672923713,0.02455676398123661,0.0036353835996895244,0.001942073605309024,0.009844792192085103,-0.00175228880126835,0.03144219630587921,0.007343330882774531,0.007060258326400306,0.007340334932690883,-0.0009305271823946942,0.005023179869297845,-0.0025868360520241744
2023-05-23,0.0015789623248502675,-0.004616430254139537,0.00135581295942162,0.006608518309811896,0.005700712461630963,0.0005982654107897782,0.02557783289496642,0.005435402846535492,-0.0007579581253486429,-0.0007872010779045153,0.011138946807183385,0.004062835643982484,0.0022058520845471613
2023-05-24,-0.006312708266810048,0.0005921132529371987,0.004802273721587309,0.0005004969463704294,0.010200192095998518,-0.00801233961368986,-0.015683023870743433,0.002361107483323444,-0.00010836442815692069,-0.003192229286590225,0.005508470260541374,-0.00512815216200866,-0.006115566833913206
2023-05-25,8.12020479102275e-05,0.0013126779328617142,0.006095224261873852,0.002848087065794287,0.0012090164386294596,-0.0001922555921186669,0.0029673193457488392,-0.0005627757500207702,0.011096315123571825,0.006697487460888489,-0.0005612793161004329,-0.004537162383687825,0.0008543429529061954
2023-05-26,0.007676294737785179,0.014657651213158257,0.01461368402823645,0.007169801584606943,0.011657514336883624,0.006796187552509992,0.010645487618511877,0.00692195256630399,0.012456856496986173,0.008128277977541117,0.022181216948722927,0.01200797040679733,0.00774175444092483
2023-05-29,0.006654587569326416,-0.003949113439781075,0.004720097011916129,0.006289209968167016,0.001795815522805506,0.008338653985177904,0.009357352416882814,0.0009237236826465528,0.007694424078203497,0.002761819017875683,0.004901405406619844,0.005820415569852523,0.004045523963084155
2023-05-30,0.002804634605837507,0.0019628732761579316,0.005923998122713299,-0.0029404070597497485,-0.001545846515800847,0.0037482877394073135,-0.009163634893523545,-0.0017801522491296034,-0.0021021659503830943,-0.00031968579725594887,0.006821870450611183,-0.0002970139484536375,0.00582425700199741
2023-05-31,-0.00695999794844743,0.0007540290178276606,0.0022663702707554473,0.0014906795386179954,0.005830013119780262,-0.008209694732941506,-0.007863670227318171,-0.014247412710190544,0.007547154452133118,-0.0024604666288522373,0.003137302257609593,-0.0024166126204152425,-0.005011758250741253
2023-06-01,-0.007687835184272107,0.004305217145581508,-0.0008584879372932967,0.004076474579603359,0.010544867122794115,-0.006348007049349388,-0.000993627595180034,-0.0021068814053459713,0.010801958527866634,-0.002393022752150096,0.007037300686367209,0.0059134798875379885,-0.007123444071364385
2023-06-02,0.0033661407464229674,-0.004018748555009692,0.005664420711539649,0.009188185061693074,0.006829135619192041,0.0023519754160372117,0.012128288984867933,-0.0016635471480432361,0.01405368785648267,0.00469815869428324,0.009147907014115652,0.009721649030577071,0.0020596223670535673
2023-06-05,0.00372099032800276,-0.0030529346598871156,-0.004499404633045222,0.012545579371345799,0.002624368444050457,0.0036231300042972943,0.0033355829259935775,0.004865026509981561,0.0034573589452392283,0.0042578070395,0.008731744377582819,-0.004358170879052609,0.006786804439246363
2023-06-06,0.0014252874816249176,-0.018979340215880245,-0.0003917850680528757,0.010870506962257626,0.0060430430819614165,0.0021147153987238266,-0.0014149645404247096,-0.001440199436693062,0.011807001708670432,0.004756027888753482,-0.0014453545240737894,-0.0019526219544285038,0.0022210769362681045
2023-06-07,0.002504528353107374,0.007799960121861341,0.011125536195031623,0.0060882347808265775,0.0025135716500822407,0.0029960344956382018,0.015018710801046853,0.010745527021582553,0.01572639963856602,0.011048870307495018,0.004523647397004417,0.0072143108588419115,0.001198367698576283
2023-06-08,-0.006345303578787254,-0.011220037292899335,-0.009068389064831825,-0.008637392390526138,-0.010348035572608062,-0.00522138135139916,0.0016412087610250185,0.003717394841282783,-0.01602739577268607,-0.002214333446197606,-0.015318566567103918,-0.0029577868680435004,-0.007666601730905076
2023-06-09,-0.00014207088224336455,-0.008279755807085369,-0.009205643970738718,-0.00450236110866142,-0.0039033904251800995,-0.0012638352737913412,-0.004683246337731922,-0.001880768155596122,0.00040134886578997985,0.0005921481402026966,-0.008329263937517848,-0.012192118957941834,0.002303897999460463
2023-06-12,-0.001018973164275824,0.015003966092398449,0.0017291302532321904,0.003266204608664916,-0.0003888463426239913,-0.0006209894423018695,0.006099519528187338,0.004110400489147396,0.01404473050183191,0.0025173123260609108,0.011277255122839527,0.004771402636499211,-0.0003494644529833556
2023-06-13,0.003082167883316617,0.003997723197104247,0.013698364851284277,-0.001060256848189253,0.010653970154202745,0.003563277608461937,0.008415374027825369,0.005348404668172098,0.029626045151828567,0.006421369701238824,0.017645473461409905,0.0020572355970128442,0.004478303446344177
2023-06-14,-0.0020859279334045733,-0.0015323523669293151,0.005912977642479231,0.0016632286731849753,-0.0013053399213169457,-0.002607496352636112,0.01411419890446853,0.009763990158182785,0.0027808660700005786,0.006795502103199071,-0.0056626074933748905,0.0003322397289781734,-0.0036571383089840878
2023-06-15,-0.012453288362431057,-0.0054227690853903485,0.0053663381989906625,0.001711395014241992,0.014064355178755516,-0.009814586001155149,-0.0018844238043550354,-0.00021310299686171617,-0.007593657997743774,0.001032569196674542,-0.010078303219562877,-0.020068144670218405,-0.012087560330720849
2023-06-16,0.011319346554957662,-0.0038472188902194293,0.007536883798799899,0.004111823513851162,0.006162347498755152,0.011800408371005069,0.004575999196496857,0.004043264854175165,-0.0021250594958627063,0.005910012693613826,0.010742875235659357,0.0144549000479325,0.012785880590132807
2023-06-19,-0.0069519941648089716,0.004171246712632312,-0.0060508103706882425,-0.006231946227140046,0.0017127960855242072,-0.001594535678776898,-0.004503425383505386,-0.007876716997282963,-0.0072784060020941056,-0.007233990114607195,-0.00895369322531104,0.009554499142874411,-0.00897447003421034
2023-06-20,0.003037751083869339,0.007720491789834617,0.0007833584421846098,0.007395926650395241,-0.0019469722414212254,0.003955945154863192,0.006931655514790443,0.004874197538429534,0.004858152031896301,0.0033683003500614896,-0.012252809883803143,0.0025088894514261753,0.0037567860205238797
2023-06-21,0.002115800596355233,0.0032748189525257715,-0.004427510497166061,-0.0005378413032743679,0.0006683079776097546,0.006798837572321152,-0.009473773296588196,0.008337312898013208,-0.0033008790590337866,0.0051625987549813145,0.005442327056495417,0.0043784382334188165,0.0007103796038911847
2023-06-22,-0.003067859054753736,-0.007419138964237513,-0.007274971869074512,-0.0051289867753901534,-0.006121689676740623,-0.002120790624069329,0.0005170486938533733,-0.010411712841743668,-0.008006362963998719,-0.006545589737454165,0.00042174519939257543,-0.016800652354969647,-0.004189013824365973
2023-06-23,-0.0023344200920940887,-0.008954913472599805,-0.005329585714277382,-0.010385561504251387,0.001476119498175596,-0.004055236644131564,-0.02514821915820534,-0.01126700152433762,-0.006195002758082306,-0.009191907500133994,-0.02150924727845808,-0.011914486574869878,-0.00019964821157991892
2023-06-26,0.00041603306232032886,0.0012529253107368093,0.006825799259551962,0.011456263658598916,0.015225172398754639,0.0003432258116287035,0.007574089859449085,-0.004347260909259337,0.003249781630567606,-0.0019502123881829606,0.0008900015390461866,-0.0018427884209842884,0.0004507506396988176
2023-06-27,0.010948952922037057,0.007320118633332776,-0.0007051665050405822,0.0008184517949722991,0.002856617053223735,0.013571732279507507,0.007296849473595547,0.0023994000050155772,0.012312033614996453,0.004526800591017313,0.0063503033897930345,0.010186603345927664,0.01102058551772167
2023-06-28,0.004664845364139417,0.0014867201732484939,0.005697013727167297,0.007483817781909237,0.014481002822405978,0.005375042182131143,0.01351863234456372,0.011040385685259776,0.004650767942651782,0.01125874242217433,-0.006752170877244467,0.0004098190120426308,0.004806531774182603
2023-06-30,0.009420222650310686,0.0246562502301459,0.005790330772479715,0.0204821443136672,0.010569552856587828,0.008137077910788963,-0.0003139586981792233,0.0057684644621160165,0.005302494949820584,0.00700345033186957,0.0012050482917151917,0.020363120967833406,0.01160348433841536
2023-07-03,0.009137440357804626,-0.004685696695765009,0.010420706813411467,-0.0026971727170893036,-0.011212067128739856,0.009726880614823229,0.01062925308318986,0.013049958038163658,0.00747206143931559,0.008001016236696986,0.005119315092373481,0.03545694424623081,0.006151623630875909
2023-07-04,0.003169323194759028,0.010313695716851616,0.001388847325833744,-0.004764128464765584,0.004503593787017415,0.007851605498002193,-3.9838572863114435e-05,-0.0032305630857885036,-0.0018149924718760737,-0.005486240195664226,0.008182110088661768,0.0187152259263238,-0.0003187040198715887
2023-07-05,-0.003308860080453837,0.003760179193553351,0.01803950632202344,0.016285018100985017,0.007035276663500229,-0.008224484056279183,0.0027212444682118667,0.0037859599999017935,0.005625246475778143,0.003989839955713067,0.014800924796598416,0.010226420068523328,-0.0008395508138086689
2023-07-06,0.004157241576324144,-0.0012289089219858242,-0.00019621722173824197,0.011179322392545696,0.007206010922679039,0.0011822967713469585,0.005238751877246563,0.02135819882007969,0.0222826411291487,0.013755020533609276,0.016972490006849947,0.007284699586718741,0.0036460386855019728
2023-07-07,-0.00919297238740138,-0.00824555591108672,-0.015429298579773827,0.0029173329091772724,-0.007423867936721144,-0.009081499063573436,-0.007314837893281426,-0.009580338623844706,-0.011878688879217164,-0.010634923482144558,0.03836755165295599,0.00979194737589071,-0.011026323704574735
2023-07-10,-0.0014289210894276783,-0.012448394221213636,-0.007703985449545034,-0.006190509699293154,-0.0012499780292795281,-0.0014746645281245496,0.016716619766809077,0.006512143130220447,-0.008504255718096715,0.006056611434784205,-0.009541298183703383,-0.005757634009421624,-0.0011507495882520297
2023-07-11,-0.00258467004267641,0.004444702449486708,0.01226361655656371,0.013813598628208074,0.01038816779255784,-0.00439463770090881,-0.0025089787126249554,0.00871785510989109,-9.499184467407783e-05,0.010044777402486445,0.0018357888525903725,-0.001862565798795846,0.0005208470357211838
2023-07-12,-0.0023628618302310627,-0.007075317407203054,0.001786550918966786,-0.000163279717685636,0.002967784258550349,-0.0022685438482735435,-0.0009189345286693803,-0.0007584479680791521,0.0025591912678033365,-0.0010194979855890566,0.004693897605199276,0.008270321971211927,-0.002929346206918035
2023-07-13,0.0005733543819480937,0.017368300500070013,-0.0046948082498932025,-0.006115414375930511,-0.004325311454147152,0.004876661489993263,0.0025818518001547875,-0.014353127195430688,0.01017142587426758,-0.009050994631783221,-0.018963230749131983,-0.024123265532353243,0.00023696368811629227
2023-07-14,0.0034475335650226897,0.03479592568938993,0.007959010479371564,0.0036274658481902904,0.0049673086625478275,0.0014473949422439643,0.013970022439199346,-7.501507340056641e-05,0.011552229121992497,0.0022533074617061134,0.03863773992692678,0.007923686916778017,0.005611042427949428
2023-07-17,0.01396845240404614,0.0031006350344469527,0.00033485702235996954,-0.0031701125556289405,0.007718060511345495,0.012428369409175112,0.004795631299550386,0.007429174871509011,-0.00027785145801132767,0.004712979231333748,0.031032613282168657,0.02226583510740028,0.013177923073038632
2023-07-18,-0.000856222371578045,0.010560465416561865,-0.002452025692038181,-0.0008376127345256147,-0.0026041124212114863,-0.0019080672789900063,-0.00831063081045849,0.003572943164492171,-0.008560648853642359,-0.0002640561012259802,-0.01858061673663205,-0.012372473822077646,0.0004886464624120492
2023-07-19,0.005675219151024789,-0.0005611699859242106,0.003306305351482028,-4.1861288879899566e-05,0.005368201420404787,0.005647181303197709,0.00430294908427757,0.008086191184784382,0.0020538405437731735,0.007173723025670819,0.011235320215266362,0.01932071093708211,0.0038957432973452965
2023-07-20,0.011269857428611798,-0.006643327579258926,0.013408117524738349,0.004107390819160887,0.014543278630493059,0.010109484825068703,0.001651290591701273,0.007035450419452689,0.0002796650252724268,0.005054237794119703,0.0006331598765173817,0.007185705548367151,0.01148053453248072
2023-07-21,-0.0024213469270947235,-0.035702920029090535,-0.010047598435042548,0.0008566407062954713,-0.0017533872846210413,-0.002434362624542441,-0.00664477863063756,-0.006168290336888313,-0.00037301793394367534,-0.0005556162270398885,0.004698189408826004,0.002456911845945257,-0.0018664359145517586
2023-07-24,-0.003307640660877903,-0.0009244509948409124,-0.017390452436524897,0.001743161360473549,0.004058573956695409,-0.001537673242399428,-0.007283183410907682,-0.003612866866665244,0.001956765270294867,2.5247029229814784e-05,-0.0018412850681993455,0.0010401555696517915,-0.002333715208526903
2023-07-25,-0.0017010451765266657,-0.002761494279442466,-0.008673766405584586,0.009435057075951526,0.0035660605962146027,0.0013330594236322254,0.02898688246990094,0.012690047684926353,-0.0040106836676515045,0.0017836878877875296,0.015034109275357355,-0.014750386301951808,-0.0010772427605049203
2023-07-26,0.0047298059187539645,0.0013179645313699162,0.010445902816047774,-0.0001490450434100435,0.006590068106776276,0.000521107256738034,0.0032301095386826485,0.008210461894747166,0.011799227762419106,0.010735481111319552,0.009233550830983546,0.014870712765102802,0.006816684530090411
2023-07-27,-0.00835068908033899,-0.0018607787082419711,-0.006935948706734892,-0.012206851695569912,0.030044853445697205,-0.007805208512623933,-0.0035491472624995498,-0.007484110452023772,0.021020698169610625,-0.0014813792268959921,-0.0022448600623702123,0.004944565562857034,-0.010337679620196463
2023-07-28,-0.004634242804489082,-0.008601350398634494,0.008802161193198193,-0.002192203935277182,0.002851142858377846,-0.004083120847369214,0.008962158516647863,0.012792523791266976,0.01810416310514458,0.008211520772794488,0.01371080824886589,0.00296800124573891,-0.0033039361211758154
2023-07-31,0.004016721827411335,0.014749806674252706,-0.006196921779548678,0.010891081555272129,0.0019763573248577177,0.0021653497653974134,0.017524202561167674,0.015762084975999468,0.006727453454457353,0.01026453986864243,0.004350926792146539,0.003186447503806919,0.0042205547758678
2023-08-01,-0.0012845080543512574,0.01196356086242813,-0.002581430127223027,-0.0012325869285690436,0.0006100941563386449,-0.0007278601608146402,0.0017666175184478012,-0.002617636392394085,-0.017891772270690897,-0.006364951200582579,-0.0013591812496333152,-0.005240336201593778,0.00019645201059656882
2023-08-02,-0.013176317022579312,-0.00812342085113412,-0.0025259746654543885,-0.016698320983447906,-0.0038670940660060684,-0.012888206197831322,-0.020398168536367542,-0.016226690031268243,-0.015021524910075646,-0.013169419488221382,-0.015789222310412663,-0.02644300193469735,-0.012408133803717159
2023-08-03,-0.0107755391414209,-0.0024143815959790896,-0.005867000910328549,-0.0031874520636987155,0.010372018292392258,-0.011754698532139776,-0.004722103885504858,-0.004964422471814218,-0.01793893754213312,-0.003968143277230297,0.009038955627233052,-0.005870090844991624,-0.01009964529353745
2023-08-04,0.008189747187567145,0.015394125726673131,-0.00022481582606000402,-0.0033476049873342284,0.009347389683493195,0.007840203014168684,0.003130369340390541,0.0011510932095738298,0.0009278159458466068,0.006208433953798345,0.0012462821959510037,-0.0070241968299753306,0.012412482904966271
2023-08-07,-0.0009362774740161744,0.011211370584655761,0.00041972535692034237,0.004069108648192863,0.01551125247174511,0.0017019673771769145,-0.00011324985739742573,0.0005426674648288855,0.005825460726690925,0.003081480564766026,-0.0019801015224159874,-0.005969285024865514,0.000920592038247431
2023-08-08,0.0028273173226376906,0.0014836400022161592,-0.002848193837400235,-0.003074717932985941,0.006391341153627764,0.0032335869826018797,-0.011749264513477818,-0.003495378397598113,-0.0017533566788505081,-0.0037721611466152763,0.007338328637060999,0.03313637245022599,0.0019225830305719608
2023-08-09,-0.0018643193475417655,0.0037270847807387834,0.005412462341187772,0.009247584263678228,0.007568271866651359,-0.0021453705750145544,0.020125282703226652,0.005847323764752076,-0.012453601792125958,0.0033325421442843874,0.020817583275947703,-0.0010134647501801005,-0.0016101567526779236
2023-08-10,-0.007579749169349342,-0.002363834363302846,-0.009189490390332821,-0.0026769529176681197,-0.0074270490302265485,-0.00768747213359486,0.006782982299236796,0.003442802295599046,-0.0026220155148397625,-0.0019100933757933152,0.040947659324040875,-0.008123420728744144,-0.006451433204375744
2023-08-11,-0.0077236294273555234,-0.0015513893692203889,-0.007313729679625313,-0.0043279704827060925,-0.01455926531971204,-0.008697452126156087,-0.005137100769397461,-0.0019398536208216847,-0.003945844160904033,-0.0020303074029529742,-0.01844166956216003,0.012423891892161353,-0.009993407530767875
2023-08-14,-0.0024499339821140898,0.0067827781635085415,0.004908883144297417,-0.0032990427022049035,-0.0032679832179859643,-0.003360351537406416,-0.021595407973422746,0.0002976530497622542,-0.006611281804032033,-0.0012753043965549578,0.008621337412902563,-0.007115151171548109,-0.0004819266479763953
2023-08-16,-0.003283854295877549,0.005886786774070218,0.004080462331994104,0.006344218509990825,0.006083838794148088,-0.003384445656460733,-0.00949352624056245,0.006279639394157949,0.010932137134123976,0.0035300454858764505,0.011937631221488079,0.0011488400585609709,-0.004574533169292603
2023-08-17,-0.0012533764174591517,-0.004878595933067455,-0.008949410277801603,-0.0016707628565160557,-0.00262374773573055,-0.0019471316214053995,-0.0005553735127449678,-0.010407499739837083,0.0012176731144176675,-0.006252625622812444,-0.003970891773304606,0.014207557972765428,-0.001941130179265771
2023-08-18,-0.0009186159258807088,-0.014794853027773306,0.0021591453507422897,-0.0004871553472329699,-0.005677477653006654,-0.003420514874398182,0.002034838320432333,0.001341090975634742,-0.007328724756694264,-0.0005855780659214866,0.006527954491664398,0.002261512932044531,-0.002077411170376258
2023-08-21,0.003436405815228699,0.010839881351395098,0.006473736763325281,0.0023264362161089206,0.004041823068177102,0.004621961867677965,0.012959033627838429,0.006070397112190137,0.009853220766217662,0.005624119022267289,-0.0028910752062690464,-0.006395528038397543,0.005632847248131988
2023-08-22,-0.0001988743717153192,-0.0011383965896300185,0.0065931795480298405,0.005191508888099296,-0.0020074462264512145,-0.0010096299094622385,0.00847667960561257,0.0022553796900305046,0.002145354849240019,0.002609313224884004,0.005906686976157201,-0.004875786907637272,0.001817975935438669
2023-08-23,0.010982096306049152,0.0007019391245168557,-0.004870677319562654,-0.000632186130195133,-0.001314340154205596,0.009174313328410476,-0.0013348616195263641,-0.005743777888358721,0.004277177749132784,-0.00025727703447504915,0.006773937642249239,0.01703248155011569,0.012525729336856424
2023-08-24,0.00038546534485323823,0.006062628132446022,0.0028568534458137166,-0.0025066591986343863,-0.0058636888294377855,-0.0007148127693521381,-0.0034319690180766938,-0.0075711347260782776,0.002039069315358279,-0.005560733150379564,0.0018236194658931013,-0.006489104539652392,0.0
2023-08-25,-0.005967717850931622,-0.00637145855292166,-0.010236346777886672,-0.006209701530440954,-0.011115889611545355,-0.003368041684152126,-0.012726696100801963,-0.007274840213592487,-0.013141505518528215,-0.008610026554347913,-0.005282050920713818,-0.015244419535399524,-0.0041941475788031665
2023-08-28,0.005932865249995644,-0.004569805263217088,-0.002254669640096045,0.007240923696380422,0.009050289313554094,0.005485744014434849,0.0021374529228355564,0.001315495642099224,0.009338007691884151,0.0052067266601730795,0.003392500466287443,0.007476012904221954,0.0061116014677233856
2023-08-29,1.3519792933261855e-05,0.002999732821816164,-0.00326954201370685,0.006675486157414152,-0.002688000198532979,0.0020373736065376668,0.012684640134281605,0.0015689531349246226,0.01677454187683464,0.0019747807241870985,0.007689586164247471,-0.004930029538971502,-0.0007981190298588126
2023-08-30,-0.005920332793684393,0.007676326117293002,0.005655253722817096,0.006347349509013142,0.0002909676269647738,-0.004992231500132364,0.009191776984507596,-0.003752702423136536,0.014067482829585946,0.0006184515177066274,0.004854811414853056,-0.0033076468383625743,-0.004065526551790872
2023-08-31,-0.00551913202767963,0.0019592482510605845,-0.008204274359008942,-0.0005007989024537733,-0.0019588515725367447,-0.005277460466282797,-0.0027666658821194,-0.009136767345991536,0.006467928731523932,-0.006344401632007196,-0.0039822491175348276,-0.013397052364447928,-0.0039643581600932055
2023-09-01,0.010109260226866475,0.011150511196007592,0.0028896143162982493,0.01633337878595268,-0.00558666415097412,0.008470109007187584,0.028372730164485643,0.0234355636468186,0.009357939635143182,0.011543974593517817,0.0013074175453924727,0.015878812602138328,0.00956716987361824
2023-09-04,0.0031949737563430865,0.0204032506039926,-0.0013426130238805146,0.0009600812090900054,0.0027141623002118584,0.0011756691205999153,0.02252213018988382,0.011333832282095953,0.01146599211902296,0.007963502760055224,0.015814299993155298,0.02396840929576992,0.0027122041125750623
2023-09-05,-0.0010358459256198218,0.006240649503322685,0.007334505001423206,-5.3289848829354256e-05,0.010944657735259341,-0.0016614903897429335,0.004570653160144139,0.004119801770739072,0.010555316912047887,0.0039744964540510954,0.0314170604881105,0.007351224894107453,0.0006354355479825498
2023-09-06,-0.0027669265611331073,-0.001638898492916416,0.009967960014213413,-0.0013494855173753102,0.00896531305857216,0.00021511499244642528,-0.007908520115647499,0.0028714069962980974,-0.009678739053325293,0.0032959925776023438,0.0019713436178499365,-0.010076045290479375,-0.004277110241692588
2023-09-07,0.010511092072095685,0.004201595488867615,-0.004075336103158989,0.004674594254039329,-0.003205944653381819,0.01015621751756545,-0.0003652445932849353,0.009017760419937902,0.014699027290604348,0.008127789165187567,0.010865790723674624,0.011825428548677852,0.009952172577458576
2023-09-08,0.006176454289573154,-0.001008239440059892,-0.0014435932072412259,0.006670115075780755,-0.003639178768967854,0.00884822255095501,-0.00046564774883648124,0.013768840395311694,0.02101751662707254,0.011447224941761418,-0.00974688650976883,0.0032135759009049606,0.005564357654105949
2023-09-11,0.009132964058589295,0.006982991742396287,0.008859156795644757,0.0167533357574045,0.0038874014122366367,0.008268450370129158,0.017966298752130606,0.010100732916952859,0.008754182458465772,0.008782778021273288,-0.003256392684279632,0.030848960779243505,0.00791294155947289
2023-09-12,-0.0013031692663896396,0.010213258105712605,-0.003320120552373416,-0.018795461030617303,0.0012206952848345593,-7.147019140551944e-05,-0.027086437834465186,-0.025265448240961892,-0.03297138292404706,-0.012103328363145831,-0.043934391250013145,-0.024125481045032482,-0.005492749139595597
2023-09-13,0.008709181480549116,-0.0027692958062192985,0.0030252335931659027,-0.004621701570076198,0.0078174006446863,0.004074676024452571,0.004199699967161626,0.00921730023744902,0.006733492865026964,0.0057817554462430785,0.015145397421462424,0.0414249827453309,0.0076809842333742506
2023-09-14,0.0019889473346230073,0.004814029308260407,-0.001541662635030802,0.010800475082663305,0.002608397841012402,0.0010515625653314655,0.014760231152661485,0.005309411196735041,0.013841600716608721,0.0059713906258024516,-0.003984943622794848,0.016288464404697073,0.0017710982676007875
2023-09-15,0.0050014753910877,0.009326882336805004,-0.004768458109086321,0.015717264496394618,0.006066407827298938,0.006016224682579831,-0.001576416480631968,-0.0030095839038305813,-0.003910883694314142,0.00023082633754831377,-0.0009878886918111415,0.005285202482336397,0.00636158930935533
2023-09-18,-0.0054580929130551405,-0.006785084471886111,0.005830397783151641,0.00837233507150298,-0.005153265779029534,-0.006013736408809344,-0.01114806911617829,0.0072182974179767325,-0.013809864863773448,-0.002294385622501243,-0.012802708133925091,0.033334596079204415,-0.008360379709027423
2023-09-20,-0.013030416140942079,-0.005457166404239649,-0.005271734767177396,-0.005096379033596991,-0.0027936000815158095,-0.014995560257955272,-0.016483671218801732,-0.003488710076696579,-0.01172855582369253,-0.009286994084686251,-0.0025715492609761394,-0.011828563793182116,-0.012079708670937722
2023-09-21,-0.016904370408570107,-0.0008881244897333731,-0.0048553720128697575,-0.01709331562173184,-0.009978338518338329,-0.014507006733514533,-0.005486889086459701,-0.007818341955128608,-0.012133126276381146,-0.004146436039660849,0.0002835927146118619,-0.023092625905574236,-0.015416630363697195
2023-09-22,-0.0002644850561006651,-0.00041468069943474857,-0.001242210155858175,0.0020933863308875357,-0.015644390168946528,-0.004146876104657188,-0.006603646133054851,-0.004572122995385804,-0.0066563369795813844,-0.0037172633884874195,2.1836074036766747e-05,0.03448983911731782,-0.0009475497893079489
2023-09-25,0.003447172038334627,-0.007862188724259644,0.0006576059635346579,-0.0007887506174329757,-0.003436708798617731,0.005541334205201144,-0.001117161534887578,0.00011436006028805677,0.015112280687264695,0.0009974823803645698,-0.007334701625503828,0.0015807099831966823,0.004536327631528809
2023-09-26,-0.0031748961958367318,-0.005454580518780881,0.00522238757985607,0.003489267821971896,-0.0023834098741500375,-0.002257795756198812,0.0031116810205862673,0.0010656506797333061,0.0030652036740202323,0.0018949684790521635,-0.008673796838988362,-0.006395651488178693,-0.0032140033119393875
2023-09-27,-0.0008047849670742244,0.0038007931600585166,0.007993884442960644,0.0003163470282474363,0.011821029672085313,-0.001278674530570449,0.0002951463294370544,0.003570216667556323,0.007318402156108261,0.006435334483944677,0.00022164104068944757,0.008260547592456143,0.0022850468088711066
2023-09-28,-0.00646540641249693,-0.022181881921230058,-0.019302392336519817,-0.011811513283951202,-0.009054803909365826,-0.004917863808718982,-0.009681794565613914,-0.006214283075159626,-0.009769748794153675,-0.005464963109690983,-0.01410510758059225,-0.011386854316356892,-0.008615441245182303
2023-09-29,0.006381300096807636,-0.002990678867379065,0.005315124225267029,0.005713144781253306,0.026251321330827058,0.006865579086675309,0.018788389493874097,0.009524844692682352,0.009161967629230872,0.009115788141024197,0.01943187394970069,0.016200352997303512,0.007248539951881597
2023-10-03,-0.004169313569187289,-0.0021149187538141404,-0.0054758646789469494,-0.012046814298952322,-0.009213846180657846,-0.003914572422072009,-0.006056907384854985,-0.01284483994933064,0.004592864524728694,-0.0015309682728865527,0.00995816695743152,0.02348453755338046,-0.004685901786652001
2023-10-04,-0.009845818138615875,0.0029671627144719575,0.002236323187768955,-0.013092982544615177,-0.01411294264512952,-0.007918713913293126,-0.010655242783663551,-0.008735673157791328,-0.017443317232528642,-0.009931497895283496,-0.017348050069777746,-0.028708952271615875,-0.009934447860844003
2023-10-05,0.005654542748643619,0.009819147027114334,-0.0009958971641327898,0.008423108366856566,-0.0030410261757037346,0.005122650404663752,-0.0025083801137826475,-0.001879181542432047,0.002899232277341997,0.006114039742535458,0.01570979753924821,-0.005098159310243538,0.0038425631799543043
2023-10-06,0.0033249082932183165,0.006710388433293244,0.003755697052377264,0.004673049866638875,0.00710121293862092,0.007068936968615134,0.0052476880656048865,0.001624877615141412,0.03032758691780363,0.003320068264048514,-0.00017486274440067366,0.0026769272211576607,0.00512810446016699
2023-10-09,-0.010744967608450853,-0.0010254698289605202,-0.0014560795931214993,-0.009917329935546277,-0.001627437642924509,-0.01134407827270624,-0.01452433975732071,-0.009724843814548512,-0.007946424539858795,-0.009677182405162868,-0.022062925726936626,-0.03135903244161296,-0.009999034861677568
2023-10-10,0.010734752974331987,0.008042783189351399,0.0058292098210927425,0.012294006657706961,0.00018871460230863164,0.012183882126163146,0.02025340474658037,0.010482086019744138,0.03928016328221743,0.009813542622045786,0.010008534692619557,0.020627541435444076,0.011493215910052456
2023-10-11,0.0035273485795833917,-0.0006572254238951707,0.008658653628068487,0.009135408554613238,0.004616375272730964,0.004773118388254249,0.00426618675583247,0.009323940851698546,0.008377832305037101,0.00911414725965499,0.008549842490715923,-0.007319612053975248,0.005066215856190769
2023-10-12,0.0018470468705989987,-0.01686751202817151,0.002093322811688255,0.007753122702792513,0.0006323913683329881,0.000799951845709691,0.007444152697909806,0.006406645152535858,-0.0018010247781730414,0.0024460608505228604,0.029723885089545155,-0.0008980006436031547,0.002440479540981695
2023-10-13,-0.007003290747943073,-0.0061337370208647025,0.0029890001832891403,0.008748982857522998,0.003211547938457126,-0.005951264092959499,-0.006175182491114079,0.0009304905997198312,0.004251806218754425,0.001070260730444273,-0.01184836158877989,-0.014032653379681716,-0.004652833810882253
2023-10-16,-0.0014020583910387882,-0.0018108979923360036,-0.002263573260346067,0.004514005733674407,-0.004625025852379465,-0.0006482850801184811,0.009048779125998276,0.0020823289260168275,-0.0034327382886134286,-5.548232929866119e-05,-0.002330513290734471,0.007222806944285647,-0.001539856581527072
2023-10-17,0.004142855525817454,0.0014005758640595444,0.005013020023079541,0.0002058217048675816,0.003107660344642014,0.006474201013504683,0.0027857071558426766,0.009209743510934027,0.0003274594021325783,0.002817038773610535,0.0010364893977695265,0.005432063371403495,0.0034710653234812936
2023-10-18,-0.011796544557655627,-0.005938358001831406,-0.0042480441645548084,0.0007653417443513159,0.00781516157131754,-0.012919555237133968,-0.0056082931268190295,-0.009637245872739168,-0.004676224268505045,-0.008387255951159129,0.0027154347234964694,-0.01682282466408257,-0.011779347088340547
2023-10-19,-0.0030624013004157766,-0.0021093622575089187,0.0014158141130649394,0.00498288436830773,-0.003783698763183316,-0.003921329434243522,-0.00879517167488635,-0.005791800595678921,-0.0035420991064817322,-0.002305530677617044,0.00135506221143615,0.00025848241448804717,-0.002517823779222369
2023-10-20,-0.0007190237912254774,-0.002244147733791601,-0.013283729388389865,-0.007256399534063018,-0.010944611288215656,-0.0001989163002728472,-0.013399056784803428,-0.004934867239642142,-0.01086930232594849,-0.008324744360407206,-0.009588856500234954,-0.0158428483662867,0.0006119346639272864
2023-10-23,-0.013165231862780173,-0.01992914604668294,-0.007781590431118354,-0.013424781734932672,-0.013025354707458461,-0.010327894550443523,-0.033130029408648766,-0.018951808320431873,-0.025259972266043866,-0.01631177954253106,-0.04857052507270413,-0.03838239117588853,-0.014413401408978127
2023-10-25,-0.007424722225045077,-0.010358713865327843,-0.003990649644866236,-0.0041491559213944,-0.007505470586546394,-0.009355818474271952,0.0014848690631446804,-0.004590937822409294,-0.00962874798574321,-0.008624061450040328,-0.016788130050802732,0.0017303129550726918,-0.009921764266928909
2023-10-26,-0.012967814961403716,-0.010035269376860223,-0.005398515950422692,-0.016006086774675132,-0.010296001124985665,-0.01580246164526897,-0.01637031683171938,-0.010826191451642323,-0.01208029713298633,-0.013148367546289723,-0.012761081455657906,-0.00964386481643607,-0.012413848861995543
2023-10-27,0.011799781563020518,0.012299264887822091,0.008870797441849035,0.013455108607147229,0.006121776552986826,0.010851151770513798,0.00856742472299797,0.018173288441574398,0.019310509816390646,0.012123965091980491,0.025453071374116048,0.040288196957989256,0.010864563905017475
2023-10-30,0.0059926769041118025,0.0013488019581194995,-0.00417839887365493,-0.009051843435981184,0.0025140274923632173,0.005850857906972613,0.0022985908820012226,0.01192775849764349,0.0211302563640265,0.01080206077699649,-0.0005504615756390739,0.0013911725719198496,0.0054443321269010405
2023-10-31,-0.004499023693386043,-0.0019192061196711084,0.0015989793490762034,-0.006715815720507609,-0.006242488681460929,-0.0019144146329667492,-0.0023993076014817297,-0.002082932921356175,0.012599754012666574,-0.0032267658827614485,0.009021724401277433,0.0014196194029970092,-0.004740229361551817
2023-11-01,-0.0033899566555351656,-0.0077929720468505985,-0.0034157354968977153,-0.005073718602091274,0.003507925966184279,-0.003129142207919242,-0.01444729531261608,-0.003959718907761726,0.015386777870652395,-0.0041675622287671585,0.008783260695774828,0.0031665729271005104,-0.0046905251085370666
2023-11-02,0.007378867618745069,0.007809321266175694,0.0097627350238119,0.0071104585166733136,0.006709609283394787,0.006629959210019189,0.013904718541119694,0.010499781864358971,0.02491765036587511,0.01160448522589872,0.007879823470755594,0.014888463802333737,0.00782024957612123
2023-11-03,0.006974006718013384,0.006427354080997004,0.0060392200210789455,0.006048017837793557,0.003223729059650769,0.004940630057290843,0.004671956704281165,0.004625645989475439,0.02508882701423309,0.005586137382612674,0.013658532251175646,0.006161005885472938,0.006664616277546133
2023-11-06,0.0069279454279152055,0.0062507391000839446,0.003350722716936128,0.007905498675540542,0.012682688340849877,0.00874703452170616,0.01348303576846175,0.01331647436275595,0.011966944586954006,0.012271969057282927,0.006705163895855522,-0.010919160327491491,0.009639814475880146
2023-11-07,0.002712997698476701,0.0002792495739162431,0.0010421845747785267,-0.0017947492942852466,0.013146107326183881,0.0011790241003593136,0.001483572539977944,0.002163472223891391,-0.013443781691945739,0.00026396219589871247,-0.0064625336536217725,0.004598954476904729,0.0038893554380851174
2023-11-08,-0.0018135732944865352,-0.0020808291947901642,0.006218858294420829,0.004761379393012325,0.014657872367361895,-0.0025440152312810444,0.007490627405325431,0.004153733865749234,0.015054131033922082,0.006145887457336657,-0.0007059773760016807,-0.00028872393264080677,-0.0014464987023227595
2023-11-09,0.0005713872880284785,-0.006473627823689579,-0.009042715020929997,0.008257634639611313,-0.00034853485565834,-0.0009717840391767773,-0.004029947036139813,-0.002938435605716227,0.012260730092406458,-0.001917011671760706,-0.002408313774921591,-0.0019831695537875908,0.0018638114920319125
2023-11-10,0.0031198704933572217,-0.0025636455834100952,0.0017884231184691734,-0.004203156079162202,0.0015899198846909093,0.004049953696308383,0.007006061312637568,0.0070984352263737185,0.00226808905783875,0.004742087941958372,-0.012375811406189149,0.0026699430488539414,0.00261419110028012
2023-11-13,0.0016223317013714822,-0.00010448558406476953,-0.0009692300086221978,0.0048143918407756335,-0.0012478126013517625,-0.001477782181902636,0.010187143404049546,0.01176447263013026,0.0020369463246475653,0.00235082533009054,0.0023936469820341495,0.029864979573683916,0.0015078705254216482
2023-11-15,0.007048248621603333,0.025571278204585057,0.006854751667064942,0.01715689462175622,0.0012317005906529858,0.00920415099607313,0.011594518470032726,0.010147422843074884,0.029114534080368928,0.01078848877192488,0.007568036669290111,0.004499474690116058,0.006478395066752816
2023-11-16,-0.0009087135265565869,0.02649964287307967,-0.001484379164165732,0.00839785474447789,0.008653315249714527,0.0004765108133518721,0.0,0.003355646690809009,0.009181043739437426,0.0028583862337373746,0.008149226743411425,-0.002367695902716902,-0.0003411661080364312
2023-11-17,-0.013165573290044663,-0.002544029374826,0.008573127432011053,0.006921035748182871,0.00975353251106359,-0.009059102018089434,0.001691637122981941,-0.004762141358857809,0.0048479334493764644,0.0028503150865863253,0.0011650100349955234,-0.024177405298546766,-0.01312246258786538
2023-11-20,2.2943963224710202e-05,0.005941974890319936,-0.003912405094011278,-0.007612183952732598,0.00014235438356904857,-0.0018274139597136887,-0.004765979704426429,-0.0008993371454544581,-0.002457198883281796,-0.001634406932649264,-0.006059890335876657,0.0010458215069106605,-0.0010179269005331133
2023-11-21,0.0023878624026896504,-0.0017771903562710666,-0.0015978921553675405,0.004923031767681419,0.010206041175482057,0.004778865689052878,0.01213164843155939,0.0024380865362918004,0.011224737023669369,0.003064220843992428,0.011165751874313323,-0.003506955756465489,0.003951434649115347
2023-11-22,-0.005498070110800117,0.007357123813890942,0.0042793060060771,0.006626804768884949,0.006298616799399782,-0.002337964211403423,-0.009020500685080805,0.005219781134307388,-0.006964631398840986,0.001986020181382777,-0.008781422183199944,-0.01144575819512216,-0.006710818298443359
2023-11-23,0.0029392804605423597,-0.005967519009916546,0.0024992194159519222,0.0036083091280676755,-0.01582794864122301,0.0010701057927627643,0.005241946561922152,0.003159372456079583,0.010250565997912037,0.00012396228898383456,0.004663692210983736,-0.00017020420488486444,0.003770686659475536
2023-11-24,0.004387162554432283,-0.009794291053605214,-0.004670833204253844,0.00039906369023131347,0.00862714777461584,0.0033002699475769793,0.006699469253015013,-0.0012632490139682802,0.002635287500939029,-0.0021720926112320706,0.0023237685826467064,-0.003399684734852683,0.0038509614366187476
2023-11-28,0.002552142661924442,0.0019743190411365126,-0.0016636804717481285,0.009485216587497396,-0.003402956411498751,0.002574049983348014,0.018363274924476827,0.0240170275799627,0.005674176413677614,0.010644546755803001,0.002362114882045475,0.013401301267606523,0.0021321962397518068
2023-11-29,0.015501048944210703,0.015137747760091802,0.0044850967668231155,0.016128221140963784,0.005631791616678128,0.014996589580209423,0.0021044304520289586,0.002011461207507523,-0.004963141128714872,0.005478794131380292,-0.0013115615458789065,0.010393078254645737,0.014748190784839382
2023-11-30,-0.0019023235738802606,-0.0008038328667880939,0.00545402539330574,0.003961859304966489,0.015439866198404598,0.0027113126708140645,0.00014967994718513388,-0.0005784050206685519,0.014325728876955266,0.006482074283719314,0.004670028926434285,-0.011057427582537702,-0.001856786158892576
2023-12-01,0.007446043357425682,0.0005062833053234932,0.01567704362543679,-0.003584319732548103,0.001117026327316103,0.007765944105859083,0.00986218781173011,0.009000185896049175,0.013155812124840424,0.009979467463962156,0.025408638351084284,0.018387692515977584,0.006127209322461885
2023-12-04,0.035450884792819264,0.0020486433501033874,0.007146908818601738,0.011269025554268439,-0.001763830965422899,0.031745470038525285,0.0161799656785485,0.02574016822325986,0.02012665464494079,0.02537571567998047,-0.007820218507823043,0.03780923232716141,0.034759770193308906
2023-12-05,0.01243228520385516,-0.005722672634105723,-0.0023406087735734892,0.005910475573056882,7.702249337406732e-05,0.009203613036185172,0.030195074590494326,0.031844422567472296,-0.004619292868990555,0.013090721658216847,-0.005814177860093032,0.013976268560831931,0.011740848931095085
2023-12-06,-0.003787010950670952,0.016593865838452605,0.010143230309214926,-0.0002079351759153979,-0.003710008550295673,-0.0013806570811621584,0.0002626746795134336,0.015381578599134584,-0.0029320035962055067,0.0054750669343102,0.020846266578687465,0.006313879437247827,-0.00334142714025199
2023-12-07,0.00014619881238039066,-0.0018489279096692865,-0.008993476330599935,0.004428421658340126,0.007679396447403868,-0.00015699241944646338,-0.007502468313319233,0.012238782169473073,0.0035446193703914737,0.0016818868805374898,0.009145914168322875,0.004985933520693904,-0.0013792282658586712
2023-12-08,0.00893919603986232,0.012999960787705489,-0.009958330408682985,-0.005514031340999306,-0.008075244249004524,0.009015807621567585,-0.0009435028529076549,-0.009130142206995389,0.005293564331466394,-0.0015668211436641215,0.0006262394526759555,0.0019272851416579724,0.01006977743519839
2023-12-11,0.0011049286753463932,0.0036274657761107654,0.00632910932047521,0.0046714234850543995,-0.0076545916492970125,4.004894810582653e-05,0.010376688093668068,0.003967532373926794,0.008425217360014102,0.00582369948138656,0.012731609335472821,0.013531644742597633,0.0015140917235461973
2023-12-12,-0.004590519352373194,-0.0006074354716652686,-0.002595185185682326,-0.007071700155758792,-0.004774526133368971,-0.001955708295644292,0.0030733403459177757,-0.013197623827661868,-0.017604896124892598,-0.006996824272562995,0.005854998200181755,0.00015304596441472902,-0.00555606126966339
2023-12-13,-0.00011255531303025591,-0.01283811171089677,0.007003144371248608,0.010739539908891422,0.011144508645740346,-9.686186923862707e-05,0.00875210330565406,0.006588351710673323,0.015925521828340946,0.010352244587956479,0.004027234003846113,0.007192786055283575,-0.0007005051324310009
2023-12-14,0.013499889987558984,0.03438303095849925,0.002691141079339689,0.007071217255367386,0.0008235657947649293,0.013607252783759894,0.00609834123695049,0.008255167811602146,0.038058971672294536,0.009476900817421946,-0.003801917273125764,0.005871895885782228,0.014489736020504919
2023-12-15,0.00857885516565085,0.03479592568938993,-0.003228999518498363,-0.0003769489588414376,0.0014905978777013267,0.0031867161949724445,0.021046407902140667,0.015616689764186639,-0.007144743418942795,0.008317285123827456,-0.0018242930220959152,0.023634639445788832,0.007510716896709607
2023-12-18,-0.005746249976686683,-0.0027116610755965167,-0.003126497129896854,0.0016617510367130236,0.009372043212781744,-0.0039488265226288125,0.004282762141944831,-0.0018248440292056068,-0.009628337799123046,0.0023776900715249214,0.011707709354483896,-0.007358769295268859,-0.006406648949393712
2023-12-19,6.683237125910439e-05,-0.009588927212317829,0.01396244499224124,-0.0075304359886474905,0.003612074107577051,-0.00048746877819578165,-0.00670318725740225,0.0157086473174871,-0.005345296252581354,0.00380654161269441,-0.007449374597917656,0.007905231259982276,-0.0008395104402866795
2023-12-20,-0.00893028652393494,-0.017234932253861152,-0.0032668050702478147,-0.023080083189115305,-0.01660937836703295,-0.010939262099520737,-0.03899241545376619,-0.02714016512841912,-0.024583489885612275,-0.025461967055064236,-0.04857052507270413,-0.04123216953076684,-0.01040749538292891
2023-12-21,0.008287727445082323,0.0030178029355945853,0.003755033520093918,0.0008156450545852595,0.007225158547964328,0.005866843392076138,0.013710007513228083,0.017527352011874248,0.00918055315381682,0.011687352515911577,0.024604851157060847,0.016286773867454352,0.005767128298539743
2023-12-22,-0.007307062155857616,0.022467083919568073,0.005418361042628615,0.01365100268589869,0.00957330340583624,-0.00606022848915544,0.016954068882877097,0.002748315090783269,0.025148142346176638,0.006700848167086067,0.004318051832113941,-0.00691433009850344,-0.006699890146710984
2023-12-26,0.004894109067561939,-0.004058743819724313,0.00693308558240837,0.009775527606301463,0.010210378429034826,0.003038241703926389,0.011323841918014228,0.01320410766961534,0.002421594306597755,0.008554786438063218,-0.005831613119494113,-0.001469345466074952,0.003984243456151689
2023-12-27,0.011610687193216155,0.006950338789863406,0.004781844374609164,0.014998115491650166,0.00562034516241708,0.009551277166337406,0.013851044266252206,-0.0010126097452512566,0.0067752065969470775,0.007724103578665869,0.0012194456145011591,0.020385251412605714,0.009610665834231261
2023-12-28,0.0046771406385845435,-0.0013817651012987687,0.013436564624362072,0.010031899531763408,0.012226880277482335,0.003181431084889163,0.009965798073624545,0.01520323528158026,0.009434704980138556,0.008417297885548822,8.402722055976105e-05,0.01028672573397475,0.004540407096344268
2023-12-29,-0.004468994873993824,-0.0049615816432858175,0.008506386505616323,0.011321629461082594,-0.0017243425486523206,-0.002168699648422226,0.006495088903662835,-0.00754132858316349,0.007241485500475006,-0.0013614786938948486,0.003544557936389186,-0.0064550680335994275,-0.0023188567126444706
2024-01-02,-0.01104810878587703,-0.006551002406009431,0.003893301007294417,-0.015090551724534376,0.025949892304252833,-0.0065975935692543725,0.005736822315925679,0.007016324696724429,-0.005891756506475216,-0.003401430338510331,0.022503138198823727,0.0037646720335986258,-0.012550464340219478
2024-01-03,-0.0011878337933608964,-0.02547987456814158,6.643398388173144e-05,-0.0011921161908593006,0.006088764167982598,-0.004206293921127546,-0.018299750626639907,0.0026046966953230297,0.012193311040994304,0.0012151679511295166,0.004880578732362838,0.0114511514005593,0.0004538033411557581
2024-01-04,0.010237800466125754,0.0004054719810092464,0.00853833264455028,0.0005048541147093929,0.0019198371947379068,0.012159592168618965,0.0005900348718021755,0.011698970040114933,0.04341368769431537,0.011236824898408104,0.0041673927560383125,0.010264256769688817,0.011612102768459441
2024-01-05,-0.0007649135191266647,0.012773613697194276,-0.0006335525743625298,0.004366527079088612,-0.0031404561218571912,-0.00011156616622792778,-0.0014281319328359695,0.0007864419914445199,0.0036187716164778885,0.0037718267170862327,0.001338029619939476,-0.00383777464527304,-0.0008871849053040008
2024-01-08,-0.0148262429194308,-0.009719524839050066,-0.017395894918664834,-0.003087837196503667,-0.009414192771007841,-0.010360632831327488,-0.015981056461701268,-0.0021517919323601423,0.0013019727594185632,-0.003385174871782849,0.0007695184086667082,-0.025509137696710794,-0.014479495662024914
2024-01-09,-0.0043847405357086006,0.0042731196062132755,-0.001761652810446628,0.009200041158956836,0.008705426660088047,-0.0044810568113850995,0.00788157384061471,0.0024601011770767657,0.024881540142193122,0.008138884861651156,-0.033805164073656274,-0.0016089653534667114,-0.0036640801903863366
2024-01-10,0.0024989178309646905,0.0049470678478662185,-0.003970041929081154,0.0021197415471397637,0.0032001459039163603,0.001275332203479963,0.009476883872599498,0.0030324772460638676,-0.001096663656387963,0.00242548825733447,0.03410877400996321,-0.002616839507525442,0.0033332191896366923
2024-01-11,0.0016350352051615789,-0.0028489922985371983,-0.0021389439879677466,0.010505480848085122,-0.0012276082528339628,0.001172422350503875,-0.0008249359658317388,0.012909104189465946,-0.00040430393150016656,0.006854769642298589,-0.0034868783076475764,0.006410961003515283,0.004130180015993975
2024-01-12,0.005705837654604986,0.03479592568938993,0.004563745032782647,-0.002129708433297073,-0.0019063333635424213,0.002420688511097752,0.0028146958660211223,0.005541499093052109,0.01786474718240003,0.007826945213685491,-0.006519857525178208,0.027144677165062144,0.003095549784092911
2024-01-15,0.009356673695781043,0.0184545751721777,0.0030324604388493456,0.0026707690032705404,0.009923249026866404,0.0075137254099992825,-0.004345777906197406,0.013629966797143359,0.0025505157716394886,0.01057715451352101,-0.019193258432844588,0.009746301892880909,0.009312060622471637
2024-01-16,-0.0006896146014280258,-0.012846213534910165,0.0017379078884237455,-0.002804359191770755,-0.011498139361068194,-0.0006618371310255184,0.009838146539894031,-0.0074977670521811975,-0.01678218793793428,-0.00405841139900785,0.0033698873619373054,0.0025650064530648217,-0.0013592299612700082
2024-01-17,-0.03656793027057475,0.0063320822258272225,-0.00878384656609886,-0.014287088094916611,-0.00963920358985137,-0.03622276842652189,-0.031763967796557685,-0.009474909008338264,-0.014261924216758209,-0.008849157616341525,-0.0012259921373817578,-0.017580387700728325,-0.03921933205982397
2024-01-18,-0.007646715930118124,-0.006239554361313854,-0.005452111936831914,0.002652700947862988,0.010279847813721469,-0.010028716183004716,-0.008412394399794673,-0.007856450297711108,0.007214381128922929,9.28160927459872e-05,-0.00491915665470405,0.008114501069686407,-0.008242411532363146
2024-01-19,-0.00027134244125044915,0.00918031237499276,0.012201473253652803,0.010666682375286349,0.003269082744594578,0.004971805023862668,0.013442943675892138,0.011638056219920848,0.006932436775644896,0.015996225821240575,-0.009658259735187389,0.011435865853394872,-0.0027683073209660183
2024-01-23,-0.015126531851827359,-0.014890721091710052,-0.025015322513587124,-0.018005841269843226,0.007579940113899664,-0.014215316656303871,-0.03226467801171201,-0.019074414687930395,-0.05439208196539749,-0.01840491719221797,-0.04857052507270413,-0.02352909530551945,-0.01585078127571711
2024-01-24,0.001494996126473156,0.01545432971026754,0.015966775070140223,0.012593921709686935,0.013796751978396684,0.0034379645601756545,0.029194900934563617,0.016492882074558717,0.0023863571635192268,0.016328655509001474,0.030183619984994945,0.01967817227613615,-0.0024200949142317656
2024-01-25,-0.004808313733847838,-0.016143269409716252,-0.011606890046479003,0.0011395846332294688,-0.013097807387434579,-0.005309421933636232,0.00142595127177263,0.008809033025245678,0.006639700728973445,0.0008754591982519887,0.001852269593526523,0.0012572101925888693,-0.0026211653851572953
2024-01-29,0.01276094596054244,0.0009776845553798761,-0.001359272036040049,0.016640326330319005,0.005179692922992217,0.015499096137229787,0.015948022761027338,0.031844422567472296,0.012489270963674236,0.027506715510920647,4.677746445609048e-05,0.024027232345918133,0.015150745573615934
2024-01-30,-0.0016430238045943679,-0.0041130576691227804,-0.01029509093019296,-0.0025869404745032737,-0.008745158138046006,-0.006282734335235563,0.0025783465128081276,-0.01705077940668032,0.003829988131055378,-0.012614184977380795,0.004090558956856545,0.009593488889982953,-0.003340649660075621
2024-01-31,0.013770345632241544,0.007024077024120809,0.009066475988486655,0.01830762086640872,0.02646389212229714,0.010396582378322833,0.013778005175419468,0.009547973879297152,0.022560499467103742,0.0027519220918268694,0.003516192617350191,0.022445086663949836,0.011487912157546838
2024-02-01,0.004162217244493407,-0.0028384184888132257,0.002618661590674018,0.005267634559645155,-0.00555938543559939,0.0009338431655565353,-0.010344206920072976,0.004415012589823222,-0.009446472241257197,-0.004335137981022832,-0.010938220499845901,0.03058783954065986,0.0012410801553532302
2024-02-02,-0.004724404819613506,0.02135804726573907,-0.0017655879997749045,0.0026764083585769836,0.007422294365298584,-0.004034105352539233,0.023446083816640487,0.031129973423096327,0.009446472241257182,0.015248789038845854,0.0006812639883745491,0.02191852977654374,-0.007232824440708563
2024-02-05,-0.0031678453773811275,-0.004325728722393439,-0.0076491403824730545,0.012042507867284643,0.01769516334340899,-0.005801314960247533,0.003867090533725954,0.010543640890559196,0.0076209540100477475,-0.0041678960267120336,-0.0022806558554146175,-0.00420718114459433,-0.0014378857044186893
2024-02-06,-0.0029448310619688512,0.028756115856172083,-0.0016393737458624354,0.014603246938440631,0.010608922670633639,0.0024409423853432033,0.01574558727448833,0.0062199491144570695,0.004048588526000111,0.009627315519572691,0.002374567120346126,-0.003912260867035613,-0.004883919457347531
2024-02-07,0.002790957870991246,-0.012591280132596628,0.0029950412078280607,-2.4532030663065768e-06,0.004145367152999525,0.0038300472031867787,0.0046504016277846075,0.005770854480906012,0.01818858674559747,0.0006319047200473845,0.011928129445353866,0.028197145653396673,-0.0007297014801952491
2024-02-08,-0.017758818805579425,0.002217728534688558,-0.020779474884287986,-0.01285881482715945,-0.0024025168610113247,-0.01871032666685391,-0.006643147290498588,0.010443321927563708,-0.0069389842507858865,0.0014186349112943913,0.019667965752201047,0.019777069611404133,-0.026288597558200677
2024-02-09,0.013736001299759727,-0.004033092039586375,0.004109308392520261,-0.00374756655854187,0.005213022253609159,0.006883982807749156,-0.015474480789559323,-0.008080029800100594,-0.00011412738133111149,-0.0036288370256738586,-0.00264275391181642,0.009614199960383998,0.010059749953893733
2024-02-12,-0.016622728539881292,0.00789332640547372,-0.010715893352621181,-0.00802148092665465,0.002813404042598672,-0.014197047954035615,-0.024249130207665094,-0.02438832027174524,-0.03013148703075685,-0.012621523724418198,-0.045623133098020366,-0.04534724664731122,-0.016771830435028764
2024-02-13,0.013722643832086906,0.005406695410142807,0.002606730218163435,0.0006924198106017306,0.004510458967500265,0.013563248636767708,-0.020947702208070962,0.007770826660037348,0.0005293171498173774,0.004130103226146064,-0.0003105214377151331,0.01190704253540393,0.014720693636607699
2024-02-14,0.008880908143721852,-0.011282166418751387,0.0075882870048439395,0.014455223818813768,-0.009084547561277063,0.006666557022075632,0.017543878904520364,0.022131580803538112,0.012387648691076643,0.011426815779458926,0.024816152419450708,0.03188386471341759,0.005075233815146699
2024-02-15,0.006742825911957405,0.005916282356718469,-0.009662211694784888,0.013386326744555001,-0.0008963377399078497,0.004447519672011543,0.0045358818364410886,0.017391505938533385,0.009708842208467886,0.006807586579232679,-0.00109570615079224,0.03216321381854949,0.0030888566508549316
2024-02-16,0.0035841594461462744,0.012487641850921981,0.003692443104692862,0.021866896633288002,0.01619232528135091,0.0027684601436730083,0.008289830213928644,-0.006524393082464189,0.01518205921918438,0.0028017421017706066,0.00981806293216199,-0.0036094283705574754,0.00806133746771225
2024-02-20,0.015176903618578364,-0.011694567104552706,0.006776463643980949,-0.0033939769286497985,0.006454695011844367,0.015899098886757324,-0.002592276946325166,0.006849810853106818,0.004859576454196525,0.009781462883355728,0.026529633992183214,-0.00474843957414037,0.012562220228177493
2024-02-21,-0.0015831883876443534,-0.016539008638987544,0.000182817464085678,-0.005008985166465764,-0.004038617646818192,-0.005500433773977231,0.002592276946325146,-0.01696190195822789,0.019813680134272323,-0.009682454484424981,-0.04857052507270413,0.005974037206324264,-0.003778155837486138
2024-02-22,-0.002126868360127916,0.019176862576129557,0.009728451077217629,0.01627459923376157,0.002797876611615633,-0.001008380887065936,0.011585643161428074,0.007769580302185323,0.005401274537923077,0.009087695263685431,0.010002084014561766,0.002076596208497216,-0.0006591463119257415
2024-02-23,-0.0023055380650685965,-0.00221855334963125,-0.001497821234642603,0.0017715785604236495,0.004153379856156911,0.0005417709902004306,-0.0026865687167664807,-0.0007100747604136495,0.009954113545271379,0.0022545363498127293,0.013536709859044168,-0.011598629959756548,1.4921011790007433e-05
2024-02-26,-0.005038117699070188,-0.011818609505725665,-0.00037640622952008775,0.0010203039266275331,-0.004838927254885561,-0.002779897193916808,-0.009488507156945195,0.004978536590233546,0.0006528215170168837,0.0011375421944310315,-0.0036568867903763957,-0.00501533322677482,-0.004862261308447085
2024-02-27,0.00024796515868591565,0.007197739484856212,-0.00019980091897208357,0.007055160101987304,0.005667987943049568,-0.0032448223997726187,0.003606222804614813,-0.002503160258997318,0.010603343951291398,0.002551801362319048,-0.006326711496936916,-0.005590366473073276,0.0023773890283652816
2024-02-28,-0.01350413275056828,-0.0033989346588040575,-0.008906833683351009,-0.020223821804409767,-0.006401434109072285,-0.010392993898287285,-0.018952135676894008,-0.023250063736519576,-0.02137521803717801,-0.01792608211094704,-0.035168847668497934,-0.023234653748307077,-0.015248679322261625
2024-02-29,0.0034262211462736548,-0.0005658880249736854,0.003536766312981944,0.0019640083180152263,0.003194019824225811,0.0033130246143561045,0.009072934490310205,0.00231869667663606,0.0011538011774343741,0.003785383239172191,-0.009129181353447263,0.01296272067645665,0.003716064358275783
2024-03-01,0.024967092850485924,-0.005432158504779798,0.0038718714861668115,0.02226353638482218,-0.009562396843152823,0.021081629622125196,0.03553913903474096,0.02213090357198405,0.007167691808348729,0.01937636857925423,-0.014767361465813011,0.021541652260572756,0.02496843059135171
2024-03-04,0.0035718376004859756,-0.00537881050408093,-6.267468318741151e-05,-0.0015223385666327273,0.007299625478494056,0.004048407925356938,0.013365865671494434,0.018946928758150246,0.011222406890656782,0.010911953193335558,-0.0013623811407294745,0.008262911589614334,0.003827785872741923
2024-03-05,0.002628415794512669,-0.016048061350523394,-0.010542841013094703,0.013393462136430436,0.0030701855642631835,-0.003482385181088053,-0.0022143142866367887,0.00442594775179116,0.003121935357229439,0.0018639993339524216,-0.013802285298399903,0.02523396672612664,-0.002018428644776146
2024-03-06,0.008046363185644305,0.007624590843096478,0.004212678159959647,0.0028415154158444116,0.006368196370832878,0.006292962650295205,-0.005181663410584673,-0.004799203238109376,-0.01352688121437265,-0.0017380468326415772,-0.025685163287449544,0.00038911149722006713,0.008686792154300307
2024-03-07,-0.0027055555955823565,0.00264765085254615,0.009728013730176854,-0.0025763401397214127,0.002822533767196142,0.0009382368163022532,0.013669074990025969,-0.003707573282661836,-0.0014718846977135561,-0.0007381317936659191,0.02510694920036143,0.002243303743032607,-0.0037939436242390326
2024-03-11,-0.010675379311589062,-0.0030125645332877878,-0.005877803661287827,-0.005965196964029122,0.0004141650612244827,-0.00684522868490621,-0.014505060411216977,-0.011195919216546049,-0.01091589487331209,-0.00613576959489477,-0.02952610007560426,-0.01596189385609633,-0.010671837392941265
2024-03-12,-0.000960849981835664,0.006358763074274312,-0.008379788711788485,-0.0033053129679782474,-0.01275419698590656,0.0016738115139122807,-0.01740355598536293,-0.006390054448893359,-0.03782514269623282,-0.006319419581714994,-0.01863936987799341,-0.02608111937250128,0.00043853952890271237
2024-03-13,-0.006388433358332902,-0.007490884761845875,0.000522773723989404,-0.028768554206810834,-0.017183833839649967,-0.006688222890641948,-0.052509090503484505,-0.03351050192364347,-0.05439208196539749,-0.031941385899453556,-0.04857052507270413,-0.04378457057961122,-0.006982489436003311
2024-03-14,-0.004081247250199425,0.01964932955353381,0.008935270850086661,0.008616417056030782,0.013929396440332595,-0.0015571669606218694,0.019751640439932317,0.019062931727811434,0.0060914971752176125,0.016015154531243744,0.01935467945921306,0.006981149138921481,-0.004643636813485432
2024-03-15,-0.0041944623680132565,-0.004759296772756958,0.0001781777685025937,-0.01581838430204151,-0.009498823728793404,-0.0039448546482153965,0.00034605861091029083,-0.015231992989433547,-0.0016849776732833423,-0.0069798214379290105,-0.00043888794242814345,-0.0034918850767639586,-0.0004072403095580906
2024-03-18,-0.00039075078311927785,-0.016526126668235448,-0.004582463939831364,0.012515208084697058,0.005110229043287003,-0.0008553421329009365,0.02459054730082197,0.0064262704825840036,0.00468690120120056,0.00500745272671789,0.011456753791385981,0.003182300531924673,-0.0012956646659981247
2024-03-19,-0.004111370225024453,-0.029476468018081285,-0.021884920369333732,-0.004534243787463771,-0.021962151861939998,-0.0011982543702457062,-0.00920829403942542,-0.015809458942378004,-0.005831942681133363,-0.013323039481499772,-0.024824137350668296,-0.015759210498583823,-0.0031002448859126135
2024-03-20,-0.0015945153881094633,-0.001837528221324937,0.004778048521613161,0.002568642457635712,-0.0024070476377447666,-0.002804597151924113,-0.007944569051310713,0.010648851466037479,0.006191554048654733,0.006423523114709671,-0.0019203619548349348,0.0004792074582505477,-0.0029413225340088876
2024-03-21,0.008043417636968767,0.0077436718962550465,0.006486349414633771,0.014294788430032105,0.011974981706246716,0.00826736192122453,0.024112556720406946,0.01836968616011104,0.029581550417423743,0.014679218773870422,0.017726443639493633,0.021174839520483,0.008719032180457621
2024-03-22,0.0038237170370743288,-0.02354668919084901,0.008166063806198259,0.01658376519199654,0.012460654237090476,0.0033133876556189303,0.009645647681138061,0.002168343946427527,0.017417794709497912,0.006842294281386806,0.012429668508404757,0.009605409381901405,0.004159548047944352
2024-03-26,-0.005639639283031869,-0.00625157935266722,-0.0016377672947174785,-0.0003849194243735457,-0.00032693064175822584,-0.0037407851621702017,0.003731945237936451,0.00044115585173501703,0.015544662142906394,0.002617373258495263,-0.01676313790303257,0.0010374093485116399,-0.005037680466763059
2024-03-27,0.003978111273917317,-0.00644784524605639,-0.0026885543967695427,0.0051155601132649485,-0.0021847362145052617,0.004166493258279103,-0.0007661121227814756,0.006785633482004162,0.008464399583499973,0.010770983762299796,-0.005761361806055266,-0.009778440091507891,0.005932702938281352
2024-03-28,0.007212263348418653,0.004416760599331684,0.00754749251708706,0.01282284571895422,0.012061722248430507,0.009415682632102199,0.01246044187138592,0.008504746558834361,0.005455395791662501,0.009619028102554482,-0.00707461795893064,0.025833003599517287,0.003497811912531697
2024-04-01,0.00958053321340379,0.004136419411387742,-0.0011137186123903239,-0.0015815970451599486,0.011085325459667785,0.0099224888171407,0.036330013121580705,0.011950106776519908,0.0426567606246999,0.010388487244007634,0.040947659324040875,0.015013914688803033,0.010223177229873029
2024-04-02,-0.0006896448060667522,-0.007126695207290684,0.0038486627863969875,0.01065138734353823,-0.001185110440547965,-0.0022409407544752512,0.014855119336515657,0.005153885943050758,0.010004001571389339,0.00381557796117076,0.018367016492913675,0.008789823137119563,-0.000657853792429498
2024-04-03,0.0016560060587600706,0.007257887765104519,-0.004265331014861069,-0.002728791914085574,-0.0016745499733812146,0.0021866714785149233,4.033884858077793e-05,0.00027206580519601803,-0.026145978370119154,-0.0008341261712602081,0.005702001348525272,0.017652554575119623,-0.0014874920171073786
2024-04-04,0.009124806993208444,0.010764364677844541,-0.004320890794559093,0.004466855625848029,-0.0014552163390437094,0.008280380638956737,-0.0007769493731521583,-0.004397039543445467,-0.00037848497551629974,-0.006269440712899775,-0.0010649939285734243,-0.007000244336611505,0.011116252965931774
2024-04-05,0.008953612532067159,-0.005059842394605143,0.005420223760693247,-0.002355884530570947,0.0018571195016974839,0.008532534833111909,0.0016797092424009905,-0.0019954142672748026,0.014230338134817085,-0.004028160572694003,-0.003932270913572725,0.007342470998940489,0.008951042644047521
2024-04-08,0.001826395888574812,-0.005226712248651516,0.0007433649269017729,0.021391295708980337,0.0030276320934787843,0.0022172545701493493,0.01092982463178954,0.012586604270555211,0.013241718907361458,0.011906071103103754,-0.007727102817709545,-0.00895000299371212,0.002426021401989267
2024-04-09,0.003059258800255826,0.00043348635976438307,-0.006258637645709864,-0.0031134045703835587,-0.001903528346895665,0.003589985080924829,0.011278282659538126,-0.006473793840583696,0.005300306628386864,-0.0032670021215961964,-0.012648695834303463,-0.008390008999285681,0.004443112109885939
2024-04-10,0.005240663714303768,0.006076167047578542,0.01226007466390701,-0.000645646500165115,-0.0034100280264123405,0.0016359488936866877,0.011758179364233323,0.010691327565031139,0.0058449561929724255,0.007365284022677578,0.01781543334626159,0.015147734807878536,0.004788615024093004
2024-04-12,-0.008652966253831182,-0.007823734551318226,-0.010917553796006438,-0.006106791118647936,-0.017325006639112454,-0.009061149080917938,-0.005381337183390838,-0.009116721452867257,-0.008885230443757063,-0.009727559581837558,-0.012159311686715035,-0.01265108794131773,-0.007882094931666257
2024-04-15,-0.01642799754713553,-0.015961375363575492,-0.009851636740107353,-0.007856401943175273,-0.009142908420449318,-0.017615648908436303,-0.005781161065225686,-0.003193291139271787,-0.01092680148089494,-0.007892611960696098,-0.022575181641703197,-0.020007976516332227,-0.01674098202543043
2024-04-16,-0.006056183136507173,-0.02612350999439806,0.0042654738076628495,0.0010487895133029104,0.004178104675616734,-0.0022132674837499443,-0.005379794454599391,0.0021048128564205714,-0.004574949804068642,-0.0025367569673046277,0.015613376672619328,-0.012815444878030656,-0.006582050944253387
2024-04-18,-0.008785522260211872,-0.002275137068200484,-0.010858851237303544,-0.008435253674996304,-0.009126524970355166,-0.009514689372926809,-0.003134182424001931,-0.00893363578198293,-0.005346176860729464,-0.000312239131260615,0.007650062083087206,-0.0018534880235485998,-0.009493876020147635
2024-04-19,0.010665359630509439,-0.0038987219509873175,0.0043435496559710955,0.004124665820455892,-0.0065610440467474,0.01300397962014132,0.009558388366341066,-4.317263272595586e-05,-0.006993035490970637,0.001758269465790524,-0.010213165250061296,-0.0028948931418986616,0.01107309836671526
2024-04-22,0.007345656080200329,0.005096629956719273,0.00833378054370143,0.009350081350898288,0.01287012836749087,0.0072236458067567386,0.002488784489920965,0.005377052315325703,0.007368173465214156,0.010087966362582055,0.0025364122380344294,0.030245057743241734,0.007420877276536149
2024-04-23,0.0009500103141427059,0.005226517221499023,0.007557458942714857,0.004647094259588822,-0.009661390140651992,0.0003609513662264623,-0.003448927026670304,-0.0031246405796353186,0.02550001871156086,0.003868568986166907,0.005265842586577361,0.00053862022651261,0.0010692697545526292
2024-04-24,0.004545599196794767,-0.00810045344413033,0.0005044468475752461,-0.0007943352875289641,0.006609977458392301,0.005068197042845492,0.02656942438598879,0.002917411420813106,0.008892632759319202,0.003936026012141646,-0.002868845642417595,-0.0022543009380551707,0.004550154975750835
2024-04-25,0.006328873457183694,0.0033404045419853185,0.006637146350598955,0.012577629342540175,0.015585861488997073,0.004780418584322607,0.011087028860328493,0.010745358429480595,-0.0024882335625008058,0.00690233768048104,0.004776825662206293,0.03704751635257544,0.001303601498605502
2024-04-26,-0.0060788314411224925,0.0033263826659741262,0.00016762798597821756,-0.002822589703637424,0.006152191813215987,-0.008918544053326575,-0.002095855166341297,-0.0005240085276417303,0.005899429565961166,-0.002477258664529625,0.011764674132448371,-0.0031251849281846997,-0.004527471309219361
2024-04-29,0.025056342377252933,-0.0025831146791206534,0.000578065002884966,-0.0014845242822069768,0.00536865753661019,0.021182109693317134,0.004991443006451705,0.009556817226459763,-0.010060251194289235,0.00702322669352827,0.0007323644513685491,0.0252871512013186,0.02138707212234204
2024-04-30,-0.000552531081082572,-0.011334270739884137,-0.0016863696773897114,0.018005986506137564,-0.006635646926503085,0.0013722595389755584,-0.010084337973799597,0.00036169160760211806,0.014385040135003154,-0.0014099975126129734,-0.0102755994648254,0.004817292509158609,-0.000615297857943745
2024-05-02,-0.003360094686002236,7.235506504198498e-05,0.004597572151876242,0.011218013539077734,0.008077188534907095,0.0014891431369764491,0.011243470881041951,0.01070391182592623,-0.0006166561461764895,0.0064222936986375375,-0.01589601342220626,-0.0025606274379326565,-0.0025974595414138906
2024-05-03,-0.006265646258022191,-0.008922924653381339,-0.003983886864748695,-0.0084882245212841,0.0004679391094758211,-0.003494251641942041,-0.0003502938535986335,-0.005654302793745001,-0.010334406807737045,-0.012944787171449996,-0.006381182821994198,-0.007601793377362081,-0.007349554277510186
2024-05-06,-0.0005775982918250629,0.00933836492252826,0.007091476535711857,-0.0006545671938633664,0.003646660560263575,-0.0024666900737819034,-0.009374006826300175,-0.017127136473631538,0.027206624450916043,-0.008789000966307955,-0.021818027676079373,-0.03732790155295814,0.0043272303428023885
2024-05-07,-0.012553058939861368,0.007672881939080807,0.02002141307705392,-0.018485923697373986,-0.018765530339111453,-0.009249877552049712,-0.024214161230562022,-0.021462556798633594,-0.03549938019733187,-0.014605962239805884,-0.014571639839133468,-0.02335109537631468,-0.014621578954287728
2024-05-08,-0.005487704189704092,-0.004126794750740501,0.0043525259707600655,0.015464965920039118,0.00024133538476742763,-0.005359353497254808,0.014658007742673416,0.015250044670125272,0.006421116179382333,0.011849040837188464,0.008729552854049872,0.008733236527010566,-0.00812425961733677
2024-05-09,-0.011165621346124508,-0.0038862366880293643,-0.025015322513587124,0.007746449618880384,-0.02219571559724519,-0.015749857274146947,-0.029104309659577464,-0.030148392002249575,-0.02252367333628041,-0.026580044633450952,-0.018044732357704495,-0.007358123077653909,-0.014394645626308898
2024-05-10,-0.0014075985634430799,-0.008185683208482711,0.011854350735609306,0.009393150178874687,0.009307204836405293,3.083322342105339e-05,0.015287630011174202,0.016285852896618665,-0.004373845939950672,0.010009729471712506,0.002259377342089147,-0.002942946286027962,0.0017743480445688606
2024-05-13,0.006997649553708613,0.004225234377246979,0.001160745822739114,-0.016961510564317703,0.01755381382075083,0.007351750952341491,0.01298690076942595,-0.005677480639471248,0.012272752079214582,0.002580226971049421,-0.0021745446975531403,-0.012381392742655714,0.008555400775578256
2024-05-14,0.002203614404426075,0.0014577602692182033,-0.00518862412301857,0.018181954833581315,-0.004134963645801045,0.00022350652792764146,0.027368725643646317,0.015978696915730485,0.008779569554407498,0.013301177097058869,0.007295676643531211,0.01037209632750072,0.0018107950550519383
2024-05-15,-0.003600330070505279,-0.00016464687293051632,-0.00909321886252137,-0.005037900543420118,0.0013617454754825124,-0.0032304406801034625,0.003177733854940527,0.011463621723384618,0.010155015011976647,0.008565901481962235,-0.005092963330572949,0.014148440183819097,-0.0033422837506958203
2024-05-16,0.006054543684896279,0.016502397023599215,0.008051872035699377,0.005564491184298436,0.005786277735038294,0.01080237119911446,0.003034774302182788,0.0031752342021707796,0.016189483750675943,0.008557485837414374,0.012168643055858158,-0.008865097534216826,0.006658708881197123
2024-05-17,0.0028846676903923735,-0.008548787949662674,0.00123020501715985,0.01727481503864846,-0.0007662793062779445,0.0029002021199633623,0.01608925540749013,0.0056208399411877465,0.01653345626001589,0.007250602663612095,0.009789467414074484,0.0016471264631860464,0.002365808494677455
2024-05-21,-0.0014027980671466199,-6.295722246044632e-05,-0.0017349053336487379,0.0029202630051153758,0.011710966707214675,-0.0018688184810582006,0.04332506392512342,0.01645223703936551,0.007593239268517333,0.006945181986820329,0.024829874300129073,0.02163713184874628,-0.004302720837186559
2024-05-22,-0.005556720706948552,0.006966489731598564,0.014173397051706057,-0.0012704267596330488,0.005825229361061003,-0.005214568804334372,-0.006200857380850416,0.008760410939500678,0.014034636323240032,0.003770075164267689,0.0072688840553611495,-0.0033712698403702847,-0.004152738134664182
2024-05-23,0.020438758407350825,0.012704152705280592,0.0025991558879001004,0.02226562626673971,-0.00524480554795955,0.018809969043997708,0.004024372897819445,0.005493970123041889,0.011223462102425572,0.01503588578442455,0.0034682423663385375,0.017069672516978798,0.019769402704563014
2024-05-24,0.004154832161642912,-0.006440568940232329,-0.008080134538811264,0.0017678513482624618,-0.005052702178649643,0.005536473659113654,-0.0031224922754909137,0.0018125958648308696,-0.006572404895263622,0.0008359945429072694,0.010385837027934955,-0.0008014657621355316,0.0041045621906689094
2024-05-27,0.006313333046136753,0.00504130678642273,-0.003407988784153802,-0.0005986706191512558,-0.00039500366857524844,0.005171360544912058,-0.006264291662442011,-0.00824823554697364,0.00846303803327418,-0.001231620060261167,-0.009746885370480532,0.01318884067085477,0.005400234321231201
2024-05-28,-0.0028377735007864874,-0.0033708048395795173,0.00020716484384216338,-0.002637810027877569,0.00541650227619219,0.0007532027024116609,-0.005218182801416112,-0.012128593933566937,-0.021887402346566106,-0.007922744239434107,0.003109169642927775,-0.012910271091657497,-0.003113042216470762
2024-05-29,-0.013125422060961147,-0.01003077337616725,-0.005400638651300418,-0.002366962573102563,0.005480426640974821,-0.01659118823768903,0.0026607726349735816,-0.0054728025003764535,-0.009000769622134438,-0.006195673127465948,0.0017496684760734801,-0.004875308328399705,-0.013741885538836325
2024-05-30,0.003724908672137253,-0.0221849438576704,-0.012707187732929871,-0.012151561887743113,-0.018299184531889934,-0.0010712468702652486,-0.030534026136510507,-0.0145323946146843,-0.004907395340818151,-0.011295082495504321,0.004808959034967816,-0.004501386477478087,0.003162369271304744
2024-05-31,0.006176103989232917,-0.012904980561637459,-0.0031876410284796585,-0.002192354614393638,-0.009251413850449036,0.005586916047451842,0.018512231541534554,0.006695951352942127,0.023172076983031635,0.005199255924768408,-0.014042277947842501,0.012753619874709155,0.005019940524634629
2024-06-03,0.036353687685725465,0.003861502737355057,0.010045049762560225,0.02417632292621675,0.0036032326046530243,0.03364723508260734,0.03287244595241226,0.031844422567472296,0.04341368769431537,0.027506715510920647,0.030875354277041862,0.0525912920637569,0.032824962726528066
2024-06-04,-0.03656793027057475,-0.006042246370873544,0.00944952595606524,-0.03388610730687432,-0.013932373907870948,-0.03622276842652189,-0.052509090503484505,-0.03351050192364347,-0.05439208196539749,-0.031941385899453556,-0.04857052507270413,-0.05293372154755901,-0.03921933205982397
2024-06-05,0.036353687685725465,0.023620581446190947,0.025908493938698415,0.03540720559137483,0.032678080459227384,0.03364723508260734,0.04395472142881397,0.02851386688974514,0.024989931786354398,0.027254234715329714,0.0388578156387008,0.028368123991639658,0.035849076089917456
2024-06-06,0.004825740326486466,0.02789115854065191,-0.0033721136694666812,0.004640442857337745,-0.0025523834102557414,0.009743673266509033,0.01420899884127188,0.016074165469842777,0.04341368769431537,0.016936985873539073,0.036143592806632034,0.028760879909538628,-0.00026366955506439355
2024-06-07,0.010319487659455055,0.033130256029965006,0.010054109086498569,0.025235622158970395,0.01782574914383306,0.01229684489969267,0.020662255712353077,0.02370413399687514,0.020546241717279413,0.02371191192755452,0.014464882324554677,0.012186133620508173,0.010196765682859014
2024-06-10,-0.0004478783690898994,-0.01847065443423916,0.0006623555180229876,9.796292161989067e-05,0.009996816521811855,-0.0004941792144902777,-0.0038462665068209716,0.005613100359460413,0.01314374564142281,0.00616206314910454,0.018476914603560962,0.007108826312622737,-0.000890836175516163
2024-06-11,-0.0015107243629730088,0.00015057607822574433,-0.0034356664092177074,0.00828407108941584,-0.004307686664682,-0.0013279221560563619,-0.0006433164595299494,0.0027301591603965687,0.011195300385191164,0.005616230509844509,0.017358686602435773,0.0014647325540390985,-0.0016501895000517902
2024-06-12,0.003802212283286512,0.0004632384316492003,-0.005157525548523431,-0.0005233534492312389,0.0025058037750178563,0.0048222075717152925,0.004972504108480184,0.00918565547807067,-0.0004106799116476766,0.008903058636892077,0.018745575810456376,0.01149990270728631,0.0038939512215646894
2024-06-13,-0.0009705529110232862,0.010211870324481877,-0.006605771448454332,0.006939242931511906,0.00502307368844073,0.002887948482140974,0.0001931428728294782,-0.0012789638533527836,0.022119801751437705,0.004756128372504964,-0.010942751788769144,-0.0006664409941988177,-0.001927876451611266
2024-06-14,0.0031107246803848657,-0.008733792870875987,0.0019039510366419313,0.01286913849207488,0.0028766403445595707,0.00515561348015754,0.007275076402832733,0.0023602393150796794,0.008181416175025526,0.005620179007618,-0.00034007927009664185,0.005312722385956712,0.0034102312725832443
2024-06-18,0.008739318314281258,0.005890334603269015,-0.0010219681683571273,-0.00026435349037716666,-0.0034741224975737895,0.007707184808070418,-0.002211806023170408,0.006490828492477465,0.018601986786239748,0.002704392462281974,-0.006459636513596667,0.002508857611361668,0.0109420179449924
2024-06-19,0.018797926255818602,0.003560946064146018,-0.009152679365538104,-0.013057764743677721,-0.00922961108918957,0.01575280244321912,-0.011890229906119517,-0.017247833989684228,-0.028749861644817503,-0.01785395663244086,-0.012996158545631024,0.00094174368190835,0.019930091194707192
2024-06-20,0.007466488701992967,0.00026759751547841875,0.00040766733669388356,-0.00449558994122983,-0.005100885756228375,0.00397360473256328,0.01802389589468667,0.003762552969328086,0.020018469778419975,0.004062399370098586,0.0011390046819982442,-0.0027206847546272493,0.011514820952252853
2024-06-21,-0.0023548976111389904,0.007523953055016235,-0.012063849183943622,-0.006971763897281749,-0.0008266788691603917,-0.0019010647781026162,0.0039966641770453675,-0.007299452751335749,-0.007393770276259235,-0.004877984382749619,0.00943323094243337,-0.011492109645906459,-0.001490480581544208
2024-06-24,0.0008223255177726104,-0.0016063894738805459,0.007164786349885152,0.008630646078301064,-0.0003713230978720679,0.0034604625394068825,-0.006431549952915969,0.00016306272182411145,0.003043293712257001,0.0015349315174538831,-0.018831387945588567,-0.0066510696878086155,-0.0011745463044498187
2024-06-25,0.017296015872525123,0.008023136456982043,-0.0025985257791856196,-0.0023556467158340213,0.0005710322951443093,0.018866272954673895,-0.007015633547360916,-0.0051771896460365155,-0.01763821704714248,-0.00036526192693230915,-0.005058724893674272,0.0012670786960281002,0.016821713019625865
2024-06-26,0.005015345682290795,-0.0005730869025392545,0.00388332748073828,-0.009204501805110907,0.0006678410026986892,0.0034837824396431465,-0.014628527688207134,0.013996719237100129,-0.014447203877771327,0.013310177764692043,0.015915827596329625,0.003296306663050891,0.005721905185302189
2024-06-27,-0.0011203296027188692,0.020050850428852122,0.0036310799590043162,0.0068711270792447465,-0.0015641944052009898,0.0013617985851232606,0.005451343250834119,0.012651548206008268,-0.0005003969631506138,0.01010929854705186,-0.013558602426080327,-0.009195572073100193,0.0012506942219907117
2024-06-28,-0.008921313426579956,0.0009352579669167941,0.0015207961432114273,0.00036510632053464535,0.011045725023411968,-0.008695906608987,0.004790136022086178,0.010750478143644451,0.005263930979184129,0.0029658512236785724,-0.0019305145239932578,0.008801959357144559,-0.012437892500883703
2024-07-01,0.004432082133301923,0.01949209699779086,0.006985231457512412,0.004878835747157482,0.0013522085343565208,0.008958357302311348,0.006955366780999766,-0.005263953361071762,-0.0033547507117757643,-0.0002463640728101705,0.023929036009090975,-0.007590583667521227,0.005144841176908447
2024-07-02,-0.007764739541481991,0.01159400333178465,-0.008530773431233735,-0.007650464449841625,0.0014237271085719419,-0.00552498422511526,-0.004777209113218709,0.00347604665304562,0.008230849004190305,0.0007005456428236468,0.01045678698790145,-0.018256680177876527,-0.008850543278812123
2024-07-03,0.017503232617334264,0.00040751674188723493,0.008930513011348598,0.002065093267305661,0.006493467017527517,0.017835115283132436,0.010558398139175905,0.0016754498274790704,0.003327297288991905,0.0003884934197305801,-0.0038628139277105903,0.010559845674592599,0.020029729978409027
2024-07-04,0.00027213141635999054,0.010968806773806107,-0.0020860751413993477,0.007266151149849932,0.013827861540007985,-0.0018429964548008625,-0.00033202408978127166,0.00151136120705684,0.0050596964465535604,-0.0004814721472264799,-0.004488942872467236,0.0016252953990020633,0.0007372903298697829
2024-07-05,-0.008383760829631158,-0.00013647889242570236,0.010713849039738712,0.0012548694391172099,0.012854928419284069,-0.010014476044558074,0.0033857155752349895,0.016029415493993678,-0.00031266663835068944,0.012328907138083128,0.0012950798358086337,0.012412325331387523,-0.00977458256789519
2024-07-08,-0.004463978659639256,0.0005698156866738142,0.016136664882399752,-0.005440362543332617,-0.006280056240915721,-0.0023291031840225692,-0.009386515555914335,0.0028426089137751137,-0.004343041527901173,7.030547096645214e-05,-0.003718706502550077,-0.01614901146800621,-0.0025139590906269557
2024-07-09,0.002723951256397956,-0.0019520145601158165,0.009702606938478051,0.02204498567116653,0.015620893241393147,0.003210612427772162,0.0004606228809759756,-0.000838668915252843,0.011377194079242772,0.0013556330381852956,0.003572155352269535,0.012710885772605493,0.0012301473436695327
2024-07-10,-0.0072452947212723,-0.01035103440437432,0.0028170094705075306,-0.020371804115969016,0.003874553905348111,-0.002687166955910894,-0.01623121774779269,0.0015536210687295369,-0.00035499348206340716,0.0015370637887538799,-0.017790719263628678,-0.014127850200357355,-0.005577342497151796
2024-07-11,0.0015574901826520202,0.0013898737896415165,0.002811524632679373,-0.0018018492018954154,-0.006012941895179189,1.4814412039599002e-05,4.630198082404927e-05,0.0019056578750706174,-0.01497870631517086,-0.0015316875333654088,0.010264618017684607,0.0017277368419988674,0.00163361892717235
2024-07-12,0.0001578199095780896,0.03479592568938993,0.0035063183756593235,-0.0044363086240985375,0.0005314252068282956,0.00020977830978312757,-0.0015490153895358588,0.0020910440110659895,-0.01516081276597167,0.001343052518715732,0.020580056198894785,-0.005282414169412407,0.000671465485518862
2024-07-15,0.003379968716949005,-0.002865193887971524,0.005758938171591386,0.010851494047076913,0.01118757672114871,0.0036979387754351254,0.002201835899436133,0.010601419653347214,0.013357223174373737,0.0072396009673667185,0.015144081506857013,0.030200197785569895,7.260423940240178e-05
2024-07-16,-0.0011272511427603748,0.005897263197830816,0.009517450543904087,0.0024792256694747446,-0.0038020503623297235,-0.0018377621117291495,-0.0007813866123389284,-0.002281871256769186,0.016427176359579517,-0.001381605148952569,-0.010382326272762138,-0.002474836307905602,-0.0008780281979950167
2024-07-18,0.00426402793328968,0.021956096068607853,0.00952170555740852,0.0036740959333128017,0.00013966411508446866,0.005698734394506698,-0.008786669837147213,0.0007484336544733266,-0.0031570749495089473,0.0010497130257933424,-0.03635254965131646,0.00023628293303288136,0.003974780770627669
2024-07-19,-0.006771122831425262,-0.0021792483413393023,-0.002247559980007602,-0.024273016655562182,-0.016650930899435798,-0.007900040439761587,-0.04030030911165746,-0.027524720874167723,-0.023886845904104295,-0.023643044674469326,-0.023512170826356565,-0.01422878781868853,-0.008492015775899234
2024-07-22,0.0002830691771813861,-0.0037681106971605887,-0.003380326768814685,0.011447124659657514,0.010526829019265358,0.0012896715210136875,0.010136090914857827,-0.002792601597489419,-0.00484654308547982,0.0038785503279795196,-0.004723433254722831,0.0025847625139402493,0.00026911174066270564
2024-07-23,-0.009650352285402888,0.006804288437206953,0.025908493938698415,0.002805846518936446,0.005497953407403055,-0.013752400025236075,-0.009401746907145627,-0.005402511198007019,-0.02313669148004849,-0.007959216426546721,0.011501448748279531,-0.014112651814071172,-0.008292973737691908
2024-07-24,-0.008949076367078798,0.0017552844304754283,-0.005275317997405457,-0.0004996346197962318,0.007351748907138119,-0.005982475140706508,0.00043720741107391867,0.012265262576545533,0.007756369151698318,0.003439221084122482,0.02436798135266942,-0.003524732704152955,-0.007600456583129421
2024-07-25,-0.008380203780163626,-0.001485602671358613,-0.0006893649613232686,0.01249805517860006,0.009377895166386716,-0.005002741620557055,-0.012940654932710382,0.012610046765065618,-0.008319382920200447,0.007817746938405442,0.008041443222971822,-0.005834754836453981,-0.009249906518097168
2024-07-26,0.007969908944948765,0.02275352073480687,0.009438827191454006,0.024032500259356843,0.02330313480664449,0.011525731295482797,0.029660722941913874,0.010882739875217168,0.01147940634582714,0.01984949005697624,0.016638451645981767,0.016502596986854415,0.0058619345549128
2024-07-29,0.002147973938197812,-0.0038448677241490112,-0.0034325275898613107,0.006676590586717501,0.003320374986012075,-5.9977590513818527e-05,0.0028504672637208223,0.004624036239640663,0.014189231375115501,0.005458659126190416,0.017858113907464477,0.022285645509789998,0.0027550320806115918
2024-07-30,0.0018084701146688046,-0.0010723506357672356,-0.011177396608849675,0.0058255482394588935,-0.006208332303740427,0.0009731024455330885,0.001908149970869349,0.010753811733732827,0.004336223138102035,0.0021042715496466034,0.006580111717922792,-0.0008006695407154664,0.0032831935505736555
2024-07-31,0.001049902848337241,0.001831492176545642,0.0042485402289409065,0.003916213887324091,0.010912425374356004,0.003174287266928068,0.012077859496338945,0.004055893049220497,-0.003696062922124518,0.005917796585747871,0.010615738587927285,-0.004262879124170077,0.0015315649404822273
2024-08-01,0.00020562121810672305,-0.003474801345745054,0.0014647253546123096,-0.007439971886473485,0.0006059204293949343,0.0010096639337492282,-0.0010649275930476325,0.01948930188597136,-0.01715194925283941,0.0033734054769335047,-0.019043298384466237,-0.009979423714030568,3.874019763845195e-06
2024-08-02,-0.004155927509398077,-0.024344845200088262,-0.006908621554157981,-0.02961794609303922,0.0051495541922689765,-0.0029891733037302835,-0.027389875500986736,-0.013892221494899864,-0.03598361908726299,-0.016128870484020022,-0.004204761504270111,-0.01735461227203091,-0.0039025826819210204
2024-08-05,-0.024804484852365218,-0.0331209412064948,-0.003158253567649243,-0.03934744125544064,-0.014708426897605717,-0.026154514206127386,-0.0497487808810973,-0.03351050192364347,-0.0442064007132807,-0.031941385899453556,-0.046835260638100444,-0.041712428567316086,-0.022933950706307583
2024-08-06,-0.006887034348547458,0.004885803577968684,0.0008720619964678196,-0.00757518482937856,-0.0009502707483614053,-0.010714970661384866,0.0029800624282886163,-0.0038993779323844373,0.008329606036240474,-0.0013291901562659993,0.0015206718034655997,-0.01271915446318602,-0.006056748638057051
2024-08-07,0.007423869843349755,0.014665102066140502,0.011595685015466943,0.016885506923682438,0.021762504640578755,0.012560621182002537,0.026586977314759504,0.02155414965070389,0.018172901630749083,0.016226180841770705,0.02543049432025102,0.014535407347352234,0.004797534201699949
2024-08-08,0.0007519113966770541,-0.019229602838755282,-0.004504445481670464,-0.0008123567040362776,0.0035016426100813324,0.0014744993031268673,-0.01759387106640458,-0.01657072007942419,-0.012144686760291396,-0.014241287429441958,0.002377097474403001,-0.007787604917050336,0.0009176312452966763
2024-08-09,0.006514269364804872,0.01535680464117066,0.00184864580048523,0.01708225451557985,0.004300214621826814,0.006324552337417955,0.007669021478220741,0.012314070533910107,0.015378069719612553,0.009751276362404122,0.01814948615943486,0.01906704245492824,0.004931281381055731
2024-08-12,0.0018493366449316277,0.0016953959975708687,-0.007896656128371805,-0.0026745841137753705,-0.00017792000480343212,0.0019668851850710685,0.0074899089482677655,-0.006966072061653504,0.013071399205033576,-0.005096786918592364,-0.020720828853027815,-0.011865179422406976,0.004378668740821696
2024-08-13,-0.014861325931531793,0.00013552756171453364,-0.002804375508930582,-0.007827541275150049,-0.0006306704346396856,-0.018926446514827857,-0.016508851319557497,-0.008087861781988026,-0.007365064647890641,-0.007362620728694697,-0.009542383591399296,-0.016226249156593,-0.012430018186009046
2024-08-14,-0.0021002754085631572,0.015635801472393435,-0.0031017547525717245,0.0004643870316827147,-0.008094297257405033,-0.00022579030158880234,-0.012678978002789512,-0.006395793683236871,-0.004826287171391855,-0.002998053690438541,-0.010649925851974123,-0.0038600134755731193,-0.004012891276395388
2024-08-16,0.015753809052220322,0.028460105057391157,0.014697669141503358,0.01987996678472779,0.0042521588897419926,0.016876315956174257,0.016795601739884133,0.010903964439007223,0.024617518277022184,0.014524298083963485,0.02072645229938597,0.010177541083205639,0.016411280784625542
2024-08-19,-0.0029448701837599305,0.00873417520913796,0.0018155078522398033,-0.008970713636965071,0.005924091554986353,-0.002331211687002679,0.018490296064802608,0.013233296262426034,0.0014769298021127801,0.002704362889961514,0.010192387604337536,0.011960984780890234,-0.004816431471761252
2024-08-20,0.008595297131399825,0.008113814085977201,-0.0013719439439878885,0.005160350559309611,0.006114969564417536,0.011082389524845937,0.004649774142538552,0.004496827172433683,0.002045159675977729,0.002164710072130152,-0.0026708945933839818,0.016666203593043737,0.010143450110668367
2024-08-21,-0.0023174542542376366,-4.68879750987651e-05,0.013584823840816279,0.003396187206343064,0.009060824994438605,-0.0014895796707952076,0.006432463383591051,0.0014646798319159168,-0.013200178847828098,0.0034496732425469824,0.01190366616999538,-0.004283124210622161,-4.1308018011388305e-05
2024-08-22,0.005904310401470354,-0.0015564432341733027,0.006189260566409015,-0.0009032035240755279,-0.0014094843770384583,0.004462098949942985,0.00669170783373984,-0.006220079942832829,0.0047069273681642045,0.003464687917917509,-0.0019304107618831761,0.006715416799423189,0.0056731166847088415
2024-08-23,-0.0010253226283482178,-0.01008162445398072,-0.001171879583339763,0.011166213823208206,-0.000809780430319437,-0.0006454486306216839,-0.0038406321129147935,0.00039234106047706204,-0.024594362772825586,0.0005933629704265417,-0.012989557851731892,-0.005967028492973528,-0.0012343939119689596
2024-08-26,0.004205513307253468,0.013830709739946923,0.0039144568833910515,0.0035043957669748833,0.0012022151837682157,0.006608959353210713,0.02132526736689687,0.010419038495909442,0.017429022686302576,0.00804028332759824,-0.002249999059057989,-0.005028538020121046,0.003936882208841555
2024-08-27,0.002551059734062977,0.001131046615957582,-0.010688756275802038,-0.0011397077159371702,0.007687122759119703,0.008201964962283715,-0.006129963444331445,-0.006146712532527962,0.0020249518617453865,-0.0008295047435783278,0.04014165121512605,0.000415223821145583,0.003037954806025744
2024-08-28,-0.002634155224423855,0.016293314439457432,-0.004257095528006928,-0.0012550371887052924,0.01137853138562251,-0.0024331398555315913,-0.0019047781728367204,-0.002889902016115807,-0.0018319674227847606,0.0005619977410844856,-0.014177321488165534,-0.004490814920263247,-0.0013735342814971147
2024-08-29,0.00017397327744088755,0.004641946800510032,0.0071395277701946395,0.005433560236431387,-0.0048422038063735025,0.0025560578697023215,-0.004775117539041714,0.0060418839275571245,-0.001641910072791293,0.002751900737966789,-0.0031201734309513865,0.0015661794936918361,-0.0014808225926512739
2024-08-30,0.0038681559883432283,0.004594845496240401,-0.001635193073571403,0.0058398726395887425,0.014732625174899004,0.002380418253355581,0.003760263103878944,0.002203124371846486,0.018104833040131454,0.005926894193871861,-0.0035574566155267603,0.002981882098617264,0.0031035491203349145
2024-09-02,0.0017229366412050055,0.0043795156509273655,0.008194270682332862,-0.0038817903490942444,-0.00996221408319302,0.003785480575542054,-0.010485080059863702,0.0005837486978208621,-0.002376088122603372,-0.0027090210979430966,-0.004739152750646254,0.00505468208720532,0.0025000413595898502
2024-09-03,0.004839610770749729,-0.002896547929901999,-0.0014614890468554553,-0.0014105849720944315,0.001167414959194917,0.008170012233689657,-0.005646030710471513,-0.006997477331020743,-0.005247352470504706,-0.002999135676821967,-0.014499176490315116,-0.0034598036850961894,0.004625747979222896
2024-09-04,-0.00560392153107091,-0.009397309953968008,0.004042309508339819,-0.003863869151774041,0.007363859750054799,-0.003691602150783536,-0.007510779468048114,-0.0052531757252057614,0.006483553258339435,-6.929467144986356e-05,0.0008232395150812921,-0.017015626487430286,-0.006551750473267758
2024-09-05,0.0014153486444019108,0.004563098553620693,-0.0006669633102345371,-0.0038226848698310707,-0.001195533787844678,0.0010671975874512766,0.002983970431130911,-0.00785157922512416,-0.009789253236116569,-0.005639354787795214,0.008074375547305517,0.0032365965817437252,0.0008944544424604588
2024-09-06,-0.017564392290923443,-0.009797006032045683,-0.008271096285388255,-0.011999197113659224,-0.0049047104318382904,-0.013916882927569646,-0.00563836490134271,-0.016427039345807467,-0.009498372737702003,-0.014576505981051091,-0.011079804524276598,-0.036319402207962745,-0.015540598796052433
2024-09-09,0.010638795816790888,-0.00736438759321441,0.020215929284004994,-0.0012504466484304004,-0.0014765662717830966,0.008143649349569378,-0.006807241922089242,-0.006791134677477589,-0.0023765755547549465,-0.0031955510193148293,-0.003745025872729343,-0.001970311139785064,0.01117743715752082
2024-09-10,0.00301787213611479,0.01715085956922944,0.0018457489506569084,0.0023975401015822913,0.010696850435365191,-0.003071466143423429,0.006266749408198143,0.007524043552215383,0.00879910480727065,0.008830773184071982,0.026518915671507506,-0.0005421711354438656,0.004161037512218186
2024-09-11,-0.005128968634069694,-0.004015594140914825,0.0028325466426118054,-0.01243590669968998,-0.0015684760274088415,-0.002832849612721257,-0.01407823313839815,-0.014717113715134263,-0.011716968987833486,-0.00965036925875269,-0.015132857657368512,-0.017674739592353543,-0.005039866577950186
2024-09-12,0.014835466619373659,0.015855458385830558,0.011437691073654747,0.021137476128564266,0.008968944099222156,0.015279663049013107,0.02867696918432158,0.02072254530226869,0.00877638126796086,0.023499734588677747,0.0037507492133241785,0.016966452143740537,0.013927043920036578
2024-09-13,0.0031945186983693644,0.005598164313326739,-0.006898667806709178,0.0015910201314641025,0.0011965207853565302,0.0014168417742189058,0.008552503032496541,-0.006336899246454282,0.017182870364377923,-0.0032997176767683963,0.016635494271687718,0.012233310095834452,0.004830352533387586
2024-09-16,0.0041328750947581695,-0.0009614886558091993,-0.007184999241475159,0.00034078203832176853,-0.0003794957898153686,0.00042939157877193933,0.006069679313009199,0.008016730616917033,0.005725453289316601,0.0015843668004600488,0.00988749072267561,-0.0001265264619420718,0.005032227889994969
2024-09-17,0.0006804560096334505,0.0014372078615803112,0.0013837692846806716,0.002580905986212563,-0.002780111664646285,7.090963839589982e-05,-0.004203887860688971,0.0018658013169828079,0.006115076488776806,0.003417145704360066,-0.011966594764587031,-0.005832836573660298,0.001648955884971547
2024-09-18,0.010706317288215363,-0.031011433335449673,-0.0011043714845795141,-0.003557050590911675,-0.015447842518763952,0.01388103243819873,-0.008300152484913495,-0.007014224429534698,-0.0023004787046725906,-0.004482069629606571,-0.0030082797158274867,0.00023221275122014819,0.009563519246493901
2024-09-19,0.005429799800114159,-0.0034199922842810325,0.005567537021499338,0.003991379567398718,-0.004136578851726754,0.0031499772619545375,-0.0063948508765629564,-0.0005621506168231713,0.004923231137461342,-0.0021492900078978255,-0.0247862503560364,-0.006483562801919022,0.005572560721162423
2024-09-20,0.014145925158782133,0.0061508660944657205,0.013680295368528933,0.01861927207943213,0.0032697952188229756,0.015675315651163854,0.01641371676713375,0.012282864220686675,0.030040014227033566,0.014579031951224165,0.0033259415393272792,-0.0008746633402210165,0.015328061218934003
2024-09-23,0.005794352813654416,-0.005153698486996248,0.0065731723474777405,0.01544579528415365,0.005591752668649563,0.006590004388360491,0.005360785328758033,0.012073841443510168,0.022041111174536155,0.011566413801047008,0.0071967786996063625,0.033500114924537285,0.0022238656933196905
2024-09-24,-0.002538978508845427,0.006090384289369778,-0.007699471185621381,0.00428281748240766,0.0023379670564733827,-0.002787070332852942,0.029240970910965086,0.007748269098017511,-0.003023724458767431,0.0016868919308124163,0.00012030943036009701,-0.008616166885746724,-0.002813390278970459
2024-09-25,0.002462230673423336,-0.0067217245263119195,-0.004187527873075151,-0.001193099042604821,0.002609949879399126,0.0041747277898741405,0.004279303529308364,0.008131235089158646,0.006569355894247388,0.004394647691948466,0.029001238608449623,-0.008720770663081447,0.003064101083571951
2024-09-26,0.005046299322874193,0.004753808930024287,0.009647796332518768,0.02235653896814038,8.173740632099284e-05,0.006688837035071822,0.021106018639302074,0.0018218300068718806,0.001017068231401126,0.004101182972269092,0.004081876330591039,0.010139910719271951,0.0041308337929049695
2024-09-27,-0.010000129903335453,0.003591736771604651,-0.004718793062792704,0.004155557906319201,0.011468982621317606,-0.009887543558524156,0.007870188683687725,0.009019093491259927,-0.012004945575554309,0.0026663174338494512,-0.015576908178693139,0.007189760076823632,-0.010385299880595392
2024-09-30,-0.016032174897345076,-0.008699452942241639,-0.0046443694834432635,-0.02136145223274789,-0.01016670601392629,-0.017318253871106706,0.013201626385085747,-0.011930824557902068,-0.016961836114320245,-0.011866875294740863,0.011144380216901196,-0.014342761004783695,-0.017149031861447686
2024-10-01,-0.001048151776964424,0.011583300707728823,-0.0010594864691552026,0.002079073967369526,0.0006591801044866872,-0.00011649074980877647,0.0024093077397455242,-0.007478457726709784,-0.001958262290267176,-0.0020438850596646257,0.015888997650606168,0.0009024881811979663,-0.0011930662879621103
2024-10-03,-0.02056815774102152,-0.01596755914398854,-0.014909502523344106,-0.029274042325423147,-0.005069403814431414,-0.024646026630391147,-0.006669016903653895,-0.02639902605633706,-0.04460508371705705,-0.028744398603322063,-0.02153974667706876,-0.012477251634492535,-0.02646125384953937
2024-10-04,-0.007417682578876221,0.003582872205814216,-0.017547862873121756,-0.014390841413406961,-0.0036327905140011696,-0.010936179460735902,-0.004124674469972235,-0.011103627884524106,-0.01653243226250296,-0.014210023249580858,-0.026446484040130086,0.005413268680325725,-0.007614579487130922
2024-10-07,-0.019289261773879247,0.0066133726565663015,-0.0055645055189637044,-0.004606327186999482,-0.005074553729670728,-0.017108716263428334,-0.022691579950152693,-0.02505657734345901,-0.011355197912201105,-0.015263145558470628,-0.037212976170315,-0.03366711620980779,-0.01831907399664845
2024-10-08,0.010681916444619825,0.004657221026307732,0.004720034867559137,0.016484709639121124,0.014265904157933967,0.00993067475291792,-0.009334021948609704,0.016275436863109016,0.009560510726235916,0.015781938148642108,0.03064856280101807,0.013425381882721904,0.009848202114508391
2024-10-09,-0.0002744344706917072,0.005533442811480326,-0.015792021549556588,0.00812929996345325,0.020210238920247817,0.003963948623040241,0.0006429946968398873,-0.008062313462410306,0.0212304781498528,-0.0012729295729559367,0.008228905916514425,0.006566454091442744,-0.0001714775412320923
2024-10-10,0.010218719212350411,-0.012606457683700785,-0.004470613170897878,0.0029540167294314,-0.02033032654161678,0.00924324419824477,0.003991736238918015,0.003170546589261834,-0.00400026553092602,0.0008906874452199291,-0.004565918766810465,-0.0026380847541276216,0.015740841640742527
2024-10-11,-0.006983212134293377,0.005848992682944245,0.0003850348252971349,-0.003470227886985611,0.011819927452020186,-0.006420815420146696,0.009381714485549435,0.00015902589614971558,-0.006942976172077404,0.0011899731096333042,0.005938914164313238,0.0,-0.00478910399528708
2024-10-14,0.012517935442152819,0.012605742689022965,0.004694194152507463,0.0010189450883532135,0.004136499611435772,0.010322378396428408,-0.0027926839344063164,0.000461126187043685,0.015968308403456623,0.0048052699167976665,-0.010039394874611954,0.003965786173219126,0.01061516935742876
2024-10-15,0.0017180696983880427,-0.003304734908987477,0.0037669821709332934,-0.008384314338318119,-0.005263013789412018,0.00024720511012084253,-0.01453728080475012,-0.006069858155747925,0.020315314840367745,0.0007868952672641169,0.006204900743749673,-0.0021056032651047153,-0.0006117574080849376
2024-10-16,-0.0020239560142832065,-0.011784264863167443,-0.0037517636922929994,-0.012793630955768237,-0.0037577194817503034,0.0007917090959259001,-0.002086738884504588,0.0005096820783978937,0.005452788319941656,0.0015394587324898666,-0.004819962981596461,-3.0175430288946335e-05,-0.004285163887356478
2024-10-17,-0.009938014425723158,0.011855656847377079,-0.016496502637681876,-0.03606666705153995,-0.00913291649822612,-0.01258176049289254,-0.01430889139402507,-0.007817700026019123,-0.03833067729390149,-0.010536013503065475,-0.02206905002278047,-0.005021562633995562,-0.011279110161886326
2024-10-18,0.015581183202946233,-0.014800959980139854,-0.0050761792769750385,0.006210912404249629,0.004385279798970168,0.014913400039072794,0.015560476011930918,0.005415628407302053,0.0030122897374198136,0.005186592032542819,0.013706237802015166,0.01302047685358956,0.01879064382654837
2024-10-21,-0.0025274647231901728,-0.012999011432381894,-0.012559294588985186,0.0041647608501139645,-0.010047654839921896,0.0006931985787375297,-0.015196084352345731,-0.005374167715677525,-0.01408713302615747,-0.008443320293084493,-0.028736241938672615,-0.010737599633637714,-0.010857628061771613
2024-10-22,-0.013671048466876334,-0.007823531930867928,-0.004644138652775195,-0.025045851452525275,-0.012818205621912366,-0.01067471467879017,-0.030437316642785744,-0.02408559141305228,-0.034380872446961794,-0.018926353195052165,-0.02583026938591825,-0.042741433689012544,-0.009781738103151248
2024-10-23,-0.0003541291641944495,0.023564237943065468,0.0016103308703602822,-0.007170137249654993,-0.015744307251883114,0.002176937978752777,-0.002530327091579906,-0.004934833543312005,-0.000601509445771509,-0.008102899561595886,0.0033299124733647562,0.004535977951479698,-0.0027598478467499225
2024-10-24,0.0056854880315095595,-0.0019499317646018454,-0.025015322513587124,-0.005184970693838189,0.004404797764258121,0.004291485304347078,-0.002348017305867468,0.0032625376108694334,-0.011397046035275173,0.0012460981208394894,-0.0016764896086396877,0.012110344954680975,0.0036551589822850722
2024-10-25,-0.014537187430073713,-0.0023996579827607577,0.00872261316246373,-0.02184224419221598,0.00016613006118396356,-0.0051044116840213575,-0.02450674922128793,-0.022245992934958336,-0.011733631494422072,-0.01826551129124873,-0.022238786879543282,-0.022983746954416365,-0.012215045802448312
2024-10-28,0.009247818775387358,0.003953910016992274,0.005825085743945001,0.006915248305464791,0.012445153510416168,0.005427121836457392,0.025040409775209677,0.001528382482593993,0.013659072338125595,0.0038833662157186886,0.019421144233878217,0.03708292132173668,0.0027200772133239176
2024-10-29,0.020494991120592315,-0.004130008917563258,-0.0008238784323389027,-0.01580792169469367,-0.011256485122041169,0.020571225932131988,0.00648325006736574,0.0060217012520365956,0.014173916179274451,0.004244205887925901,0.0031531780923356014,0.03579386882686114,0.015211453164341183
2024-10-30,-0.00985714490288118,-0.008670243945927799,0.009164154498199384,0.00022891450209576908,-0.010069873940215154,-0.013241191859818313,0.00039614107468496473,-0.0016185007816252928,-0.0007988295472934671,0.0005690839735818747,0.023085110182234896,-0.002577741603659895,-0.008981681704430231
2024-10-31,-0.006431843767241447,-0.030731217026636934,-0.009178538167535782,-0.003366718142080973,0.015987818516367873,-0.0062953952623670695,-0.0016712559905159813,0.00014760614909283993,-0.0014995504342562153,0.003957611853183203,0.01806714793193119,-0.0024058565761353426,-0.006820402919693051
2024-11-01,0.0038497055520845392,0.0006456524002318919,0.003880763361808472,0.012295106431232576,0.0031442872961865527,0.0025525220275789684,0.006779925400174209,0.008454810293111745,0.009508933787359931,0.005171679599596549,0.004077855511829168,0.00787920269605746,0.005036829700004897
2024-11-04,-0.008915448955357298,-0.00029305770852229807,-0.011669079711039858,-0.00981039031356648,-0.00743090373123667,-0.012071668904630014,-0.01582148930409521,-0.026353600485128192,-0.02977186189198932,-0.02136162260964366,-0.021792001605746954,-0.0023853437684547567,-0.013316272172656397
2024-11-05,0.01918403487432157,6.928647830760563e-05,-0.003436051578823269,0.011237606752110219,0.0010132206751522145,0.019613883528841514,0.028004367776012503,0.008258782637616419,0.0062083306238981525,0.0027777840882711124,-0.0023218168947784644,0.018185131183732342,0.019228224354844805
2024-11-06,0.002107607725449364,0.03479592568938993,0.0036250167576645453,0.012435188377528618,0.011368727831597591,0.002165131058655633,0.01576600681962253,0.01625647758850739,0.02549409369962727,0.017229917928329917,0.013999940098231831,0.013844045461945419,0.0003450948470674875
2024-11-07,-0.007692323137335696,-0.006852755251594436,-0.00982691504417171,-0.013572582637955053,-0.01731280964938004,-0.008914261323504464,-0.02767738612524428,-0.014571257007843645,-0.014445359948665526,-0.010150549975650765,-0.002119992339853392,3.580315426160605e-05,-0.00914909570063558
2024-11-08,-0.006867222217467195,0.007106019184903287,0.0030744657464858026,-0.0003066414978878763,0.0006789906234445176,-0.00552493665713575,-0.008977746211734364,-0.015166862639379214,-0.02942882488283378,-0.00667158956314102,-0.021144796664558346,-0.019895116737529805,-0.0034818608224987816
2024-11-11,0.00610127641765172,0.012763629724205007,-0.00887156196147196,-0.0031871515457425306,-0.008822308901119492,0.005247412369228588,-0.010002743425055072,-0.004075595516255189,-0.001499612122252707,-0.005948073431038135,-0.01311667196259746,0.004831106544803901,0.005207416974916905
2024-11-12,-0.01395572420980314,0.00045187872923564145,-0.01640868452867417,-0.019590576471716505,-0.008659306255130571,-0.016678366866497596,-0.015059249593138712,-0.014266961797794988,0.0018095809068104528,-0.011985769268418399,-0.0060384122630139985,-0.01943645803376827,-0.01121069050109168
2024-11-13,-0.021126511396689276,-0.00564966112356514,-0.004486107325872677,-0.021893263524941,-0.015573190859905824,-0.018211695042472942,-0.02698981873660483,-0.015798180883332402,-0.032230390045157785,-0.014571553339959674,-0.021837995826845157,-0.031288117866536895,-0.02040160843749732
2024-11-14,0.001819111435817084,0.0005038101555273967,-0.015390290528886711,0.006536878107690522,-0.0026308128210775048,0.002671651379022463,-0.0009113614604402018,-0.0018094844884487316,0.010296250756615943,0.00023719588252060878,0.022305796146378058,-0.006983483070534152,0.003264047941783392
2024-11-18,0.003665089802305888,-0.023493474176755003,0.00948564349251699,0.005629007656669148,-0.009601371218379576,0.0024709831118461005,0.018844528709509315,-0.007868140205426293,0.005581298986075976,-0.0037126294408281494,-0.013313167406634208,0.0064633379694773695,0.001372481435626491
2024-11-19,0.005202476064142504,0.008220867239279504,0.0011393659114255225,0.013604848010374744,0.010375694806642246,0.006230162723512183,-0.008517189541069753,-0.00471767172562958,0.014646727013794235,-0.002442993219207347,0.0241665478797277,-0.006247747807118578,0.006469315264782314
2024-11-21,-0.005021853583054966,0.004885228449815338,-0.012221760288562061,-0.009186077729107291,-0.0013215673878894225,-0.005553196814422145,-0.02301406656696345,-0.02196744397681687,0.009270771089280752,-0.008964884677025664,-0.024271849074993572,-0.027341216067593023,0.0008200685282492851
2024-11-22,0.015023685067740456,0.032348540468441316,0.022419906422583392,0.017482210497310222,0.010157535874797877,0.014939369608899166,0.014666937225080392,0.020306901151742957,0.031240725270984846,0.027506715510920647,-0.0032442427355980977,0.029510095718919924,0.010351232040631283
2024-11-25,0.02074917662672449,0.006579576411408516,0.007028874418645404,0.006868980866228489,0.009742006193955021,0.018244083099305235,0.004151327429467886,0.013124172627871956,0.021870880360238813,0.021241621249284894,0.01819445755604868,0.040789141542204185,0.01597819241257923
2024-11-26,-0.0003065163483417977,0.010667807551442404,0.008334520089211405,-0.012877443600441579,-0.009755701786989208,-0.0004946809717241039,0.0037866071012348707,-0.007698606122504697,0.0006318124345475013,-0.0066726354165469355,0.00813863356205678,0.0015992423543994662,-0.0010147419050514162
2024-11-27,0.0021111558615275455,-0.0015265939823402885,0.003285697871012524,0.0044470063492169755,-0.006081285130634047,0.005174390011216323,0.007892044708209903,0.014431550143056344,-0.004138171869120872,0.004325012153603504,0.009730692490743199,-0.0008840495683784144,0.00222831913716233
2024-11-28,-0.007580006091594729,-0.02414141858225739,-0.005573985143373236,-0.0164048088647697,-0.004591671525669902,-0.010478163862074329,-0.002506657987368,-0.007457434397148097,0.00043892323287271295,-0.011362094318867352,0.003180300141466056,0.009229149787395842,-0.011156135310969005
2024-11-29,0.002861611996177613,0.004122400310567092,0.004109801741886885,0.010057513560459554,0.023272079863866976,0.0037784836758924687,0.007683905622771693,0.013503891638663338,-0.005084294669718248,0.01520492194543551,0.014350307703596852,-0.004831386930316061,0.0036825380217748904
2024-12-02,0.0010252704157960642,0.009245306976683826,-0.0004608848281193551,0.009838611482933617,0.009398061015434975,0.0025996836367375353,0.010964641379655108,0.0029955986499099283,0.029982623058861336,0.007925643639382716,0.01018927410032002,-0.0019759002058137584,0.00047367270379947574
2024-12-03,0.011197128571671565,0.004763916817277179,-0.003940983747017548,0.00645384826926623,-0.00020046374709863606,0.009258039596719754,0.012258185307872715,0.011100787212778726,0.0032292026658459474,0.011446380659907112,0.02499183968451604,0.025709266807272018,0.008609321040614194
2024-12-04,0.01078028866262057,0.004430827733690358,-0.007286902336795674,-0.007115078445536258,-0.0010162487925021633,0.01089054785158555,-0.0017482235484606301,-0.0073399571054827755,0.02115716194356046,-0.004479429143934873,0.007490153765665673,0.02223047382852959,0.008603641743936158
2024-12-05,0.006300216004784557,0.019315392349272157,0.005829762770586414,0.00643489945056329,0.0018045599786825595,0.006842681186828821,0.005687998734624502,0.0039314243500717,-0.00250982960605443,0.00802718562935406,4.791665361785802e-05,-0.0012342715090895636,0.006902019035380616
2024-12-06,-0.0017561035697197733,-0.002018436441632773,0.00241182891869558,0.009392791792086084,-0.0012762394114018405,-0.0011146277901693108,0.01224865427711362,-0.0011065581664595945,-0.0005119526856174026,-0.00040286619179462504,-0.003316466555181856,0.0041594642512038345,-8.088673840753057e-05
2024-12-09,-0.0019033417099216408,0.002589655107793666,-0.022481579325778087,-0.007759462910833619,-0.005616446596335674,0.0007647908904515322,0.006163649414133502,-0.004061911509360626,0.002789661407332682,0.0012865047164220477,-0.020379103047084273,-0.005662190174368701,-0.002791248781829802
2024-12-10,0.003177055626576128,0.008169385694841788,0.0012328156723848572,-0.0003365438132764099,-0.0007914876390623122,0.003244776959507945,0.0021235055774922813,-0.006330727867992746,0.014244750416543179,-0.005038013488344855,-0.006853406338832802,0.005298740932674354,0.0013840521647759518
2024-12-11,-0.0034841450568980784,0.00332637288673084,0.004175768448473725,0.00356156555766798,0.0005000842556527465,4.094766762055535e-06,0.000875656076839658,-0.003817512682580939,0.0018292409588386148,0.0005391736666348014,-0.005158625798124414,-0.008931591279592465,-0.002462534561986037
2024-12-12,-0.003281232693891202,0.007716439355903514,-0.01098376716225232,-0.008063194965768758,-0.0032919724367242104,-0.0030729506313644907,0.002537951053125351,-0.007638617189053447,-0.00412050770768742,-0.006523459682008381,-0.023192495346907854,-0.007859783219762476,-0.004288652675471602
2024-12-13,0.006879253769818475,0.006415736865946984,0.012789489015554677,0.00475610181123531,-0.0032420213854043737,0.006186650265484276,-0.0072254513306259475,0.004560825526717548,-0.00441393581032853,0.011804579761668627,-0.005870358869430667,-0.0018143854183389416,0.0080139000973572
2024-12-16,-4.570923843923035e-05,-0.007467605903140493,-0.0030325703908140405,0.0007316683995393387,0.004422198552452342,-0.0009409575960054407,-0.009746131543679527,-0.006047414772471619,0.030496509080773768,-0.0027630880049952793,0.014435191435686816,0.005072034032328795,0.0007299560059786408
2024-12-17,-0.014031009626021638,-0.005267576425325848,-0.0040604609095873465,-0.015789891015680586,-0.008166054190845715,-0.014511168488116732,-0.016481231085625422,-0.01621272032775378,-0.0009391158459905369,-0.017316083134730816,0.00022703307413818612,-0.01837081773931934,-0.013942729284265092
2024-12-18,-0.013246286460896239,0.0024873734914936437,6.225912635789126e-06,-0.007567733200323264,0.010813570458218767,-0.01234380165080404,-0.013693159768656536,-0.010879402263291068,-0.004663641790663791,-0.008906886569957025,-0.02260354223806402,-0.019398642164527673,-0.011193926552555095
2024-12-19,-0.01087317665718863,-0.012658119794804011,-0.005503239989312289,-0.007356617052396527,0.017033459323538967,-0.012129877774459874,-0.010273230335493629,-0.009875839588243982,-0.00825949615735042,-0.007363772234232735,-0.008967765362655263,-0.005941130174088213,-0.010739758292279852
2024-12-20,-0.01595774929545478,-0.02667151852903166,-0.009969734339397872,-0.021507541338222958,-0.008674915711623985,-0.013259632961194872,-0.01843178054070464,-0.020346884409530405,-0.039897148900566635,-0.021043179332985763,-0.01712045565309981,-0.026857521816550007,-0.017663705681808077
2024-12-23,0.010940936818536123,0.001308246127016044,0.009562804844282817,-0.000985871107981329,0.003114939156771493,0.008183364138308447,0.008828290474928124,0.0067700520492090625,0.014561932444635486,0.0068031765708973565,-0.00395402921537075,0.010709334348077606,0.008725873713497331
2024-12-24,-0.001649948033531738,-0.0036447614414937147,0.005405329661052233,0.005649504742584446,-0.0005827659579827178,-0.0020180138628775692,-0.008334881528721716,-0.001788363502649468,-0.0008370763173344725,-0.0005935657352016999,-0.0033558476061934183,-0.005574856998108957,0.00022145184263966307
2024-12-26,-0.0012167683279371618,-0.00010645299265069784,-0.0032174850044935422,0.00836448800531465,0.0067879856564385,0.00026120425510797003,-0.0014015453425861883,0.0021240549949892037,0.0023234211195564815,0.0027944065649459023,-0.014727898902448317,0.0031118703197073037,-0.0016297932582293516
2024-12-27,0.0027439287039176807,0.0013079595258284867,0.0033051721603088963,0.009698844601246894,0.01293950699746182,0.0018597751721197613,-0.009648602178856752,-0.0034231982791422247,-0.00549198483734231,-0.003976733202064767,0.0037832770432946134,-0.00897661909292211,0.004853451841063943
2024-12-30,-0.007012283353431148,0.005702892895659832,0.0030805677671199736,-0.014424503352206741,0.010067254670248903,-0.009405927652381288,-0.012792681009241249,-0.005930874147929229,-0.01552095909635527,-0.0081080742264194,-0.018896200838580377,-0.011887618765830872,-0.0063385522451700005
