date,BANK,IT,FMCG,AUTO,PHARMA,FIN_SVC,METAL,ENERGY,REALTY,INFRA,MEDIA,PSU_BANK,PVT_BANK
2015-01-01,18750.23046875,11215.7001953125,20057.599609375,8318.7998046875,10923.25,7449.9501953125,2693.25,8630.9501953125,203.0500030517578,3064.699951171875,2378.300048828125,4294.64990234375,
2015-01-02,19057.580078125,11372.099609375,20142.650390625,8365.400390625,10955.599609375,7611.7001953125,2715.449951171875,8668.650390625,205.10000610351562,3107.10009765625,2382.10009765625,4311.64990234375,
2015-01-05,19017.1796875,11248.5498046875,20184.849609375,8467.9501953125,10920.599609375,7575.25,2704.5,8651.5,205.25,3102.300048828125,2376.300048828125,4281.14990234375,
2015-01-06,18430.53515625,10959.900390625,19863.349609375,8248.2001953125,10637.7998046875,7309.5498046875,2610.449951171875,8304.0,198.0500030517578,3013.25,2294.699951171875,4104.60009765625,
2015-01-07,18304.037109375,10916.0,19841.099609375,8254.7001953125,10604.9501953125,7263.7998046875,2568.64990234375,8404.900390625,197.39999389648438,3006.35009765625,2275.699951171875,4091.60009765625,
2015-01-08,18701.18359375,11018.150390625,20244.150390625,8397.2998046875,10737.599609375,7424.89990234375,2609.25,8450.5,203.5,3052.60009765625,2285.699951171875,4164.75,
2015-01-09,18637.033203125,11399.650390625,20286.650390625,8397.0,10934.5498046875,7391.60009765625,2599.10009765625,8548.400390625,199.9499969482422,3022.949951171875,2276.64990234375,4138.7001953125,
2015-01-12,18795.630859375,11543.650390625,20517.80078125,8409.5498046875,10976.2001953125,7438.64990234375,2555.199951171875,8463.7001953125,200.1999969482422,3038.85009765625,2297.550048828125,4201.14990234375,
2015-01-13,18706.982421875,11502.7998046875,20603.0,8398.7998046875,10984.2998046875,7401.60009765625,2546.75,8374.7998046875,196.75,3010.449951171875,2293.89990234375,4170.4501953125,
2015-01-14,18603.583984375,11614.2998046875,20455.80078125,8427.7001953125,10881.5498046875,7364.4501953125,2457.89990234375,8335.0,195.1999969482422,3019.449951171875,2275.89990234375,4141.35009765625,
2015-01-15,19235.427734375,11669.849609375,20770.0,8614.7001953125,10936.2998046875,7697.10009765625,2483.14990234375,8542.25,211.4499969482422,3097.14990234375,2310.64990234375,4327.0,
2015-01-16,19222.927734375,11659.599609375,20969.599609375,8623.599609375,11101.150390625,7697.2998046875,2496.199951171875,8589.400390625,212.35000610351562,3122.10009765625,2403.75,4261.0,
2015-01-19,19405.826171875,11642.75,20728.400390625,8694.900390625,11249.2998046875,7731.85009765625,2504.800048828125,8655.650390625,212.75,3160.39990234375,2397.85009765625,4254.10009765625,
2015-01-20,19766.8203125,11695.0,21091.150390625,8760.900390625,11290.650390625,7921.89990234375,2581.550048828125,8763.349609375,215.6999969482422,3179.050048828125,2425.300048828125,4302.4501953125,
2015-01-21,19843.01953125,11813.7001953125,20673.900390625,8779.9501953125,11320.849609375,7976.7001953125,2564.60009765625,8766.4501953125,215.0500030517578,3219.0,2394.050048828125,4407.7998046875,
2015-01-22,19917.41796875,11850.849609375,20670.80078125,8842.0,11509.5,7995.5,2580.75,8693.0,216.35000610351562,3227.550048828125,2410.699951171875,4373.5498046875,
2015-01-23,20072.466796875,11885.150390625,20744.19921875,8983.099609375,11581.099609375,8046.2998046875,2602.85009765625,8748.4501953125,219.60000610351562,3303.14990234375,2408.949951171875,4382.39990234375,
2015-01-27,20555.01171875,11693.4501953125,20985.599609375,9099.599609375,11583.25,8239.2001953125,2583.75,8765.5498046875,222.25,3343.25,2408.800048828125,4385.35009765625,
2015-01-28,20491.51171875,11809.5498046875,21027.849609375,9043.150390625,11577.75,8269.25,2546.10009765625,8852.5,225.1999969482422,3280.10009765625,2395.300048828125,4419.25,
2015-01-29,20528.361328125,11824.150390625,21293.099609375,9049.7001953125,11752.0498046875,8248.349609375,2540.5,8956.5498046875,231.4499969482422,3301.199951171875,2391.949951171875,4299.14990234375,
2015-01-30,19843.51953125,11824.75,21165.75,8930.849609375,11693.5498046875,7987.7001953125,2513.300048828125,8920.650390625,236.8000030517578,3294.39990234375,2357.35009765625,4046.449951171875,
2015-02-02,19865.669921875,11943.9501953125,20840.19921875,8976.099609375,11627.650390625,8025.25,2501.949951171875,8887.400390625,238.10000610351562,3304.64990234375,2345.449951171875,4039.60009765625,
2015-02-03,19382.724609375,11963.900390625,21052.80078125,8919.7001953125,11520.0,7823.60009765625,2521.800048828125,9037.150390625,234.85000610351562,3292.949951171875,2347.199951171875,3924.60009765625,
2015-02-04,19173.77734375,11938.900390625,20991.44921875,8812.5,11625.7001953125,7747.75,2574.449951171875,9050.2001953125,237.5500030517578,3251.14990234375,2316.5,3864.449951171875,
2015-02-05,19051.6796875,12165.150390625,21093.94921875,8749.650390625,11522.099609375,7729.0,2525.10009765625,8910.849609375,231.1999969482422,3190.550048828125,2295.0,3784.64990234375,
2015-02-06,18786.48046875,12267.9501953125,21286.19921875,8496.2998046875,11322.9501953125,7690.75,2507.050048828125,8808.7001953125,229.8000030517578,3174.10009765625,2275.89990234375,3766.699951171875,
2015-02-09,18403.634765625,12249.2998046875,20995.099609375,8294.4501953125,11289.400390625,7561.10009765625,2440.64990234375,8708.2001953125,223.9499969482422,3057.0,2270.14990234375,3635.550048828125,
2015-02-10,18752.28125,12162.849609375,21069.5,8436.0498046875,11283.5,7638.60009765625,2477.85009765625,8652.5498046875,223.8000030517578,3073.14990234375,2264.699951171875,3704.85009765625,
2015-02-11,18940.580078125,12243.400390625,21252.150390625,8514.150390625,11391.7001953125,7688.9501953125,2520.10009765625,8721.650390625,225.25,3122.449951171875,2255.5,3726.75,
2015-02-12,19128.376953125,12372.0,21224.19921875,8654.2998046875,11598.25,7773.9501953125,2530.050048828125,8821.400390625,228.64999389648438,3178.14990234375,2316.14990234375,3693.800048828125,
2015-02-13,19369.474609375,12464.9501953125,21616.44921875,8759.0,11789.900390625,7874.25,2555.35009765625,8832.099609375,226.4499969482422,3192.550048828125,2338.89990234375,3901.550048828125,
2015-02-16,19189.7265625,12487.2001953125,22009.0,8792.5498046875,11680.25,7845.75,2555.199951171875,8790.0,229.1999969482422,3192.800048828125,2322.050048828125,3892.550048828125,
2015-02-18,19296.275390625,12632.75,22195.75,8884.849609375,11741.25,7928.89990234375,2537.5,8806.5,228.10000610351562,3210.85009765625,2322.949951171875,3887.0,
2015-02-19,19188.078125,12723.7998046875,21989.349609375,8871.650390625,11734.5,7925.89990234375,2631.0,8831.5,229.64999389648438,3245.39990234375,2305.14990234375,3839.949951171875,
2015-02-20,19073.328125,12571.9501953125,22149.94921875,8874.650390625,11746.5,7847.5,2622.050048828125,8669.7998046875,231.9499969482422,3220.449951171875,2316.85009765625,3875.050048828125,
2015-02-23,18913.1796875,12531.2998046875,21902.94921875,8804.150390625,11640.7998046875,7767.0,2601.199951171875,8551.4501953125,228.10000610351562,3218.85009765625,2266.89990234375,3806.14990234375,
2015-02-24,18883.58203125,12566.2001953125,22231.849609375,8777.7001953125,11663.849609375,7757.9501953125,2568.800048828125,8470.0,229.10000610351562,3239.14990234375,2295.60009765625,3784.050048828125,
2015-02-25,18732.833984375,12633.349609375,22295.150390625,8781.2998046875,11533.5,7759.89990234375,2556.800048828125,8467.0,229.89999389648438,3227.25,2270.800048828125,3770.89990234375,
2015-02-26,18537.884765625,12458.5,22070.900390625,8640.7001953125,11412.2998046875,7711.39990234375,2529.64990234375,8506.599609375,230.8000030517578,3211.199951171875,2239.300048828125,3685.89990234375,
2015-02-27,19074.328125,12554.9501953125,22063.94921875,8841.7998046875,11554.7998046875,7879.5,2606.35009765625,8661.0498046875,241.10000610351562,3326.64990234375,2246.64990234375,3836.550048828125,
2015-03-02,20007.8671875,12663.7001953125,20648.650390625,8919.5498046875,12024.0498046875,8153.0498046875,2599.800048828125,8711.7001953125,238.60000610351562,3371.550048828125,2229.699951171875,3856.39990234375,
2015-03-03,19960.966796875,12855.900390625,20661.400390625,8838.7998046875,12166.2001953125,8179.7998046875,2586.25,8861.849609375,234.89999389648438,3384.85009765625,2259.5,3902.60009765625,
2015-03-04,19643.671875,12730.599609375,20743.400390625,8777.849609375,12326.7998046875,8084.25,2519.89990234375,8746.0498046875,234.25,3359.800048828125,2226.75,3783.85009765625,
2015-03-05,19747.76953125,12665.5,21005.849609375,8825.650390625,12632.5,8150.4501953125,2474.800048828125,8743.25,234.14999389648438,3347.75,2240.0,3791.10009765625,
2015-03-09,19145.328125,12422.25,20878.05078125,8727.0498046875,12676.900390625,7928.75,2414.300048828125,8551.5,227.60000610351562,3245.5,2207.050048828125,3732.10009765625,
2015-03-10,19054.1796875,12405.0498046875,20773.25,8756.400390625,12631.9501953125,7822.25,2427.75,8465.9501953125,223.0,3259.89990234375,2218.89990234375,3707.550048828125,
2015-03-11,19043.779296875,12352.349609375,20778.5,8761.5,12515.75,7830.35009765625,2386.75,8430.900390625,224.3000030517578,3289.35009765625,2215.800048828125,3682.10009765625,
2015-03-12,19141.626953125,12423.650390625,21107.849609375,8851.650390625,12663.7001953125,7883.7001953125,2423.0,8543.0498046875,227.75,3355.300048828125,2251.550048828125,3714.800048828125,
2015-03-13,18779.58203125,12312.150390625,20676.69921875,8721.75,12487.0498046875,7755.7001953125,2391.14990234375,8430.599609375,225.9499969482422,3297.800048828125,2207.800048828125,3648.25,
2015-03-16,18837.130859375,12419.0498046875,20436.80078125,8697.849609375,12480.7001953125,7733.2001953125,2353.14990234375,8364.0498046875,228.85000610351562,3260.800048828125,2232.14990234375,3667.0,
2015-03-17,19058.029296875,12383.150390625,20718.599609375,8807.400390625,12716.7998046875,7845.39990234375,2380.699951171875,8468.9501953125,230.25,3301.25,2258.75,3681.39990234375,
2015-03-18,19147.02734375,12276.099609375,20572.05078125,8748.75,12732.400390625,7848.2001953125,2387.75,8476.75,230.5,3264.449951171875,2292.0,3722.300048828125,
2015-03-19,18810.931640625,12275.2001953125,20430.650390625,8719.5498046875,12799.7998046875,7760.7998046875,2388.35009765625,8436.7998046875,226.85000610351562,3241.85009765625,2261.699951171875,3632.699951171875,
2015-03-20,18606.1328125,12363.5,19999.80078125,8585.9501953125,12622.25,7707.10009765625,2366.0,8355.25,218.0500030517578,3203.699951171875,2215.300048828125,3589.60009765625,
2015-03-23,18448.78515625,12244.4501953125,19999.19921875,8597.7998046875,12622.9501953125,7664.39990234375,2373.5,8335.2001953125,217.5500030517578,3203.449951171875,2197.449951171875,3547.300048828125,
2015-03-24,18331.236328125,12180.0,19945.0,8480.7998046875,12853.4501953125,7647.85009765625,2366.25,8387.0498046875,216.89999389648438,3218.949951171875,2205.39990234375,3499.35009765625,
2015-03-25,18309.88671875,12225.599609375,19957.5,8515.650390625,12919.4501953125,7633.14990234375,2343.35009765625,8319.099609375,217.0,3184.449951171875,2181.699951171875,3438.64990234375,
2015-03-26,17831.443359375,11902.099609375,19691.150390625,8385.349609375,12676.849609375,7385.39990234375,2288.0,8196.099609375,213.1999969482422,3176.64990234375,2154.10009765625,3331.35009765625,
2015-03-27,18044.591796875,11968.5,19511.0,8435.0,12588.5498046875,7418.7998046875,2292.85009765625,8116.5,211.64999389648438,3171.14990234375,2138.25,3381.75,
2015-03-30,18361.587890625,12100.849609375,19880.94921875,8574.4501953125,12703.7998046875,7584.5498046875,2328.300048828125,8183.7001953125,216.0500030517578,3250.89990234375,2178.60009765625,3436.300048828125,
2015-03-31,18206.439453125,12083.0,19879.599609375,8621.75,12844.7998046875,7548.64990234375,2324.449951171875,8264.25,216.14999389648438,3249.64990234375,2188.89990234375,3410.39990234375,
2015-04-01,18617.6328125,11952.2001953125,20145.099609375,8710.75,13136.2001953125,7699.5,2347.64990234375,8313.150390625,219.39999389648438,3283.39990234375,2204.0,3507.800048828125,
2015-04-06,18605.232421875,11969.25,20607.900390625,8792.0,13807.099609375,7698.14990234375,2339.949951171875,8372.349609375,234.14999389648438,3319.60009765625,2174.949951171875,3506.35009765625,
2015-04-07,18469.0859375,11989.349609375,20747.94921875,8794.5,13778.25,7646.60009765625,2392.0,8436.599609375,230.25,3350.300048828125,2168.75,3493.699951171875,
2015-04-08,18416.384765625,12214.2998046875,21074.099609375,8838.75,13831.150390625,7603.4501953125,2431.25,8568.9501953125,232.85000610351562,3373.199951171875,2176.35009765625,3506.5,
2015-04-09,18875.630859375,12279.400390625,21118.94921875,8848.150390625,13545.900390625,7741.64990234375,2468.14990234375,8688.25,230.9499969482422,3358.449951171875,2251.699951171875,3604.699951171875,
2015-04-10,18800.630859375,12294.75,21214.75,8879.0,13505.900390625,7702.39990234375,2483.0,8740.099609375,232.39999389648438,3386.699951171875,2242.39990234375,3662.300048828125,
2015-04-13,18798.03125,12333.7998046875,21456.400390625,8817.849609375,13722.849609375,7715.14990234375,2485.0,8849.900390625,232.6999969482422,3452.89990234375,2244.199951171875,3681.85009765625,
2015-04-15,18716.083984375,12154.5498046875,21463.05078125,8682.0,13480.9501953125,7647.60009765625,2467.0,8838.0498046875,229.9499969482422,3404.0,2238.35009765625,3733.949951171875,
2015-04-16,18636.833984375,12059.0,21287.80078125,8666.400390625,13248.650390625,7634.7998046875,2464.39990234375,8910.650390625,224.3000030517578,3377.5,2212.300048828125,3731.699951171875,
2015-04-17,18345.337890625,11803.0498046875,21277.849609375,8558.2001953125,12809.150390625,7561.85009765625,2488.550048828125,8900.2998046875,222.14999389648438,3342.199951171875,2192.0,3737.199951171875,
2015-04-20,18112.5390625,11562.2001953125,20666.349609375,8398.599609375,12753.849609375,7448.14990234375,2442.199951171875,8657.099609375,216.0500030517578,3271.800048828125,2138.050048828125,3681.199951171875,
2015-04-21,18105.5390625,11558.400390625,20429.30078125,8284.900390625,12284.0,7437.14990234375,2446.25,8563.650390625,215.3000030517578,3240.800048828125,2123.800048828125,3699.300048828125,
2015-04-22,18243.486328125,11492.0,20538.599609375,8280.2998046875,12431.349609375,7504.89990234375,2459.199951171875,8548.2001953125,215.35000610351562,3285.449951171875,2128.14990234375,3653.25,
2015-04-23,18245.38671875,11451.5498046875,20525.69921875,8228.7998046875,12293.0498046875,7488.2998046875,2495.14990234375,8495.849609375,213.5500030517578,3266.25,2138.449951171875,3591.35009765625,
2015-04-24,18001.69140625,11132.25,20606.05078125,8164.4501953125,12210.0,7391.2001953125,2454.89990234375,8509.7998046875,205.0,3216.89990234375,2094.10009765625,3536.300048828125,
2015-04-27,17767.392578125,11097.900390625,20242.55078125,8118.64990234375,11908.2001953125,7260.0,2454.050048828125,8386.150390625,196.5500030517578,3176.550048828125,2090.800048828125,3457.75,
2015-04-28,18246.037109375,11052.9501953125,20053.30078125,8315.400390625,11984.599609375,7435.64990234375,2453.199951171875,8380.849609375,200.0,3211.199951171875,2087.550048828125,3517.35009765625,
2015-04-29,18302.4375,11094.400390625,19729.94921875,8278.5,12042.900390625,7412.5498046875,2443.25,8302.2998046875,201.60000610351562,3177.800048828125,2086.35009765625,3505.64990234375,
2015-04-30,18337.88671875,11001.0498046875,19510.69921875,8188.2001953125,12057.7998046875,7386.7001953125,2402.39990234375,8331.75,204.8000030517578,3154.64990234375,2053.10009765625,3484.60009765625,
2015-05-04,18501.0859375,11191.4501953125,19911.30078125,8330.2001953125,12333.599609375,7452.4501953125,2441.75,8620.650390625,210.1999969482422,3211.199951171875,2109.10009765625,3579.0,
2015-05-05,18471.234375,11170.25,19963.80078125,8327.2001953125,12391.7001953125,7422.25,2508.14990234375,8663.2998046875,212.85000610351562,3205.14990234375,2078.0,3530.39990234375,
2015-05-06,17799.34375,10938.849609375,19490.849609375,8089.85009765625,12037.650390625,7194.35009765625,2430.35009765625,8437.150390625,203.9499969482422,3089.550048828125,2034.0,3413.550048828125,
2015-05-07,17376.69921875,11127.75,19541.94921875,7986.25,11873.5498046875,7033.0,2417.800048828125,8318.4501953125,199.10000610351562,3070.85009765625,2029.0999755859375,3328.85009765625,
2015-05-08,17796.392578125,11172.0498046875,19857.19921875,8199.25,12104.7001953125,7219.2001953125,2435.60009765625,8397.099609375,207.35000610351562,3117.800048828125,2054.14990234375,3295.14990234375,
2015-05-11,18199.5390625,11324.5498046875,19795.94921875,8427.5498046875,12317.5,7381.9501953125,2502.300048828125,8489.849609375,209.25,3153.89990234375,2088.199951171875,3498.10009765625,
2015-05-12,17628.4453125,11118.4501953125,19598.75,8277.5,12250.7001953125,7159.2001953125,2426.0,8239.2001953125,201.89999389648438,3059.89990234375,2029.0999755859375,3369.14990234375,
2015-05-13,18097.23828125,11170.5,19818.900390625,8413.400390625,12261.400390625,7341.89990234375,2428.85009765625,8342.25,200.35000610351562,3090.550048828125,2010.300048828125,3459.199951171875,
2015-05-14,18115.98828125,11093.599609375,19846.05078125,8485.5,12238.7998046875,7332.5498046875,2448.699951171875,8352.0498046875,202.5500030517578,3097.300048828125,2012.8499755859375,3557.64990234375,
2015-05-15,18182.939453125,11171.900390625,19997.599609375,8539.5498046875,12294.650390625,7381.75,2422.85009765625,8333.25,200.14999389648438,3110.449951171875,2008.6500244140625,3586.5,
2015-05-18,18422.734375,11279.4501953125,20292.099609375,8600.0498046875,12486.0,7494.60009765625,2436.5,8472.099609375,200.25,3153.25,2068.85009765625,3600.10009765625,
2015-05-19,18380.1875,11372.2001953125,20231.099609375,8531.2998046875,12502.349609375,7450.7001953125,2445.550048828125,8454.849609375,200.9499969482422,3160.050048828125,2081.5,3588.89990234375,
2015-05-20,18554.935546875,11571.7001953125,20232.5,8484.7998046875,12537.0498046875,7536.2001953125,2431.39990234375,8510.150390625,200.5500030517578,3158.64990234375,2098.25,3621.75,
2015-05-21,18512.935546875,11618.599609375,20070.94921875,8549.599609375,12554.75,7508.0,2419.60009765625,8454.400390625,202.6999969482422,3161.10009765625,2092.199951171875,3591.300048828125,
2015-05-22,18433.0859375,11728.400390625,20167.75,8581.650390625,12690.099609375,7526.5498046875,2409.85009765625,8520.650390625,202.25,3169.89990234375,2089.10009765625,3524.14990234375,
2015-05-25,18324.63671875,11623.349609375,19766.94921875,8565.099609375,12617.5498046875,7446.0,2368.699951171875,8504.650390625,201.0500030517578,3157.199951171875,2090.60009765625,3489.75,
2015-05-26,18329.087890625,11581.900390625,19682.19921875,8548.150390625,12559.0498046875,7425.89990234375,2372.25,8415.349609375,199.75,3155.39990234375,2096.800048828125,3482.949951171875,
2015-05-27,18538.634765625,11367.5,19794.75,8369.900390625,12506.0498046875,7488.4501953125,2377.800048828125,8481.099609375,200.8000030517578,3182.800048828125,2103.449951171875,3538.5,
2015-05-28,18448.984375,11450.849609375,19856.5,8379.2998046875,12311.900390625,7454.25,2370.14990234375,8429.400390625,200.5500030517578,3169.75,2098.39990234375,3516.949951171875,
2015-05-29,18721.1328125,11575.0498046875,20107.30078125,8536.75,12511.75,7535.75,2382.60009765625,8488.099609375,199.5,3220.85009765625,2108.199951171875,3531.10009765625,
2015-06-01,18616.783203125,11525.650390625,20387.400390625,8509.349609375,12079.7998046875,7509.5498046875,2382.800048828125,8591.9501953125,203.5500030517578,3244.949951171875,2092.949951171875,3537.64990234375,
2015-06-02,17977.091796875,11347.900390625,19709.150390625,8325.0498046875,11902.849609375,7256.85009765625,2330.14990234375,8530.599609375,195.4499969482422,3203.39990234375,2100.10009765625,3391.39990234375,
2015-06-03,17721.1953125,11361.099609375,19132.0,8191.60009765625,11746.599609375,7175.14990234375,2303.64990234375,8404.0498046875,183.75,3158.949951171875,2071.60009765625,3311.25,
2015-06-04,17718.994140625,11379.2001953125,19069.150390625,8130.4501953125,11633.150390625,7191.2998046875,2274.199951171875,8460.0,185.39999389648438,3166.300048828125,2095.050048828125,3290.10009765625,
2015-06-05,17549.046875,11291.5498046875,19259.599609375,8092.2998046875,11715.849609375,7129.7998046875,2315.5,8502.349609375,182.25,3189.949951171875,2137.14990234375,3280.14990234375,
2015-06-08,17432.396484375,11238.599609375,19084.0,8006.14990234375,11585.099609375,7067.4501953125,2279.699951171875,8386.75,180.8000030517578,3166.64990234375,2076.050048828125,3214.5,
2015-06-09,17489.697265625,11142.9501953125,18978.900390625,7953.64990234375,11379.900390625,7103.2001953125,2295.75,8367.9501953125,177.8000030517578,3162.35009765625,2064.699951171875,3226.85009765625,
2015-06-10,17707.044921875,11401.7001953125,19014.099609375,8104.0498046875,11477.400390625,7176.7001953125,2311.5,8503.650390625,179.25,3214.25,2085.550048828125,3255.699951171875,
2015-06-11,17304.19921875,11227.150390625,18828.44921875,7909.0,11308.150390625,7018.35009765625,2281.800048828125,8311.0,174.85000610351562,3142.949951171875,2068.60009765625,3168.199951171875,
2015-06-12,17523.34765625,11049.349609375,18846.44921875,7905.25,11328.4501953125,7121.9501953125,2247.199951171875,8374.099609375,174.5500030517578,3147.85009765625,2072.949951171875,3166.85009765625,
2015-06-15,17458.49609375,11093.849609375,18935.75,7996.2001953125,11451.099609375,7141.0,2233.949951171875,8418.25,174.6999969482422,3153.300048828125,2114.10009765625,3120.550048828125,
2015-06-16,17602.244140625,11119.2001953125,18954.849609375,8090.85009765625,11473.7001953125,7157.89990234375,2238.800048828125,8452.2001953125,174.89999389648438,3165.10009765625,2138.699951171875,3168.10009765625,
2015-06-17,17583.845703125,11143.5,19249.099609375,8160.9501953125,11678.9501953125,7159.7998046875,2256.699951171875,8537.150390625,175.75,3190.10009765625,2178.25,3168.64990234375,
2015-06-18,17733.34375,11215.349609375,19248.05078125,8258.650390625,11836.150390625,7233.85009765625,2252.89990234375,8792.400390625,175.35000610351562,3211.75,2170.75,3181.35009765625,
2015-06-19,17880.642578125,11243.650390625,19345.349609375,8305.349609375,11810.0,7313.39990234375,2261.050048828125,8879.849609375,173.8000030517578,3213.10009765625,2158.25,3214.199951171875,
2015-06-22,18334.287109375,11429.7998046875,19653.650390625,8400.7001953125,11879.349609375,7506.39990234375,2288.800048828125,8896.5498046875,183.25,3238.550048828125,2183.699951171875,3296.449951171875,
2015-06-23,18391.13671875,11341.150390625,19737.099609375,8405.7998046875,11910.25,7542.35009765625,2325.5,8934.9501953125,183.64999389648438,3271.39990234375,2184.050048828125,3338.800048828125,
2015-06-24,18365.337890625,11353.75,19843.05078125,8326.9501953125,11997.5498046875,7534.25,2292.25,8881.75,181.25,3244.550048828125,2192.85009765625,3259.75,
2015-06-25,18492.685546875,11210.400390625,19759.599609375,8395.9501953125,12007.25,7594.5,2299.800048828125,8953.0498046875,182.39999389648438,3295.25,2204.75,3276.699951171875,
2015-06-26,18371.287109375,11362.5498046875,19695.650390625,8447.2001953125,12066.849609375,7527.35009765625,2281.449951171875,8910.900390625,183.85000610351562,3260.25,2217.199951171875,3262.89990234375,
2015-06-29,18241.037109375,11133.650390625,19755.55078125,8325.0498046875,11926.400390625,7480.2001953125,2245.800048828125,8854.849609375,180.14999389648438,3245.64990234375,2180.75,3205.25,
2015-06-30,18295.88671875,11037.400390625,20155.75,8383.25,12202.5498046875,7508.14990234375,2287.300048828125,8892.9501953125,180.9499969482422,3254.39990234375,2237.85009765625,3228.199951171875,
2015-07-01,18581.3828125,11213.599609375,20093.900390625,8482.4501953125,12257.099609375,7590.14990234375,2314.75,8970.650390625,182.60000610351562,3305.39990234375,2229.10009765625,3307.300048828125,
2015-07-02,18585.333984375,11187.25,20143.150390625,8528.599609375,12193.7998046875,7590.25,2299.949951171875,8986.150390625,182.39999389648438,3313.85009765625,2261.89990234375,3303.39990234375,
2015-07-03,18729.43359375,11198.650390625,20245.099609375,8493.5,12264.849609375,7667.64990234375,2268.25,8969.400390625,181.3000030517578,3321.0,2261.60009765625,3328.75,
2015-07-06,18824.931640625,11209.599609375,20376.69921875,8517.9501953125,12463.900390625,7696.35009765625,2254.800048828125,9012.2001953125,182.9499969482422,3329.14990234375,2293.25,3360.449951171875,
2015-07-07,18798.28125,11143.849609375,20384.400390625,8488.900390625,12490.5,7726.7998046875,2257.89990234375,8913.849609375,185.35000610351562,3325.10009765625,2271.14990234375,3380.39990234375,
2015-07-08,18462.935546875,11021.7998046875,20168.55078125,8287.2998046875,12390.5,7572.14990234375,2166.800048828125,8820.4501953125,181.64999389648438,3301.89990234375,2202.699951171875,3310.800048828125,
2015-07-09,18508.484375,10828.7001953125,20031.75,8248.5498046875,12399.349609375,7578.35009765625,2159.75,8701.099609375,181.25,3336.5,2182.89990234375,3334.0,
2015-07-10,18719.583984375,10798.25,19887.94921875,8234.099609375,12537.25,7642.5,2179.89990234375,8743.849609375,179.60000610351562,3335.449951171875,2213.35009765625,3373.39990234375,
2015-07-13,18893.33203125,10998.849609375,20133.400390625,8370.75,12697.7998046875,7736.35009765625,2189.300048828125,8820.5498046875,181.14999389648438,3348.14990234375,2282.35009765625,3404.60009765625,
2015-07-14,18779.98046875,11043.849609375,20184.44921875,8305.7001953125,12786.599609375,7691.60009765625,2205.10009765625,8797.75,180.0500030517578,3351.050048828125,2299.75,3358.10009765625,
2015-07-15,18816.03125,11150.25,20251.44921875,8403.2001953125,12912.349609375,7729.25,2209.10009765625,8850.9501953125,181.0,3365.60009765625,2309.550048828125,3349.0,
2015-07-16,19167.828125,11191.599609375,20445.80078125,8434.5498046875,13060.349609375,7870.7998046875,2217.199951171875,8938.5,180.9499969482422,3384.199951171875,2332.39990234375,3387.89990234375,
2015-07-17,19094.4765625,11269.2001953125,20575.849609375,8473.900390625,13139.0,7807.75,2207.64990234375,8950.900390625,180.10000610351562,3407.550048828125,2336.949951171875,3380.949951171875,
2015-07-20,19032.478515625,11266.9501953125,20511.400390625,8476.349609375,13175.650390625,7778.5,2194.550048828125,8960.75,176.4499969482422,3403.10009765625,2366.5,3320.39990234375,
2015-07-21,18723.18359375,11655.4501953125,20143.05078125,8440.4501953125,12255.2998046875,7666.25,2169.89990234375,8803.5498046875,172.35000610351562,3382.75,2379.050048828125,3271.35009765625,
2015-07-22,18996.779296875,11643.75,20310.19921875,8538.7998046875,12377.7001953125,7796.75,2189.85009765625,9055.400390625,174.0500030517578,3398.550048828125,2428.949951171875,3320.14990234375,
2015-07-23,18864.78125,11558.7001953125,20272.80078125,8581.349609375,12275.400390625,7765.89990234375,2180.10009765625,9045.0,174.1999969482422,3374.449951171875,2386.25,3332.75,
2015-07-24,18635.6328125,11464.150390625,20303.75,8472.0498046875,12226.0498046875,7699.39990234375,2151.64990234375,8936.75,171.5500030517578,3341.14990234375,2362.550048828125,3274.25,
2015-07-27,18212.83984375,11362.4501953125,20151.30078125,8305.650390625,12056.900390625,7537.0,2103.85009765625,8747.0,167.0500030517578,3241.35009765625,2385.39990234375,3199.0,
2015-07-28,18282.587890625,11306.25,20153.5,8259.5,11917.150390625,7513.35009765625,2093.14990234375,8757.900390625,162.4499969482422,3246.75,2364.699951171875,3211.550048828125,
2015-07-29,18323.1875,11470.7001953125,19975.94921875,8368.900390625,11978.400390625,7536.35009765625,2097.949951171875,8669.099609375,164.5500030517578,3274.449951171875,2428.550048828125,3150.35009765625,
2015-07-30,18440.185546875,11394.5498046875,20544.05078125,8387.5,12073.099609375,7589.14990234375,2095.699951171875,8716.0498046875,171.3000030517578,3284.25,2428.0,3258.85009765625,
2015-07-31,18729.6328125,11594.150390625,20920.44921875,8544.849609375,12353.25,7682.60009765625,2128.64990234375,8711.849609375,176.5500030517578,3297.60009765625,2452.14990234375,3411.800048828125,
2015-08-03,18914.478515625,11466.400390625,20991.5,8609.650390625,12379.5,7721.89990234375,2109.35009765625,8698.400390625,176.8000030517578,3298.64990234375,2474.64990234375,3543.39990234375,
2015-08-04,18972.37890625,11415.5498046875,20922.0,8703.599609375,12361.9501953125,7721.7001953125,2167.699951171875,8609.2001953125,176.1999969482422,3286.199951171875,2472.75,3650.699951171875,
2015-08-05,18928.330078125,11618.0,21117.80078125,8795.4501953125,12572.5498046875,7704.35009765625,2166.5,8629.7001953125,181.60000610351562,3307.0,2521.25,3617.60009765625,
2015-08-06,19029.12890625,11616.5,20941.19921875,8796.9501953125,12697.5,7738.85009765625,2154.39990234375,8593.5,182.9499969482422,3344.800048828125,2515.949951171875,3666.25,
2015-08-07,18893.33203125,11597.0498046875,20900.94921875,8803.0,12641.0498046875,7695.39990234375,2131.949951171875,8662.7001953125,182.75,3317.64990234375,2491.550048828125,3579.35009765625,
2015-08-10,18874.78125,11573.900390625,20789.55078125,8745.599609375,12638.599609375,7700.60009765625,2109.800048828125,8537.25,183.64999389648438,3294.10009765625,2492.949951171875,3576.300048828125,
2015-08-11,18616.68359375,11711.150390625,20663.099609375,8619.25,12636.900390625,7600.5498046875,2035.4000244140625,8475.099609375,181.5500030517578,3255.35009765625,2499.25,3442.949951171875,
2015-08-12,18059.541015625,12006.7998046875,20329.80078125,8407.150390625,12771.75,7387.75,1947.550048828125,8275.5498046875,171.39999389648438,3184.949951171875,2432.10009765625,3310.35009765625,
2015-08-13,18175.189453125,11956.099609375,20271.25,8441.5498046875,12913.7001953125,7411.7001953125,1893.5999755859375,8254.650390625,169.0500030517578,3165.5,2420.10009765625,3331.14990234375,
2015-08-14,18723.3828125,12048.4501953125,20345.30078125,8642.099609375,13137.25,7630.64990234375,1920.5999755859375,8409.650390625,183.3000030517578,3246.199951171875,2500.550048828125,3483.699951171875,
2015-08-17,18821.83203125,12001.75,20321.19921875,8615.4501953125,13089.5498046875,7610.75,1942.949951171875,8299.2001953125,180.39999389648438,3222.89990234375,2474.85009765625,3699.199951171875,
2015-08-18,18780.630859375,12159.400390625,20283.75,8662.5498046875,12980.099609375,7573.10009765625,1909.0999755859375,8253.0,179.6999969482422,3222.39990234375,2469.5,3728.5,
2015-08-19,18703.033203125,12249.099609375,20325.75,8703.2998046875,13335.849609375,7541.9501953125,1882.0,8275.349609375,178.14999389648438,3229.39990234375,2475.699951171875,3645.800048828125,
2015-08-20,18282.88671875,11985.25,20640.25,8553.5498046875,13463.75,7418.89990234375,1838.4000244140625,8077.64990234375,170.9499969482422,3182.10009765625,2406.39990234375,3522.300048828125,
2015-08-21,18056.990234375,12032.2998046875,20704.55078125,8381.7001953125,13470.0,7329.5498046875,1822.3499755859375,7998.60009765625,166.5,3123.35009765625,2352.14990234375,3493.39990234375,
2015-08-24,16811.60546875,11455.150390625,19742.150390625,7773.4501953125,12653.2998046875,6849.7001953125,1693.949951171875,7333.85009765625,148.0500030517578,2902.35009765625,2162.800048828125,3166.699951171875,
2015-08-25,17192.55078125,11376.75,19869.05078125,7920.35009765625,12772.400390625,6939.0,1754.949951171875,7463.89990234375,158.1999969482422,2915.050048828125,2206.800048828125,3233.5,
2015-08-26,16917.453125,11284.099609375,19688.0,7882.10009765625,12623.0498046875,6808.85009765625,1760.949951171875,7476.60009765625,157.89999389648438,2911.050048828125,2231.39990234375,3146.39990234375,
2015-08-27,17214.201171875,11396.900390625,20097.650390625,7952.35009765625,12995.75,7028.2001953125,1809.699951171875,7634.60009765625,164.4499969482422,2961.449951171875,2279.64990234375,3230.25,
2015-08-28,17211.75,11588.25,20173.900390625,8023.2998046875,12940.75,7047.10009765625,1820.1500244140625,7727.85009765625,163.64999389648438,2991.949951171875,2331.949951171875,3203.39990234375,
2015-08-31,17146.3515625,11605.7001953125,20111.5,7948.5498046875,13213.2001953125,6997.89990234375,1833.1500244140625,7645.5,161.35000610351562,2952.60009765625,2328.35009765625,3200.300048828125,
2015-09-01,16530.109375,11476.4501953125,19762.099609375,7745.39990234375,13007.0498046875,6783.2998046875,1770.800048828125,7511.64990234375,156.0,2870.89990234375,2261.699951171875,3058.5,
2015-09-02,16252.51171875,11604.7001953125,19855.75,7638.7001953125,12840.349609375,6652.85009765625,1745.5,7441.5,157.10000610351562,2821.5,2244.39990234375,2961.75,
2015-09-03,16555.20703125,11672.849609375,19906.400390625,7738.60009765625,12817.400390625,6809.85009765625,1787.9000244140625,7510.60009765625,164.5,2869.5,2277.449951171875,3001.800048828125,
2015-09-04,16128.912109375,11413.599609375,19671.849609375,7559.4501953125,12521.5498046875,6627.4501953125,1748.5,7360.89990234375,158.5500030517578,2815.449951171875,2242.699951171875,2923.35009765625,
2015-09-07,15789.916015625,11318.2998046875,19356.19921875,7464.2998046875,12240.0,6531.2001953125,1704.300048828125,7299.14990234375,155.35000610351562,2764.64990234375,2226.89990234375,2866.60009765625,
2015-09-08,16350.759765625,11390.099609375,19174.30078125,7589.0,12329.5,6718.85009765625,1745.6500244140625,7428.64990234375,160.10000610351562,2831.14990234375,2267.199951171875,2966.050048828125,
2015-09-09,16631.306640625,11504.900390625,19306.30078125,7814.85009765625,12360.0498046875,6832.7001953125,1809.1500244140625,7586.2001953125,164.4499969482422,2891.75,2330.75,3016.550048828125,
2015-09-10,16597.45703125,11396.9501953125,19306.75,7875.85009765625,12315.0,6792.35009765625,1794.550048828125,7536.85009765625,163.4499969482422,2904.949951171875,2333.699951171875,2965.10009765625,
2015-09-11,16612.40625,11432.25,19412.05078125,7857.4501953125,12341.849609375,6807.2998046875,1767.3499755859375,7511.39990234375,165.10000610351562,2888.550048828125,2341.14990234375,2994.550048828125,
2015-09-14,16911.603515625,11520.2998046875,19496.80078125,7890.75,12495.2001953125,6911.5498046875,1814.800048828125,7615.39990234375,168.39999389648438,2932.199951171875,2355.699951171875,3068.550048828125,
2015-09-15,16739.35546875,11536.349609375,19681.94921875,7766.2001953125,12478.7998046875,6846.25,1772.0999755859375,7633.60009765625,167.60000610351562,2894.39990234375,2348.699951171875,3038.35009765625,
2015-09-16,16964.65234375,11606.650390625,19727.099609375,7799.10009765625,12623.7998046875,6928.10009765625,1779.300048828125,7667.10009765625,167.14999389648438,2906.60009765625,2350.85009765625,3068.550048828125,
2015-09-18,17408.947265625,11726.7001953125,19497.5,7842.5498046875,12751.2001953125,7076.0,1789.300048828125,7805.0,171.10000610351562,2913.39990234375,2372.300048828125,3147.449951171875,
2015-09-21,17542.697265625,11724.0498046875,19353.849609375,7848.75,12706.2998046875,7126.85009765625,1787.3499755859375,7756.10009765625,171.85000610351562,2923.85009765625,2392.5,3201.14990234375,
2015-09-22,17030.953125,11705.5498046875,19180.099609375,7709.85009765625,12662.7998046875,6924.10009765625,1711.699951171875,7543.7998046875,167.64999389648438,2822.64990234375,2345.550048828125,3099.10009765625,
2015-09-23,17255.099609375,11694.0,19259.599609375,7705.5498046875,12731.5498046875,6981.5498046875,1713.1500244140625,7571.4501953125,169.0500030517578,2813.39990234375,2349.60009765625,3135.35009765625,
2015-09-24,17196.451171875,11954.099609375,19485.0,7721.25,12826.4501953125,6978.5498046875,1684.800048828125,7491.10009765625,169.8000030517578,2776.300048828125,2392.25,3123.10009765625,
2015-09-28,17100.1015625,11841.0498046875,19421.94921875,7584.25,12844.2001953125,6934.2001953125,1642.5999755859375,7473.64990234375,171.85000610351562,2752.60009765625,2335.75,3123.800048828125,
2015-09-29,17280.998046875,11863.9501953125,19474.0,7648.2001953125,12700.099609375,7053.4501953125,1605.449951171875,7481.0498046875,175.25,2756.5,2356.89990234375,3158.449951171875,
2015-09-30,17216.1015625,12032.099609375,19956.650390625,7759.60009765625,12918.75,7048.10009765625,1657.800048828125,7640.89990234375,179.14999389648438,2825.199951171875,2382.800048828125,3098.75,
2015-10-01,17150.0,11867.849609375,19998.349609375,7731.5498046875,13140.849609375,6996.14990234375,1650.800048828125,7648.5498046875,176.14999389648438,2840.85009765625,2412.60009765625,3074.449951171875,
2015-10-05,17673.845703125,12002.099609375,20144.650390625,7890.4501953125,13149.0,7258.25,1702.8499755859375,7823.9501953125,177.89999389648438,2928.14990234375,2428.25,3151.300048828125,
2015-10-06,17605.14453125,11889.900390625,20663.849609375,7947.64990234375,13275.75,7240.64990234375,1730.699951171875,7923.60009765625,179.39999389648438,2937.14990234375,2409.550048828125,3156.800048828125,
2015-10-07,17616.595703125,11683.4501953125,20733.44921875,8064.0498046875,13332.400390625,7261.2001953125,1787.0,8040.5,183.75,2939.050048828125,2407.14990234375,3197.199951171875,
2015-10-08,17474.09765625,11669.7001953125,20452.80078125,8021.75,13212.849609375,7207.39990234375,1796.5999755859375,7926.14990234375,182.10000610351562,2927.25,2401.050048828125,3194.300048828125,
2015-10-09,17590.044921875,11807.5498046875,20521.05078125,8051.2001953125,13277.7001953125,7268.64990234375,1834.949951171875,7936.2998046875,182.1999969482422,2939.85009765625,2411.35009765625,3182.10009765625,
2015-10-12,17582.9453125,11630.650390625,20349.5,8062.60009765625,13111.650390625,7243.64990234375,1870.75,7968.0,181.3000030517578,2959.0,2412.75,3174.449951171875,
2015-10-13,17554.646484375,11522.599609375,20376.400390625,8078.2001953125,13115.400390625,7249.9501953125,1860.199951171875,7941.2998046875,183.25,2953.39990234375,2416.300048828125,3163.0,
2015-10-14,17543.046875,11362.900390625,20344.25,8010.5498046875,13160.650390625,7260.25,1863.3499755859375,7961.75,183.39999389648438,2943.300048828125,2354.949951171875,3153.199951171875,
2015-10-15,17685.89453125,11338.349609375,20468.150390625,8193.400390625,13168.599609375,7299.89990234375,1886.300048828125,8035.7001953125,185.25,2978.449951171875,2477.449951171875,3217.10009765625,
2015-10-16,17912.640625,11337.7998046875,20434.900390625,8266.650390625,13203.5498046875,7387.35009765625,1879.5,8112.5,182.64999389648438,3009.550048828125,2496.800048828125,3260.10009765625,
2015-10-19,17854.84375,11432.150390625,20623.849609375,8245.5498046875,13413.650390625,7377.0,1864.300048828125,8289.150390625,187.60000610351562,3008.199951171875,2531.60009765625,3250.39990234375,
2015-10-20,17830.04296875,11529.599609375,20545.900390625,8265.400390625,13340.9501953125,7373.60009765625,1824.199951171875,8250.0498046875,186.5500030517578,3003.300048828125,2551.10009765625,3260.5,
2015-10-21,17710.345703125,11549.0498046875,20533.69921875,8285.150390625,13189.7998046875,7355.0,1847.5,8225.650390625,183.5500030517578,3000.14990234375,2550.550048828125,3200.85009765625,
2015-10-23,17933.841796875,11552.0,20828.150390625,8228.2998046875,13258.5,7455.39990234375,1846.699951171875,8278.650390625,183.0,2953.75,2518.800048828125,3226.35009765625,
2015-10-26,17814.84375,11576.349609375,20818.19921875,8232.25,13234.650390625,7394.10009765625,1842.5,8207.150390625,181.64999389648438,2951.10009765625,2477.550048828125,3195.39990234375,
2015-10-27,17806.09375,11583.5498046875,20846.25,8272.349609375,13223.0,7353.2998046875,1831.25,8152.9501953125,181.85000610351562,2934.10009765625,2482.75,3173.25,
2015-10-28,17372.94921875,11643.2998046875,20867.80078125,8206.150390625,13149.150390625,7217.5498046875,1834.1500244140625,8109.7998046875,179.25,2913.449951171875,2467.300048828125,3094.0,
2015-10-29,17212.0,11548.150390625,20642.30078125,8195.900390625,13052.0,7162.5,1826.800048828125,8064.5,178.5,2881.14990234375,2438.14990234375,3045.300048828125,
2015-10-30,17354.298828125,11486.900390625,20118.30078125,8091.9501953125,13170.150390625,7201.64990234375,1806.050048828125,8099.35009765625,176.0500030517578,2833.699951171875,2405.25,3029.699951171875,
2015-11-02,17340.3984375,11546.25,20214.5,8097.10009765625,13029.7001953125,7145.7001953125,1768.0999755859375,8153.64990234375,177.5500030517578,2821.39990234375,2414.14990234375,3039.14990234375,
2015-11-03,17325.3984375,11618.400390625,20218.5,8102.89990234375,13054.5498046875,7149.64990234375,1767.5999755859375,8231.25,177.39999389648438,2817.60009765625,2419.25,3030.449951171875,
2015-11-04,17220.8515625,11551.599609375,20273.80078125,8235.75,12923.900390625,7115.5498046875,1768.6500244140625,8178.0498046875,177.10000610351562,2809.050048828125,2425.199951171875,3060.699951171875,
2015-11-05,16994.90234375,11414.4501953125,20221.69921875,8194.150390625,12632.5,7025.10009765625,1735.3499755859375,8107.2001953125,172.25,2777.800048828125,2382.949951171875,3002.64990234375,
2015-11-06,17086.30078125,11485.4501953125,20251.0,8144.4501953125,12226.650390625,7027.64990234375,1720.25,8168.4501953125,172.5,2775.85009765625,2336.89990234375,3103.800048828125,
2015-11-09,17002.802734375,11412.150390625,20496.150390625,8246.2001953125,11989.0498046875,6967.89990234375,1723.6500244140625,8175.25,168.8000030517578,2740.60009765625,2315.300048828125,3147.699951171875,
2015-11-10,16835.8046875,11214.2001953125,20215.80078125,8257.7001953125,11618.2998046875,6896.5498046875,1681.449951171875,7885.60009765625,164.35000610351562,2689.949951171875,2295.85009765625,3107.10009765625,
2015-11-13,16932.65234375,11102.4501953125,19896.19921875,8178.2998046875,11640.5498046875,6941.64990234375,1704.050048828125,7932.60009765625,166.5500030517578,2687.35009765625,2274.0,3107.14990234375,
2015-11-16,17184.701171875,11003.7998046875,19986.55078125,8190.35009765625,11711.0,7000.75,1720.5999755859375,7943.60009765625,166.5500030517578,2714.949951171875,2284.64990234375,3194.35009765625,
2015-11-17,17140.25,11035.099609375,20469.099609375,8252.099609375,11801.2001953125,7017.7001953125,1739.6500244140625,7940.4501953125,166.60000610351562,2712.699951171875,2290.89990234375,3178.449951171875,
2015-11-18,16811.904296875,10836.7001953125,20411.80078125,8181.0,11717.7998046875,6889.64990234375,1702.050048828125,7880.0498046875,164.0500030517578,2701.64990234375,2275.800048828125,3087.699951171875,
2015-11-19,17071.701171875,11032.900390625,20642.599609375,8295.0498046875,11674.9501953125,7014.60009765625,1722.8499755859375,8030.35009765625,164.1999969482422,2730.85009765625,2338.550048828125,3119.5,
2015-11-20,17055.40234375,11118.849609375,20449.80078125,8339.400390625,11685.349609375,6998.7998046875,1726.0999755859375,8126.35009765625,163.85000610351562,2744.35009765625,2355.199951171875,3122.199951171875,
2015-11-23,17060.05078125,11121.2001953125,20166.5,8395.349609375,11717.150390625,6979.10009765625,1698.300048828125,8149.75,165.3000030517578,2749.10009765625,2398.89990234375,3111.300048828125,
2015-11-24,16988.453125,11057.349609375,20184.0,8332.900390625,11637.849609375,6997.9501953125,1697.25,8206.7001953125,167.0500030517578,2729.39990234375,2376.0,3090.75,
2015-11-26,17036.353515625,11042.9501953125,20380.44921875,8444.599609375,11553.2998046875,7017.85009765625,1715.1500244140625,8324.75,170.5500030517578,2748.39990234375,2408.25,3107.64990234375,
2015-11-27,17370.748046875,11122.900390625,20436.099609375,8443.650390625,11567.5498046875,7125.7998046875,1736.3499755859375,8285.4501953125,171.1999969482422,2767.949951171875,2426.5,3217.050048828125,
2015-11-30,17430.197265625,11206.0,20278.55078125,8481.849609375,11492.900390625,7109.35009765625,1735.800048828125,8242.75,173.3000030517578,2771.39990234375,2432.699951171875,3235.35009765625,
2015-12-01,17398.34765625,11256.2998046875,20560.44921875,8419.0,11608.7001953125,7122.2001953125,1790.9000244140625,8288.349609375,173.89999389648438,2754.14990234375,2461.10009765625,3227.25,
2015-12-02,17218.30078125,11149.599609375,20665.599609375,8416.400390625,11723.349609375,7057.7001953125,1806.1500244140625,8331.9501953125,174.14999389648438,2744.75,2461.5,3156.10009765625,
2015-12-03,17109.900390625,11081.900390625,20346.599609375,8334.650390625,11587.2998046875,7005.10009765625,1779.550048828125,8278.25,174.6999969482422,2729.25,2457.949951171875,3110.64990234375,
2015-12-04,16897.103515625,10969.0498046875,20087.849609375,8240.7001953125,11645.0498046875,6899.10009765625,1776.949951171875,8171.7001953125,172.14999389648438,2697.39990234375,2394.89990234375,3085.14990234375,
2015-12-07,16946.802734375,10998.650390625,19534.19921875,8221.5,11762.599609375,6927.60009765625,1770.050048828125,8114.35009765625,173.1999969482422,2699.64990234375,2402.64990234375,3060.199951171875,
2015-12-08,16800.955078125,10981.849609375,19518.599609375,8210.349609375,11610.349609375,6864.89990234375,1713.300048828125,7990.7998046875,166.10000610351562,2659.800048828125,2395.85009765625,3011.449951171875,
2015-12-09,16660.556640625,10930.0498046875,19448.44921875,8067.89990234375,11372.0498046875,6803.39990234375,1658.800048828125,7849.4501953125,164.0500030517578,2621.050048828125,2360.75,2982.10009765625,
2015-12-10,16710.857421875,11055.5,19624.30078125,8085.0,11368.150390625,6855.25,1690.0,8046.10009765625,166.85000610351562,2645.5,2396.14990234375,2953.35009765625,
2015-12-11,16342.3095703125,11043.0498046875,19624.150390625,7943.25,11383.5,6741.60009765625,1699.800048828125,8002.7998046875,162.10000610351562,2602.5,2379.449951171875,2885.64990234375,
2015-12-14,16350.4599609375,11099.7001953125,19698.69921875,7964.0498046875,11488.0,6765.10009765625,1740.1500244140625,7997.0498046875,161.8000030517578,2610.64990234375,2415.35009765625,2882.699951171875,
2015-12-15,16398.458984375,11058.25,19941.650390625,8082.35009765625,11554.7998046875,6801.7998046875,1735.8499755859375,8102.2998046875,163.1999969482422,2617.5,2436.5,2881.89990234375,
2015-12-16,16579.20703125,11144.900390625,19790.69921875,8035.60009765625,11637.650390625,6873.0,1737.9000244140625,8213.849609375,165.0500030517578,2649.39990234375,2440.35009765625,2893.14990234375,
2015-12-17,16741.3046875,11275.150390625,19940.599609375,8149.0,11771.7998046875,6956.2998046875,1795.550048828125,8356.650390625,167.3000030517578,2680.64990234375,2496.5,2936.199951171875,
2015-12-18,16594.107421875,11122.5,19813.44921875,8079.2001953125,11663.7998046875,6891.25,1772.699951171875,8277.7998046875,167.75,2677.050048828125,2491.64990234375,2903.699951171875,
2015-12-21,16824.955078125,11224.75,20134.849609375,8154.89990234375,11556.9501953125,6976.2998046875,1800.4000244140625,8343.75,169.75,2698.5,2522.300048828125,2941.550048828125,
2015-12-22,16749.00390625,11095.4501953125,19904.150390625,8099.64990234375,11595.900390625,6953.60009765625,1781.5999755859375,8325.5,169.5,2691.85009765625,2516.0,2907.39990234375,
2015-12-23,16882.3046875,11195.650390625,19983.25,8111.0,11805.849609375,7006.25,1820.75,8458.4501953125,171.5500030517578,2724.550048828125,2534.89990234375,2926.89990234375,
2015-12-24,16810.8046875,11184.900390625,20057.80078125,8136.60009765625,11795.75,6968.2998046875,1835.8499755859375,8454.900390625,170.89999389648438,2745.89990234375,2522.14990234375,2909.449951171875,
2015-12-28,16978.953125,11271.7998046875,20152.75,8228.400390625,12009.0,7014.14990234375,1815.949951171875,8552.7001953125,171.8000030517578,2752.64990234375,2535.60009765625,2921.5,
2015-12-29,16991.251953125,11253.4501953125,20053.80078125,8268.7998046875,12022.349609375,7032.0,1811.949951171875,8568.400390625,169.60000610351562,2754.25,2547.89990234375,2908.949951171875,
2015-12-30,16917.703125,11117.599609375,20068.55078125,8240.2001953125,11987.25,7006.35009765625,1817.75,8517.25,169.5500030517578,2753.14990234375,2595.800048828125,2878.449951171875,
2015-12-31,16922.001953125,11212.5498046875,20192.650390625,8254.75,11963.5,7059.14990234375,1826.8499755859375,8584.099609375,172.60000610351562,2769.050048828125,2633.0,2864.300048828125,
2016-01-01,17039.052734375,11174.849609375,20184.94921875,8328.2998046875,11979.849609375,7091.4501953125,1830.300048828125,8594.7001953125,175.85000610351562,2792.949951171875,2627.449951171875,2908.449951171875,
2016-01-04,16598.95703125,11029.25,20087.80078125,8142.85009765625,11733.7001953125,6909.2998046875,1804.9000244140625,8468.599609375,172.39999389648438,2725.85009765625,2572.300048828125,2806.64990234375,
2016-01-05,16542.30859375,10997.150390625,20047.44921875,8124.35009765625,11741.5,6891.64990234375,1862.699951171875,8555.0,175.5500030517578,2723.550048828125,2593.75,2767.64990234375,
2016-01-06,16432.958984375,11018.150390625,19689.44921875,8025.39990234375,11673.7998046875,6854.25,1829.050048828125,8662.4501953125,173.5500030517578,2699.199951171875,2583.300048828125,2757.949951171875,
2016-01-07,16073.6630859375,10863.2001953125,19261.55078125,7725.14990234375,11451.650390625,6704.0,1742.550048828125,8454.4501953125,164.9499969482422,2625.25,2519.35009765625,2645.550048828125,
2016-01-08,16142.462890625,10989.5498046875,19359.25,7744.25,11486.599609375,6723.0498046875,1750.800048828125,8586.2001953125,169.35000610351562,2631.85009765625,2527.550048828125,2645.800048828125,
2016-01-11,16016.0634765625,10823.900390625,19329.650390625,7751.64990234375,11301.0,6664.75,1746.1500244140625,8656.599609375,169.75,2616.75,2512.35009765625,2591.35009765625,
2016-01-12,15734.6171875,10790.349609375,19340.55078125,7721.0498046875,11341.599609375,6579.7001953125,1725.1500244140625,8616.400390625,166.75,2608.699951171875,2496.0,2520.64990234375,
2016-01-13,15871.6650390625,10839.849609375,19414.69921875,7795.5,11321.400390625,6632.0,1712.699951171875,8734.650390625,165.10000610351562,2563.25,2503.550048828125,2512.64990234375,
2016-01-14,15609.6181640625,10980.4501953125,19438.150390625,7684.64990234375,11369.400390625,6539.7998046875,1684.1500244140625,8671.7001953125,162.4499969482422,2530.25,2495.050048828125,2455.800048828125,
2016-01-15,15206.123046875,10994.9501953125,19095.44921875,7544.2001953125,11259.75,6380.14990234375,1624.5999755859375,8607.5498046875,155.10000610351562,2444.199951171875,2403.60009765625,2312.89990234375,
2016-01-18,15020.625,10984.0,19006.80078125,7431.4501953125,11095.9501953125,6283.64990234375,1607.0,8289.150390625,149.39999389648438,2402.64990234375,2338.050048828125,2274.449951171875,
2016-01-19,15269.47265625,10963.099609375,19041.19921875,7526.0,11225.2001953125,6395.9501953125,1616.699951171875,8416.7998046875,152.25,2468.89990234375,2347.300048828125,2298.949951171875,
2016-01-20,14935.326171875,10910.5,18758.349609375,7401.5498046875,11133.650390625,6279.85009765625,1566.4000244140625,8179.10009765625,147.0500030517578,2426.25,2276.800048828125,2193.0,
2016-01-21,15101.0244140625,10934.7001953125,18468.349609375,7259.4501953125,10876.599609375,6317.60009765625,1552.949951171875,8046.35009765625,147.64999389648438,2411.800048828125,2293.35009765625,2227.0,
2016-01-22,15497.3701171875,11006.7001953125,18555.44921875,7544.0,11141.2998046875,6470.7001953125,1622.050048828125,8242.7998046875,150.3000030517578,2443.85009765625,2347.449951171875,2339.10009765625,
2016-01-25,15560.9697265625,11025.349609375,18567.94921875,7487.2998046875,11239.400390625,6519.9501953125,1648.0999755859375,8230.9501953125,151.14999389648438,2414.699951171875,2342.10009765625,2317.699951171875,
2016-01-27,15534.4189453125,11029.099609375,18584.80078125,7491.2998046875,11348.7998046875,6501.10009765625,1650.4000244140625,8264.2998046875,152.39999389648438,2427.10009765625,2357.10009765625,2347.35009765625,
2016-01-28,15381.271484375,11002.7001953125,18899.5,7458.0,11440.7001953125,6422.0498046875,1640.6500244140625,8381.2998046875,151.1999969482422,2393.800048828125,2390.89990234375,2343.89990234375,
2016-01-29,15522.2197265625,11236.150390625,19132.650390625,7605.0498046875,11755.849609375,6507.7998046875,1658.449951171875,8516.849609375,153.5500030517578,2424.39990234375,2468.39990234375,2292.60009765625,
2016-02-01,15314.2724609375,11305.25,19283.349609375,7569.89990234375,11742.75,6429.35009765625,1663.75,8470.75,153.85000610351562,2447.89990234375,2458.39990234375,2214.85009765625,
2016-02-02,15067.8251953125,11242.099609375,19194.25,7470.39990234375,11425.75,6344.0,1583.5999755859375,8234.7001953125,150.64999389648438,2421.60009765625,2381.050048828125,2182.449951171875,
2016-02-03,14833.876953125,11122.25,19204.69921875,7343.2998046875,11343.900390625,6244.2001953125,1541.75,8069.64990234375,146.14999389648438,2370.050048828125,2366.10009765625,2141.300048828125,
2016-02-04,14868.9775390625,11213.650390625,19275.400390625,7377.5498046875,11215.5,6267.89990234375,1584.0999755859375,8063.10009765625,145.60000610351562,2394.35009765625,2337.699951171875,2124.300048828125,
2016-02-05,15161.8740234375,11227.5498046875,19465.400390625,7495.9501953125,11652.400390625,6389.25,1643.25,8057.5,147.35000610351562,2408.949951171875,2384.800048828125,2201.39990234375,
2016-02-08,15046.625,11001.4501953125,19184.599609375,7423.2001953125,11498.7998046875,6335.10009765625,1629.5,7947.35009765625,147.64999389648438,2399.39990234375,2360.89990234375,2247.64990234375,
2016-02-09,14874.9267578125,10614.25,19007.25,7295.75,11557.0,6278.10009765625,1599.25,7961.10009765625,145.1999969482422,2387.64990234375,2315.300048828125,2165.35009765625,
2016-02-10,14588.2802734375,10600.4501953125,18791.650390625,7202.5,11352.75,6143.39990234375,1589.5999755859375,7949.4501953125,139.9499969482422,2376.60009765625,2262.35009765625,2048.800048828125,
2016-02-11,14028.38671875,10312.9501953125,18227.25,6949.4501953125,11100.099609375,5886.25,1519.8499755859375,7634.5,131.5,2287.199951171875,2177.449951171875,1983.9000244140625,
2016-02-12,13971.337890625,10324.4501953125,18328.349609375,7074.5,11081.0498046875,5884.2001953125,1495.5999755859375,7513.25,129.1999969482422,2275.550048828125,2177.25,1968.0,
2016-02-15,14444.83203125,10493.75,18510.0,7391.14990234375,11191.7001953125,6022.85009765625,1642.800048828125,7780.75,137.85000610351562,2366.300048828125,2256.449951171875,2156.35009765625,
2016-02-16,14166.28515625,10418.650390625,18123.30078125,7248.7001953125,10936.349609375,5921.10009765625,1611.300048828125,7673.2001953125,133.25,2323.39990234375,2167.25,2023.4000244140625,
2016-02-17,14119.685546875,10502.4501953125,18300.5,7320.89990234375,11148.099609375,5906.85009765625,1627.550048828125,7796.10009765625,134.3000030517578,2361.39990234375,2201.449951171875,2064.800048828125,
2016-02-18,14297.984375,10702.25,18579.349609375,7373.39990234375,11371.349609375,5950.14990234375,1644.949951171875,7803.2001953125,134.75,2378.550048828125,2241.14990234375,2072.800048828125,
2016-02-19,14344.033203125,10768.900390625,18574.150390625,7441.5,11341.650390625,5954.2001953125,1652.9000244140625,7798.75,134.85000610351562,2389.800048828125,2244.25,2126.25,
2016-02-22,14384.6328125,10720.599609375,18657.30078125,7464.7998046875,11487.7001953125,5962.14990234375,1663.6500244140625,7862.14990234375,135.14999389648438,2385.5,2278.25,2124.35009765625,
2016-02-23,14008.1865234375,10601.4501953125,18329.599609375,7351.60009765625,11351.2998046875,5836.9501953125,1644.75,7726.10009765625,131.4499969482422,2343.14990234375,2242.10009765625,2045.550048828125,
2016-02-24,13793.8896484375,10468.0498046875,18099.25,7261.14990234375,11130.2001953125,5728.5498046875,1609.800048828125,7728.2001953125,131.0500030517578,2321.550048828125,2236.0,2031.199951171875,
2016-02-25,13555.54296875,10403.5,18094.75,7175.75,11177.099609375,5689.89990234375,1612.4000244140625,7652.10009765625,128.25,2282.85009765625,2186.949951171875,1983.800048828125,
2016-02-26,13791.2900390625,10463.349609375,18306.599609375,7164.85009765625,11164.25,5775.14990234375,1629.550048828125,7713.10009765625,130.10000610351562,2305.550048828125,2197.35009765625,2020.6500244140625,
2016-02-29,13946.23828125,10278.400390625,18331.599609375,7092.2998046875,11167.7001953125,5839.25,1633.6500244140625,7664.85009765625,130.3000030517578,2261.25,2165.949951171875,2037.0999755859375,
2016-03-01,14412.732421875,10637.349609375,19317.0,7396.0498046875,11294.400390625,6001.60009765625,1678.300048828125,7822.7998046875,136.64999389648438,2336.25,2267.0,2090.5,
2016-03-02,15092.2744140625,10897.099609375,19260.400390625,7435.14990234375,11278.4501953125,6247.35009765625,1713.699951171875,7955.35009765625,144.39999389648438,2383.449951171875,2310.550048828125,2297.5,
2016-03-03,15177.5732421875,11054.9501953125,19208.69921875,7580.2998046875,11502.2998046875,6299.60009765625,1796.199951171875,8040.2998046875,146.14999389648438,2454.60009765625,2309.25,2312.89990234375,
2016-03-04,15339.021484375,10980.849609375,19144.94921875,7591.75,11537.650390625,6356.25,1828.0,8057.75,147.64999389648438,2447.75,2317.5,2388.75,
2016-03-08,15146.32421875,10914.2001953125,19214.0,7596.64990234375,11570.349609375,6314.5,1871.300048828125,8177.60009765625,149.0500030517578,2448.39990234375,2298.25,2327.39990234375,
2016-03-09,15278.8720703125,10925.7998046875,19248.55078125,7689.7998046875,11601.0,6331.7001953125,1854.75,8225.349609375,151.39999389648438,2476.64990234375,2319.60009765625,2334.699951171875,
2016-03-10,15180.4736328125,10826.900390625,19066.05078125,7688.2998046875,11623.0,6332.2998046875,1868.9000244140625,8096.85009765625,150.0,2454.10009765625,2308.60009765625,2295.89990234375,
2016-03-11,15168.0234375,10835.4501953125,19354.400390625,7723.5498046875,11695.599609375,6333.25,1856.5999755859375,8110.14990234375,149.25,2451.050048828125,2323.5,2294.39990234375,
2016-03-14,15277.6220703125,10866.849609375,19535.150390625,7777.14990234375,11719.2001953125,6374.14990234375,1843.8499755859375,8159.5498046875,148.89999389648438,2457.199951171875,2343.0,2311.39990234375,8581.400390625
2016-03-15,15326.6220703125,10730.4501953125,19136.44921875,7711.10009765625,11325.599609375,6321.75,1849.75,8171.2001953125,148.89999389648438,2451.85009765625,2281.39990234375,2349.300048828125,8596.2998046875
2016-03-16,15461.5205078125,10803.2001953125,19336.80078125,7671.7001953125,11381.75,6382.5498046875,1832.300048828125,8168.14990234375,148.0,2446.050048828125,2283.25,2348.949951171875,8690.5498046875
2016-03-17,15443.8203125,10923.5,19445.19921875,7662.60009765625,11227.400390625,6364.2001953125,1831.550048828125,8229.099609375,146.60000610351562,2465.050048828125,2293.800048828125,2356.5,8694.5498046875
2016-03-18,15654.66796875,11159.7001953125,19555.30078125,7767.10009765625,11092.25,6450.85009765625,1877.9000244140625,8276.75,149.35000610351562,2488.60009765625,2310.14990234375,2408.800048828125,8803.75
2016-03-21,15925.9140625,11193.849609375,19928.44921875,7867.60009765625,11235.7001953125,6565.75,1885.050048828125,8349.9501953125,152.3000030517578,2524.949951171875,2319.25,2473.550048828125,8939.0498046875
2016-03-22,15935.814453125,11206.599609375,19609.0,7947.14990234375,11217.5,6595.4501953125,1908.9000244140625,8406.25,156.64999389648438,2538.199951171875,2321.0,2472.60009765625,8932.900390625
2016-03-23,15887.5654296875,11228.150390625,19629.650390625,7990.75,11198.2998046875,6576.2998046875,1948.5999755859375,8309.2998046875,156.4499969482422,2549.5,2321.300048828125,2454.64990234375,8915.0
2016-03-28,15604.71875,11168.7001953125,19462.80078125,7876.7001953125,10960.0498046875,6463.4501953125,1853.199951171875,8286.0,149.25,2505.14990234375,2296.0,2359.699951171875,8766.900390625
2016-03-29,15666.068359375,11114.7001953125,19375.44921875,7955.0,10665.25,6453.9501953125,1860.4000244140625,8323.0498046875,149.85000610351562,2497.75,2281.39990234375,2371.949951171875,8799.150390625
2016-03-30,16134.662109375,11254.5498046875,19690.94921875,8084.0,10910.2001953125,6591.89990234375,1927.0,8459.900390625,155.6999969482422,2551.449951171875,2279.449951171875,2470.5,9068.400390625
2016-03-31,16141.462890625,11309.2998046875,19764.150390625,8087.60009765625,10989.150390625,6579.39990234375,1912.6500244140625,8424.599609375,156.5500030517578,2548.14990234375,2320.949951171875,2448.949951171875,9086.75
2016-04-01,16174.7119140625,11194.650390625,19992.099609375,8030.0498046875,10928.2998046875,6590.5,1901.0,8347.75,161.35000610351562,2551.949951171875,2324.550048828125,2500.5,9100.400390625
2016-04-04,16190.4111328125,11387.7001953125,19890.599609375,8124.5498046875,10978.0,6584.39990234375,1912.300048828125,8371.75,160.1999969482422,2574.89990234375,2355.85009765625,2483.300048828125,9121.599609375
2016-04-05,15694.8173828125,11274.9501953125,19635.400390625,7883.10009765625,10876.900390625,6435.14990234375,1861.6500244140625,8294.849609375,155.5,2492.10009765625,2288.64990234375,2355.800048828125,8850.349609375
2016-04-06,15636.7685546875,11224.9501953125,19657.55078125,7919.9501953125,10905.5498046875,6417.25,1912.5,8340.2001953125,157.5500030517578,2511.050048828125,2309.64990234375,2342.199951171875,8807.7998046875
2016-04-07,15530.5693359375,11102.599609375,19384.05078125,7834.60009765625,10984.349609375,6355.0498046875,1899.25,8350.9501953125,157.0500030517578,2480.89990234375,2281.64990234375,2320.800048828125,8749.25
2016-04-08,15568.1689453125,11061.150390625,19451.69921875,7821.2998046875,11012.5,6380.60009765625,1905.75,8400.4501953125,159.10000610351562,2506.449951171875,2290.64990234375,2331.85009765625,8764.349609375
2016-04-11,15818.31640625,11291.349609375,19651.25,7992.5498046875,11024.75,6446.39990234375,1944.0999755859375,8484.099609375,161.64999389648438,2569.89990234375,2315.449951171875,2400.75,8889.75
2016-04-12,15880.015625,11304.4501953125,19606.599609375,8116.5,11132.650390625,6482.9501953125,1922.5999755859375,8554.0498046875,161.89999389648438,2586.699951171875,2362.10009765625,2398.75,8951.599609375
2016-04-13,16278.3603515625,11351.849609375,20045.19921875,8399.349609375,11225.75,6645.60009765625,1967.5,8678.0498046875,164.5500030517578,2615.199951171875,2359.39990234375,2447.550048828125,9186.349609375
2016-04-18,16222.51171875,11597.25,20253.94921875,8386.150390625,11317.900390625,6650.5498046875,1986.75,8694.900390625,172.39999389648438,2651.550048828125,2388.10009765625,2388.85009765625,9178.7001953125
2016-04-20,16349.509765625,11552.75,20246.599609375,8341.400390625,11267.5,6695.14990234375,2068.10009765625,8610.349609375,171.8000030517578,2666.0,2375.449951171875,2414.39990234375,9240.4501953125
2016-04-21,16636.95703125,11355.400390625,20071.099609375,8320.2998046875,11320.650390625,6791.0,2069.89990234375,8641.900390625,168.8000030517578,2638.14990234375,2371.5,2500.89990234375,9400.5
2016-04-22,16703.20703125,11304.0498046875,19876.5,8401.400390625,11286.75,6781.5498046875,2061.949951171875,8659.0,168.39999389648438,2649.14990234375,2378.10009765625,2563.39990234375,9407.650390625
2016-04-25,16678.45703125,11315.4501953125,19715.650390625,8322.400390625,11185.25,6754.14990234375,2035.8499755859375,8523.4501953125,167.4499969482422,2637.75,2379.5,2519.550048828125,9416.2998046875
2016-04-26,17002.353515625,11417.349609375,19890.55078125,8457.0498046875,11295.599609375,6864.85009765625,2082.39990234375,8554.650390625,170.3000030517578,2663.800048828125,2418.85009765625,2566.449951171875,9598.25
2016-04-27,16872.75390625,11453.0,20141.55078125,8479.650390625,11270.5498046875,6806.14990234375,2080.300048828125,8609.349609375,169.9499969482422,2685.5,2402.14990234375,2525.39990234375,9520.2001953125
2016-04-28,16716.70703125,11287.150390625,19667.599609375,8317.650390625,11179.400390625,6697.4501953125,2031.8499755859375,8410.7998046875,172.8000030517578,2644.5,2385.0,2482.699951171875,9447.25
2016-04-29,16794.8046875,11196.25,19737.69921875,8288.9501953125,11293.25,6724.7001953125,2045.800048828125,8404.650390625,174.8000030517578,2638.35009765625,2423.35009765625,2444.050048828125,9505.5
2016-05-02,16542.80859375,11117.7001953125,19728.400390625,8299.0498046875,11271.900390625,6676.14990234375,2065.35009765625,8419.099609375,173.8000030517578,2629.75,2429.64990234375,2403.39990234375,9369.2001953125
2016-05-03,16388.5078125,10925.7001953125,19478.349609375,8263.0498046875,11148.150390625,6635.7998046875,2041.9000244140625,8341.900390625,173.85000610351562,2645.449951171875,2440.800048828125,2371.89990234375,9275.400390625
2016-05-04,16274.060546875,10948.599609375,19295.849609375,8087.2998046875,11182.0,6635.25,1964.0,8306.7001953125,169.60000610351562,2600.5,2378.14990234375,2312.14990234375,9213.650390625
2016-05-05,16280.810546875,10973.849609375,19466.30078125,8133.89990234375,11233.400390625,6677.85009765625,1967.449951171875,8289.0498046875,171.0,2599.699951171875,2368.60009765625,2314.10009765625,9207.25
2016-05-06,16296.41015625,10887.0,19521.94921875,8196.7998046875,11121.400390625,6692.60009765625,1966.300048828125,8299.9501953125,171.5500030517578,2603.39990234375,2370.550048828125,2352.5,9213.2998046875
2016-05-09,16685.90625,10991.5,19752.650390625,8315.9501953125,11183.25,6854.2998046875,1974.800048828125,8395.75,174.85000610351562,2650.449951171875,2439.64990234375,2412.5,9434.099609375
2016-05-10,16784.75390625,11034.400390625,19836.69921875,8234.349609375,11266.849609375,6904.64990234375,1950.050048828125,8340.2001953125,175.64999389648438,2657.5,2426.75,2422.85009765625,9495.900390625
2016-05-11,16754.25390625,10960.400390625,19726.900390625,8192.25,11186.400390625,6879.25,1948.3499755859375,8288.349609375,173.75,2642.300048828125,2535.14990234375,2370.39990234375,9517.900390625
2016-05-12,16923.501953125,11081.099609375,19748.69921875,8234.25,11264.599609375,6934.0,1963.8499755859375,8380.0498046875,176.3000030517578,2649.85009765625,2547.85009765625,2399.550048828125,9602.900390625
2016-05-13,16716.70703125,11030.7001953125,19667.69921875,8160.39990234375,11157.650390625,6824.7998046875,1920.25,8303.7001953125,171.9499969482422,2612.85009765625,2560.75,2353.64990234375,9492.2001953125
2016-05-16,16737.35546875,11087.75,19977.099609375,8200.2001953125,11205.400390625,6856.64990234375,1935.550048828125,8276.75,174.4499969482422,2608.60009765625,2561.35009765625,2241.199951171875,9549.150390625
2016-05-17,16762.5546875,11125.099609375,19960.900390625,8245.0498046875,11251.650390625,6905.60009765625,1934.9000244140625,8290.9501953125,175.75,2606.699951171875,2577.60009765625,2243.5,9583.099609375
2016-05-18,16728.75390625,11120.0498046875,19963.900390625,8145.35009765625,11271.2998046875,6888.2998046875,1948.3499755859375,8287.0,179.8000030517578,2611.949951171875,2534.14990234375,2281.35009765625,9556.2001953125
2016-05-19,16565.056640625,11094.599609375,19612.849609375,8104.75,11246.0,6794.14990234375,1917.25,8186.35009765625,178.25,2563.10009765625,2488.85009765625,2195.64990234375,9490.7998046875
2016-05-20,16481.2578125,11036.150390625,19705.0,8080.75,11070.650390625,6759.10009765625,1909.300048828125,8131.75,175.85000610351562,2559.75,2490.800048828125,2174.949951171875,9441.9501953125
2016-05-23,16407.359375,10939.900390625,20179.05078125,8026.60009765625,10958.5,6720.60009765625,1899.1500244140625,8105.5498046875,174.14999389648438,2564.75,2472.5,2138.89990234375,9424.400390625
2016-05-24,16456.458984375,10924.7998046875,20225.400390625,8051.75,10851.150390625,6765.5498046875,1899.4000244140625,8118.0,173.8000030517578,2562.25,2467.75,2140.39990234375,9452.75
2016-05-25,16997.251953125,11215.5,20639.80078125,8211.9501953125,10908.5498046875,6952.7998046875,1923.050048828125,8260.150390625,176.75,2628.10009765625,2499.0,2208.449951171875,9758.9501953125
2016-05-26,17359.099609375,11337.150390625,20920.650390625,8312.650390625,10882.2001953125,7099.75,1941.9000244140625,8280.849609375,180.60000610351562,2748.10009765625,2513.14990234375,2289.35009765625,9959.349609375
2016-05-27,17511.59765625,11420.849609375,20907.55078125,8393.9501953125,11206.7998046875,7189.4501953125,1968.800048828125,8454.0,183.35000610351562,2755.64990234375,2546.0,2399.85009765625,9996.7998046875
2016-05-30,17520.447265625,11547.5,20807.05078125,8497.0,11175.0,7171.89990234375,2008.050048828125,8450.9501953125,181.64999389648438,2778.35009765625,2533.199951171875,2424.35009765625,9996.4501953125
2016-05-31,17620.6953125,11395.849609375,20521.650390625,8720.400390625,10995.4501953125,7193.25,2031.8499755859375,8373.2001953125,183.14999389648438,2753.550048828125,2533.800048828125,2494.75,10018.0
2016-06-01,17423.24609375,11494.900390625,20886.599609375,8670.7998046875,10957.2001953125,7145.89990234375,2014.5999755859375,8363.9501953125,184.10000610351562,2769.14990234375,2549.550048828125,2415.5,9929.849609375
2016-06-02,17567.595703125,11458.2001953125,20919.44921875,8713.7001953125,10902.099609375,7208.60009765625,2052.0,8401.650390625,184.35000610351562,2787.14990234375,2568.39990234375,2446.050048828125,10018.7998046875
2016-06-03,17680.595703125,11462.0,20912.5,8749.25,10808.2001953125,7241.14990234375,2047.6500244140625,8447.0,182.0500030517578,2759.5,2555.89990234375,2398.10009765625,10135.25
2016-06-06,17671.1953125,11395.7998046875,20888.0,8763.5498046875,10678.849609375,7220.7001953125,2049.800048828125,8397.150390625,183.8000030517578,2747.60009765625,2552.550048828125,2430.449951171875,10114.0498046875
2016-06-07,17947.94140625,11413.349609375,21214.599609375,8799.0,10739.349609375,7313.0498046875,2078.25,8400.2001953125,187.25,2768.35009765625,2584.199951171875,2529.5,10248.150390625
2016-06-08,17946.591796875,11404.5,21225.599609375,8841.849609375,10716.5498046875,7329.0498046875,2082.800048828125,8428.349609375,187.60000610351562,2801.699951171875,2586.10009765625,2553.300048828125,10256.150390625
2016-06-09,17887.4921875,11264.849609375,20833.69921875,8784.2001953125,10665.400390625,7270.85009765625,2112.14990234375,8546.25,187.89999389648438,2790.449951171875,2600.39990234375,2558.14990234375,10218.099609375
2016-06-10,17828.392578125,11229.0498046875,20704.5,8688.2998046875,10657.599609375,7236.10009765625,2113.75,8546.900390625,186.25,2792.14990234375,2590.85009765625,2519.35009765625,10195.849609375
2016-06-13,17593.744140625,11191.5498046875,20649.0,8599.099609375,10706.599609375,7120.39990234375,2087.14990234375,8527.900390625,183.1999969482422,2752.949951171875,2600.800048828125,2478.75,10060.2998046875
2016-06-14,17672.1953125,11169.4501953125,20717.94921875,8613.150390625,10781.400390625,7132.0,2101.800048828125,8481.849609375,185.5500030517578,2756.39990234375,2587.550048828125,2557.050048828125,10069.5
2016-06-15,17917.69140625,11282.0498046875,20956.099609375,8689.650390625,10790.2998046875,7223.0498046875,2118.35009765625,8609.0498046875,186.35000610351562,2812.64990234375,2603.89990234375,2633.5,10175.75
2016-06-16,17671.095703125,11244.25,20868.099609375,8612.7998046875,10762.2001953125,7146.0498046875,2132.449951171875,8557.5,185.0,2783.699951171875,2579.949951171875,2648.10009765625,9995.7998046875
2016-06-17,17695.845703125,11290.7998046875,21044.599609375,8675.2001953125,10653.4501953125,7183.14990234375,2131.25,8551.599609375,191.9499969482422,2784.800048828125,2574.35009765625,2633.699951171875,10017.150390625
2016-06-20,17718.39453125,11506.599609375,21010.55078125,8799.0498046875,10685.849609375,7189.2001953125,2165.89990234375,8633.2001953125,194.0,2817.60009765625,2581.050048828125,2665.89990234375,10012.849609375
2016-06-21,17618.89453125,11488.4501953125,20996.75,8858.4501953125,10627.349609375,7184.5,2162.800048828125,8616.5498046875,194.8000030517578,2798.699951171875,2576.85009765625,2645.5,9958.650390625
2016-06-22,17625.845703125,11490.7998046875,20877.599609375,8778.2001953125,10696.5,7186.2998046875,2160.64990234375,8592.099609375,195.0500030517578,2793.5,2574.35009765625,2632.449951171875,9966.150390625
2016-06-23,17892.2421875,11487.0498046875,21065.44921875,8870.2001953125,10793.099609375,7265.64990234375,2168.14990234375,8602.5,192.8000030517578,2788.14990234375,2564.699951171875,2685.60009765625,10104.7001953125
2016-06-24,17425.84765625,11203.150390625,20789.94921875,8631.650390625,10747.7998046875,7090.14990234375,2086.550048828125,8428.2998046875,184.9499969482422,2720.14990234375,2542.949951171875,2619.0,9834.599609375
2016-06-27,17514.74609375,11008.0498046875,20999.25,8605.400390625,10964.0498046875,7120.64990234375,2096.25,8472.650390625,187.8000030517578,2740.550048828125,2527.550048828125,2693.10009765625,9862.349609375
2016-06-28,17561.345703125,10884.650390625,21433.5,8618.849609375,11035.349609375,7157.25,2115.85009765625,8512.900390625,189.75,2766.64990234375,2524.0,2693.199951171875,9887.900390625
2016-06-29,17689.6953125,11057.400390625,21400.650390625,8744.7001953125,11084.7001953125,7228.2998046875,2142.199951171875,8626.0498046875,195.4499969482422,2798.699951171875,2574.699951171875,2705.050048828125,9977.9501953125
2016-06-30,17935.19140625,11120.150390625,21608.44921875,8863.75,11142.0,7320.64990234375,2182.10009765625,8705.099609375,200.25,2845.699951171875,2633.89990234375,2725.0,10141.599609375
2016-07-01,17985.44140625,11098.400390625,22025.400390625,8894.849609375,11250.900390625,7326.5,2199.14990234375,8849.2998046875,201.39999389648438,2882.35009765625,2631.550048828125,2742.5,10178.7001953125
2016-07-04,18097.439453125,11184.849609375,21699.349609375,8956.900390625,11319.849609375,7381.5498046875,2233.5,8954.849609375,206.0500030517578,2918.199951171875,2664.10009765625,2811.949951171875,10233.5498046875
2016-07-05,18004.041015625,11141.0,21697.650390625,8852.400390625,11361.599609375,7351.0498046875,2239.699951171875,8911.25,205.10000610351562,2909.5,2661.949951171875,2822.949951171875,10173.7998046875
2016-07-07,18084.689453125,10942.0,21924.150390625,8801.4501953125,11527.0498046875,7413.89990234375,2232.0,8888.7001953125,204.0500030517578,2888.25,2625.64990234375,2796.050048828125,10219.75
2016-07-08,18016.041015625,10946.7001953125,21856.599609375,8870.5,11569.7001953125,7384.60009765625,2223.949951171875,8825.5,203.14999389648438,2857.199951171875,2643.550048828125,2769.800048828125,10198.099609375
2016-07-11,18390.736328125,11045.9501953125,22078.349609375,9058.7998046875,11745.7001953125,7552.2998046875,2275.60009765625,8963.4501953125,207.10000610351562,2904.89990234375,2652.050048828125,2876.5,10375.5498046875
2016-07-12,18667.3828125,11056.7998046875,21996.849609375,9121.849609375,11680.650390625,7670.2998046875,2350.75,9025.150390625,209.89999389648438,2915.050048828125,2655.550048828125,2886.699951171875,10571.0
2016-07-13,18618.732421875,11128.2001953125,21932.80078125,9069.9501953125,11639.7998046875,7653.9501953125,2390.35009765625,9039.900390625,206.4499969482422,2897.25,2625.199951171875,2882.050048828125,10536.150390625
2016-07-14,18863.53125,11157.849609375,22020.849609375,9115.150390625,11590.650390625,7722.0498046875,2399.25,9063.400390625,205.8000030517578,2919.300048828125,2666.300048828125,2958.050048828125,10670.150390625
2016-07-15,18953.4296875,10716.4501953125,22031.349609375,9204.4501953125,11607.7001953125,7780.2001953125,2418.89990234375,9067.4501953125,204.6999969482422,2938.60009765625,2674.550048828125,2955.39990234375,10700.150390625
2016-07-18,18923.1796875,10735.099609375,21973.5,9226.0,11556.849609375,7753.4501953125,2388.60009765625,8965.2998046875,202.1999969482422,2897.800048828125,2629.300048828125,2900.25,10704.2001953125
2016-07-19,18904.9296875,10766.2998046875,21838.44921875,9260.0498046875,11647.0,7744.2001953125,2399.85009765625,9104.0,201.1999969482422,2910.0,2658.25,2907.800048828125,10699.2998046875
2016-07-20,18967.978515625,10764.7001953125,21957.349609375,9279.7998046875,11925.349609375,7755.60009765625,2406.64990234375,9199.7001953125,206.60000610351562,2926.449951171875,2654.10009765625,2913.949951171875,10718.7998046875
2016-07-21,18674.083984375,10772.25,21999.30078125,9208.650390625,11820.650390625,7664.64990234375,2387.800048828125,9103.9501953125,204.35000610351562,2900.89990234375,2639.949951171875,2832.050048828125,10553.0
2016-07-22,18690.18359375,10756.0,22000.44921875,9290.5,11815.75,7715.14990234375,2428.14990234375,9207.150390625,205.89999389648438,2933.800048828125,2681.699951171875,2797.25,10582.2998046875
2016-07-25,18989.37890625,10870.900390625,22139.0,9378.7998046875,11869.599609375,7829.5498046875,2442.0,9326.2998046875,208.9499969482422,2962.699951171875,2725.64990234375,2897.949951171875,10726.0
2016-07-26,18860.630859375,10877.650390625,22059.650390625,9255.400390625,11691.150390625,7784.0498046875,2439.449951171875,9310.400390625,206.25,2961.699951171875,2717.39990234375,2864.89990234375,10657.099609375
2016-07-27,19021.728515625,10928.4501953125,21904.150390625,9330.75,11569.900390625,7856.2001953125,2462.050048828125,9286.5,205.6999969482422,2983.050048828125,2750.550048828125,2894.75,10760.349609375
2016-07-28,19076.328125,10935.650390625,22290.849609375,9404.349609375,11615.75,7897.64990234375,2440.449951171875,9328.0498046875,207.6999969482422,2979.5,2753.85009765625,2896.199951171875,10784.4501953125
2016-07-29,18952.9296875,10913.2998046875,22228.849609375,9470.849609375,11697.25,7837.75,2422.699951171875,9311.849609375,207.39999389648438,2966.5,2815.199951171875,2862.89990234375,10716.150390625
2016-08-01,18740.380859375,11139.0498046875,22136.900390625,9530.0498046875,11685.400390625,7789.85009765625,2459.0,9296.2998046875,207.5,2929.39990234375,2849.5,2824.60009765625,10583.650390625
2016-08-02,18708.033203125,11179.0,22638.849609375,9469.599609375,11567.7998046875,7717.9501953125,2411.300048828125,9298.349609375,205.0,2915.85009765625,2826.0,2844.85009765625,10539.849609375
2016-08-03,18601.783203125,11181.400390625,22084.55078125,9301.75,11553.2001953125,7637.9501953125,2411.14990234375,9167.150390625,202.0500030517578,2877.75,2793.85009765625,2824.300048828125,10480.099609375
2016-08-04,18571.482421875,11148.4501953125,22072.349609375,9439.75,11591.0,7627.5,2451.89990234375,9179.0,206.85000610351562,2888.699951171875,2778.800048828125,2843.949951171875,10449.5498046875
2016-08-05,18925.728515625,11137.0498046875,22151.900390625,9738.650390625,11678.900390625,7766.2998046875,2517.550048828125,9392.7998046875,211.8000030517578,2928.800048828125,2826.14990234375,2914.89990234375,10655.099609375
2016-08-08,18939.228515625,11197.2001953125,22200.400390625,9797.5498046875,11692.650390625,7801.9501953125,2531.75,9503.0498046875,213.60000610351562,2922.949951171875,2838.050048828125,2905.35009765625,10666.75
2016-08-09,18933.080078125,11198.0,22014.400390625,9747.599609375,11595.150390625,7771.0498046875,2510.0,9464.5498046875,214.39999389648438,2912.449951171875,2860.699951171875,2926.39990234375,10654.900390625
2016-08-10,18647.583984375,11175.900390625,21829.80078125,9559.349609375,11361.900390625,7675.35009765625,2494.25,9265.25,211.25,2888.39990234375,2844.199951171875,2878.199951171875,10498.0498046875
2016-08-11,18640.18359375,11222.2001953125,22235.150390625,9513.25,11376.900390625,7707.5498046875,2474.300048828125,9336.849609375,210.10000610351562,2882.800048828125,2803.60009765625,2796.949951171875,10543.2998046875
2016-08-12,18963.478515625,11173.400390625,22397.400390625,9618.5,11362.400390625,7846.39990234375,2510.14990234375,9434.5,209.0500030517578,2904.35009765625,2816.85009765625,2960.699951171875,10672.150390625
2016-08-16,19001.9296875,10993.5498046875,22396.0,9558.599609375,11420.0,7831.9501953125,2550.10009765625,9445.400390625,207.64999389648438,2918.5,2814.0,2984.39990234375,10688.5498046875
2016-08-17,19041.029296875,10808.75,22342.849609375,9647.0,11496.7998046875,7854.5498046875,2599.800048828125,9388.0,208.6999969482422,2914.5,2811.300048828125,2995.5,10699.0
2016-08-18,19352.576171875,10783.5,22262.099609375,9678.599609375,11565.2998046875,7947.0,2595.050048828125,9508.349609375,211.35000610351562,2938.25,2840.75,3028.60009765625,10892.0
2016-08-19,19414.47265625,10727.599609375,22234.75,9638.5498046875,11587.400390625,7948.25,2629.800048828125,9522.900390625,210.14999389648438,2946.60009765625,2843.199951171875,3135.64990234375,10880.4501953125
2016-08-22,19330.025390625,10593.2001953125,22388.19921875,9539.0,11473.7998046875,7929.39990234375,2608.699951171875,9466.849609375,210.25,2935.64990234375,2839.35009765625,3100.39990234375,10836.650390625
2016-08-23,19341.42578125,10767.099609375,22176.099609375,9526.2998046875,11409.0498046875,7919.89990234375,2597.35009765625,9355.150390625,209.5500030517578,2924.449951171875,2861.14990234375,3112.699951171875,10836.5
2016-08-24,19355.375,10786.349609375,22193.849609375,9529.0,11536.5498046875,7941.4501953125,2595.550048828125,9462.2998046875,210.10000610351562,2930.949951171875,2890.550048828125,3109.0,10830.75
2016-08-25,19304.025390625,10665.650390625,22283.19921875,9470.849609375,11490.849609375,7893.9501953125,2553.85009765625,9429.2001953125,208.60000610351562,2897.39990234375,2858.5,3069.75,10824.900390625
2016-08-26,19195.52734375,10523.0498046875,22252.650390625,9538.400390625,11395.4501953125,7898.64990234375,2551.949951171875,9488.349609375,206.14999389648438,2877.0,2844.5,3018.89990234375,10774.5
2016-08-29,19216.77734375,10385.349609375,22192.80078125,9697.0,11382.349609375,7917.85009765625,2579.85009765625,9608.2998046875,206.25,2899.449951171875,2918.0,3045.449951171875,10798.150390625
2016-08-30,19531.32421875,10572.2998046875,22546.94921875,9866.0498046875,11552.75,8034.14990234375,2606.89990234375,9720.4501953125,208.0,2912.449951171875,2930.64990234375,3109.300048828125,10955.849609375
2016-08-31,19787.369140625,10546.099609375,22609.30078125,9897.2998046875,11489.150390625,8139.2001953125,2566.75,9663.650390625,205.5500030517578,2934.89990234375,2965.949951171875,3110.39990234375,11109.4501953125
2016-09-01,19788.619140625,10533.25,22715.55078125,9939.9501953125,11463.349609375,8166.60009765625,2574.550048828125,9535.2998046875,201.25,2885.64990234375,2932.699951171875,3086.800048828125,11129.75
2016-09-02,19882.96875,10528.349609375,22789.30078125,10052.9501953125,11555.150390625,8206.900390625,2570.949951171875,9503.400390625,202.8000030517578,2907.89990234375,2942.0,3129.050048828125,11172.9501953125
2016-09-06,20425.9609375,10545.2998046875,22972.80078125,10348.5498046875,11612.7001953125,8385.849609375,2607.050048828125,9591.5,206.0500030517578,2934.14990234375,2961.39990234375,3202.0,11501.2001953125
2016-09-07,20406.6640625,10499.900390625,23008.19921875,10359.849609375,11633.0498046875,8334.9501953125,2632.949951171875,9550.2998046875,207.39999389648438,2940.5,2951.800048828125,3298.550048828125,11446.2998046875
2016-09-08,20417.01171875,10240.5,23186.150390625,10458.650390625,11936.650390625,8381.7001953125,2660.25,9601.400390625,213.35000610351562,2967.64990234375,2972.35009765625,3323.35009765625,11440.400390625
2016-09-09,20245.06640625,10291.900390625,22703.69921875,10299.2001953125,11818.7998046875,8294.5498046875,2607.199951171875,9668.2001953125,214.64999389648438,2935.300048828125,2932.85009765625,3287.949951171875,11340.2001953125
2016-09-12,19790.369140625,10374.9501953125,22291.25,10013.5,11622.599609375,8135.9501953125,2485.699951171875,9514.5498046875,204.0,2842.050048828125,2834.550048828125,3132.0,11110.150390625
2016-09-14,19908.919921875,10302.849609375,22326.69921875,10086.25,11640.599609375,8147.2001953125,2496.550048828125,9540.7001953125,204.0500030517578,2867.60009765625,2866.10009765625,3213.39990234375,11161.150390625
2016-09-15,19837.3203125,10289.5,22526.599609375,10064.0498046875,11715.650390625,8161.4501953125,2489.800048828125,9561.400390625,203.60000610351562,2857.14990234375,2946.199951171875,3182.89990234375,11113.900390625
2016-09-16,19855.21875,10399.25,22762.5,10117.9501953125,11725.5,8164.9501953125,2450.89990234375,9644.849609375,205.5500030517578,2864.64990234375,2902.5,3154.449951171875,11115.900390625
2016-09-19,19906.619140625,10463.400390625,22668.349609375,10146.349609375,11766.650390625,8162.10009765625,2485.550048828125,9727.150390625,208.60000610351562,2885.10009765625,2925.449951171875,3173.550048828125,11152.900390625
2016-09-20,19852.0703125,10426.7001953125,22487.19921875,10075.0,11746.400390625,8152.7998046875,2495.10009765625,9694.349609375,205.5,2867.39990234375,2920.199951171875,3161.300048828125,11122.75
2016-09-21,19828.21875,10456.5,22343.05078125,10095.9501953125,11730.9501953125,8151.39990234375,2511.85009765625,9676.849609375,206.10000610351562,2870.300048828125,2922.449951171875,3123.25,11126.099609375
2016-09-22,20109.365234375,10397.150390625,22401.75,10250.349609375,11844.4501953125,8265.2998046875,2540.550048828125,9828.0,208.89999389648438,2912.75,2941.64990234375,3212.10009765625,11256.2001953125
2016-09-23,19901.5703125,10391.0498046875,22315.75,10224.9501953125,11798.650390625,8216.650390625,2542.0,9886.0498046875,210.5500030517578,2902.64990234375,2931.25,3176.0,11117.349609375
2016-09-26,19591.521484375,10330.0,21977.099609375,10048.650390625,11708.7001953125,8100.0,2539.449951171875,9860.650390625,205.5500030517578,2854.0,2935.300048828125,3143.199951171875,10931.5498046875
2016-09-27,19518.47265625,10397.0,21913.150390625,9992.5,11782.599609375,8074.0,2523.60009765625,9831.849609375,206.10000610351562,2823.949951171875,2937.89990234375,3111.60009765625,10894.900390625
2016-09-28,19653.322265625,10360.5,21917.099609375,10115.9501953125,11777.75,8109.0,2579.050048828125,9822.75,209.8000030517578,2861.449951171875,3004.10009765625,3187.85009765625,10954.5
2016-09-29,19183.427734375,10257.7998046875,21661.19921875,9893.849609375,11432.2001953125,7927.35009765625,2488.60009765625,9631.099609375,195.14999389648438,2780.5,2943.449951171875,3067.0,10696.9501953125
2016-09-30,19285.474609375,10292.2998046875,21542.05078125,10029.2998046875,11461.0,7952.7998046875,2522.050048828125,9756.2001953125,202.6999969482422,2793.39990234375,2969.800048828125,3129.64990234375,10742.0498046875
2016-10-03,19588.822265625,10309.849609375,21729.44921875,10275.5,11638.25,8098.5498046875,2586.050048828125,9915.5,209.0,2855.35009765625,3127.800048828125,3187.699951171875,10912.349609375
2016-10-04,19672.470703125,10394.2998046875,21709.849609375,10289.7001953125,11681.400390625,8136.0,2614.64990234375,10057.349609375,209.8000030517578,2858.10009765625,3074.75,3245.5,10939.2998046875
2016-10-05,19536.623046875,10333.400390625,21736.80078125,10344.0,11615.900390625,8092.10009765625,2635.25,10034.5,213.64999389648438,2861.800048828125,3097.60009765625,3251.5,10832.0498046875
2016-10-06,19394.826171875,10242.5,21659.5,10269.849609375,11494.4501953125,8046.2001953125,2640.10009765625,10196.0,210.4499969482422,2848.5,3050.050048828125,3192.85009765625,10762.2998046875
2016-10-07,19399.875,10184.25,21638.650390625,10344.2998046875,11480.099609375,8022.0,2666.550048828125,10145.5,211.25,2846.39990234375,3121.949951171875,3211.199951171875,10758.0498046875
2016-10-10,19378.326171875,10270.9501953125,21672.55078125,10335.7998046875,11547.2998046875,7990.39990234375,2710.39990234375,10082.75,208.5,2837.199951171875,3125.949951171875,3185.449951171875,10755.5498046875
2016-10-13,18954.029296875,10243.75,21454.900390625,10203.0,11338.849609375,7797.4501953125,2656.25,9889.7001953125,203.6999969482422,2782.85009765625,3022.0,3081.0,10542.849609375
2016-10-14,19019.9296875,10228.650390625,21423.0,10223.4501953125,11380.099609375,7795.39990234375,2643.5,10061.75,205.39999389648438,2811.25,2965.0,3103.050048828125,10582.9501953125
2016-10-17,19070.1796875,10158.75,21415.5,10008.400390625,11279.400390625,7802.7001953125,2611.10009765625,9987.25,203.3000030517578,2776.25,2872.75,3090.300048828125,10657.9501953125
2016-10-18,19494.82421875,10377.150390625,21749.099609375,10150.0498046875,11469.4501953125,8017.5,2663.10009765625,10071.9501953125,205.75,2830.25,2922.949951171875,3152.5,10904.650390625
2016-10-19,19411.873046875,10411.099609375,21449.650390625,10092.5498046875,11527.75,7975.7001953125,2669.64990234375,10164.7001953125,204.60000610351562,2853.050048828125,2911.199951171875,3142.14990234375,10854.2001953125
2016-10-20,19658.470703125,10372.9501953125,21424.55078125,10088.7001953125,11483.349609375,8066.75,2708.5,10183.150390625,207.9499969482422,2879.64990234375,2956.449951171875,3208.89990234375,11002.900390625
2016-10-21,19710.671875,10477.099609375,21546.80078125,10101.599609375,11494.5498046875,8054.64990234375,2688.050048828125,10106.4501953125,209.64999389648438,2889.550048828125,2959.550048828125,3195.550048828125,11028.400390625
2016-10-24,19807.669921875,10327.7001953125,21569.94921875,10188.2001953125,11487.599609375,8091.2998046875,2690.800048828125,10201.650390625,210.8000030517578,2876.75,2932.39990234375,3242.300048828125,11082.349609375
2016-10-25,19834.669921875,10261.400390625,21387.55078125,10143.7001953125,11585.9501953125,8092.35009765625,2679.5,10181.4501953125,209.5,2895.800048828125,2938.0,3219.64990234375,11134.4501953125
2016-10-26,19483.373046875,10157.349609375,21338.400390625,10056.5498046875,11454.900390625,7976.75,2641.14990234375,10104.0,208.9499969482422,2879.25,2935.550048828125,3180.449951171875,10917.099609375
2016-10-27,19514.373046875,10052.900390625,21450.0,9912.849609375,11534.5498046875,8048.60009765625,2619.60009765625,10053.2001953125,207.60000610351562,2864.64990234375,2888.35009765625,3143.699951171875,10939.7001953125
2016-10-28,19555.72265625,10048.400390625,21547.94921875,10056.7001953125,11571.849609375,8060.5,2678.35009765625,10092.25,210.4499969482422,2869.75,2942.699951171875,3177.300048828125,10947.9501953125
2016-11-01,19458.373046875,9990.599609375,21370.400390625,10105.5498046875,11530.150390625,8059.0498046875,2781.0,10137.5,209.0500030517578,2867.300048828125,2912.050048828125,3177.550048828125,10874.7998046875
2016-11-02,19227.677734375,9871.25,21195.900390625,9973.7998046875,11268.900390625,7965.7998046875,2756.75,9919.4501953125,203.39999389648438,2834.75,2864.5,3067.449951171875,10788.099609375
2016-11-03,19178.4765625,9809.75,21261.75,9948.25,11124.2998046875,7943.0,2737.949951171875,9805.5498046875,201.0500030517578,2814.0,2846.0,3005.85009765625,10773.900390625
2016-11-04,19057.87890625,9924.0498046875,21658.94921875,9870.75,10606.0,7872.0498046875,2674.75,9711.150390625,195.39999389648438,2774.39990234375,2840.39990234375,2961.199951171875,10721.2001953125
2016-11-07,19355.775390625,9970.0,21916.5,9892.599609375,10818.75,7950.10009765625,2728.300048828125,9762.0498046875,198.60000610351562,2774.39990234375,2859.449951171875,3075.64990234375,10853.099609375
2016-11-08,19500.57421875,10008.400390625,21902.849609375,10079.7001953125,10665.7998046875,8011.35009765625,2739.199951171875,9821.7001953125,198.1999969482422,2779.300048828125,2860.35009765625,3073.300048828125,10949.4501953125
2016-11-09,19518.0234375,9683.25,21414.349609375,9819.7998046875,10871.099609375,7939.0,2700.550048828125,9825.4501953125,175.1999969482422,2745.60009765625,2829.25,3137.89990234375,10911.849609375
2016-11-10,20200.015625,9654.75,21561.099609375,9758.150390625,10990.5498046875,8092.9501953125,2870.050048828125,9975.5,177.35000610351562,2816.85009765625,2860.550048828125,3411.64990234375,11210.4501953125
2016-11-11,19738.572265625,9434.599609375,20825.900390625,9308.2998046875,10901.25,7861.7998046875,2810.64990234375,9807.4501953125,168.35000610351562,2741.75,2737.550048828125,3320.25,10936.849609375
2016-11-15,19289.525390625,9487.0,20307.94921875,8828.599609375,10747.900390625,7664.75,2668.10009765625,9658.2998046875,159.6999969482422,2700.449951171875,2628.60009765625,3395.35009765625,10574.9501953125
2016-11-16,19107.876953125,9641.0,20126.099609375,8918.650390625,10559.25,7665.25,2645.64990234375,9657.7998046875,158.10000610351562,2711.25,2702.050048828125,3372.800048828125,10464.7998046875
2016-11-17,19087.626953125,9496.2001953125,20154.0,8915.599609375,10595.650390625,7642.2998046875,2662.949951171875,9678.400390625,160.10000610351562,2702.75,2641.89990234375,3377.10009765625,10461.150390625
2016-11-18,18958.830078125,9476.4501953125,19959.900390625,8983.849609375,10751.4501953125,7602.7998046875,2626.0,9797.25,162.3000030517578,2718.199951171875,2585.14990234375,3382.60009765625,10400.9501953125
2016-11-21,18446.185546875,9453.75,19701.25,8681.599609375,10642.099609375,7432.0,2536.199951171875,9689.599609375,153.85000610351562,2661.300048828125,2512.449951171875,3149.5,10176.400390625
2016-11-22,18548.435546875,9509.4501953125,19934.30078125,8852.900390625,10693.849609375,7506.0,2610.699951171875,9749.2998046875,158.4499969482422,2653.300048828125,2563.0,3154.35009765625,10251.0498046875
2016-11-23,18540.685546875,9549.849609375,19976.099609375,8891.150390625,10934.2001953125,7492.7998046875,2677.5,9817.0,163.10000610351562,2680.300048828125,2596.89990234375,3162.85009765625,10255.4501953125
2016-11-24,18255.88671875,9656.25,19851.69921875,8754.5,10762.4501953125,7397.0,2711.300048828125,9696.2998046875,160.9499969482422,2671.300048828125,2531.0,3201.64990234375,10040.7001953125
2016-11-25,18507.0859375,10114.900390625,20157.150390625,8780.400390625,11085.0,7507.60009765625,2757.449951171875,9806.4501953125,163.4499969482422,2707.050048828125,2562.35009765625,3208.64990234375,10200.9501953125
2016-11-28,18301.236328125,10106.2001953125,20426.05078125,8826.650390625,11110.25,7462.9501953125,2784.60009765625,9890.099609375,166.39999389648438,2748.0,2621.050048828125,3126.949951171875,10110.7998046875
2016-11-29,18223.5390625,10059.599609375,20306.599609375,9017.9501953125,11061.2998046875,7457.75,2777.0,9915.0498046875,167.1999969482422,2759.25,2624.14990234375,3114.050048828125,10073.349609375
2016-11-30,18627.583984375,10087.7001953125,20487.900390625,9113.7998046875,11080.0498046875,7591.4501953125,2798.89990234375,9938.9501953125,167.85000610351562,2791.949951171875,2632.64990234375,3179.5,10290.650390625
2016-12-01,18428.234375,10049.75,20554.69921875,9041.0,11132.0498046875,7533.75,2748.800048828125,9876.349609375,165.75,2767.39990234375,2633.60009765625,3140.89990234375,10172.4501953125
2016-12-02,18247.4375,9922.7998046875,20179.849609375,8888.7001953125,11038.0498046875,7433.35009765625,2717.60009765625,9804.5,162.6999969482422,2737.800048828125,2554.199951171875,3114.0,10061.75
2016-12-05,18408.685546875,9836.0,20478.80078125,9046.25,11073.5,7442.14990234375,2758.64990234375,9808.0,163.85000610351562,2748.449951171875,2576.949951171875,3147.39990234375,10148.599609375
2016-12-06,18420.685546875,9834.9501953125,20293.19921875,9014.0,11069.849609375,7480.2001953125,2781.449951171875,9901.7001953125,166.1999969482422,2759.25,2576.10009765625,3161.300048828125,10154.150390625
2016-12-07,18233.9375,9777.900390625,20137.349609375,9053.25,10832.650390625,7446.35009765625,2786.64990234375,9912.9501953125,164.1999969482422,2752.39990234375,2553.550048828125,3110.35009765625,10064.4501953125
2016-12-08,18515.234375,9935.900390625,20510.25,9299.0498046875,10972.650390625,7568.7001953125,2868.800048828125,10066.900390625,166.64999389648438,2782.89990234375,2604.0,3153.35009765625,10219.650390625
2016-12-09,18695.583984375,9997.5,20622.400390625,9252.2998046875,10929.4501953125,7585.9501953125,2865.25,10111.9501953125,169.64999389648438,2780.0,2653.199951171875,3230.550048828125,10304.9501953125
2016-12-12,18392.736328125,9953.900390625,20319.69921875,9092.0,10895.900390625,7488.10009765625,2857.85009765625,10060.5,168.75,2770.949951171875,2615.75,3180.949951171875,10130.099609375
2016-12-13,18465.8359375,10058.650390625,20491.650390625,9196.0,10947.900390625,7509.25,2827.5,10149.9501953125,166.75,2783.25,2585.64990234375,3200.39990234375,10166.7001953125
2016-12-14,18341.287109375,10128.9501953125,20313.55078125,9146.0498046875,10859.25,7457.4501953125,2784.75,10154.150390625,167.4499969482422,2757.449951171875,2580.0,3158.800048828125,10111.400390625
2016-12-15,18400.935546875,10195.75,20136.05078125,9118.25,10655.5,7466.39990234375,2786.10009765625,10114.900390625,167.85000610351562,2748.949951171875,2563.699951171875,3182.60009765625,10135.9501953125
2016-12-16,18312.587890625,10222.9501953125,19982.599609375,9153.5,10646.5,7450.25,2742.800048828125,10080.650390625,167.6999969482422,2736.050048828125,2570.10009765625,3169.050048828125,10071.25
2016-12-19,18256.837890625,10223.650390625,19957.19921875,9098.0498046875,10555.7001953125,7393.9501953125,2716.10009765625,10140.2001953125,165.9499969482422,2717.75,2555.550048828125,3134.699951171875,10055.2001953125
2016-12-20,18069.189453125,10322.849609375,20039.05078125,9023.0498046875,10436.75,7324.25,2693.5,10103.9501953125,165.89999389648438,2706.35009765625,2577.39990234375,3055.300048828125,9961.099609375
2016-12-21,18084.2890625,10228.25,19809.69921875,9013.0,10361.599609375,7322.5,2707.800048828125,10168.0,167.64999389648438,2704.75,2551.85009765625,3060.449951171875,9964.5
2016-12-22,17891.2421875,10163.0,19750.25,8961.2998046875,10226.150390625,7235.0498046875,2630.5,10032.349609375,166.8000030517578,2654.0,2544.699951171875,3002.39990234375,9868.5
2016-12-23,17883.79296875,10071.0498046875,19592.849609375,8987.25,10156.650390625,7251.2998046875,2623.10009765625,10062.099609375,164.64999389648438,2669.5,2545.89990234375,2991.300048828125,9852.2998046875
2016-12-26,17655.345703125,10023.2998046875,19624.44921875,8854.75,9889.2998046875,7175.35009765625,2543.949951171875,9928.2998046875,158.64999389648438,2637.550048828125,2493.800048828125,2910.64990234375,9743.150390625
2016-12-27,17879.34375,10170.7001953125,20150.25,8991.7998046875,10083.0,7263.25,2609.300048828125,10067.0498046875,159.6999969482422,2673.449951171875,2522.699951171875,2961.199951171875,9869.5
2016-12-28,17876.4921875,10198.599609375,20279.0,8981.150390625,10149.349609375,7279.0498046875,2605.64990234375,9994.7998046875,161.4499969482422,2675.75,2555.300048828125,2947.5,9869.4501953125
2016-12-29,18032.94140625,10291.849609375,20400.75,9109.0498046875,10132.349609375,7352.25,2645.050048828125,10148.900390625,163.14999389648438,2688.5,2581.89990234375,2948.39990234375,9958.7001953125
2016-12-30,18176.98828125,10399.25,20754.099609375,9141.75,10267.0,7407.0498046875,2652.5,10271.5498046875,165.35000610351562,2712.25,2610.75,2982.0,10042.7998046875
2017-01-02,17969.390625,10367.0498046875,20710.349609375,9326.900390625,10310.2001953125,7304.25,2705.25,10307.650390625,172.60000610351562,2736.800048828125,2618.39990234375,2922.25,9949.400390625
2017-01-03,18035.390625,10362.25,20864.150390625,9300.2998046875,10317.4501953125,7318.85009765625,2714.949951171875,10431.0498046875,173.39999389648438,2745.699951171875,2665.10009765625,2940.39990234375,9998.2998046875
2017-01-04,17890.79296875,10496.900390625,20935.25,9330.900390625,10303.7998046875,7264.10009765625,2711.5,10346.849609375,177.25,2766.949951171875,2669.550048828125,2916.14990234375,9912.900390625
2017-01-05,18115.73828125,10400.0498046875,21070.5,9522.2998046875,10457.75,7333.5498046875,2798.25,10505.4501953125,179.25,2807.10009765625,2714.14990234375,2953.949951171875,10057.849609375
2017-01-06,18263.787109375,10110.4501953125,20867.099609375,9506.650390625,10472.7001953125,7368.35009765625,2797.85009765625,10468.5498046875,177.75,2796.39990234375,2683.60009765625,2969.85009765625,10148.7001953125
2017-01-09,18286.4375,10198.4501953125,20987.25,9495.9501953125,10323.4501953125,7371.75,2793.800048828125,10396.150390625,179.25,2781.5,2697.85009765625,2982.10009765625,10159.5
2017-01-10,18409.384765625,10221.5,21157.75,9616.599609375,10366.7001953125,7404.39990234375,2833.89990234375,10489.5498046875,178.75,2801.0,2707.300048828125,2993.35009765625,10217.099609375
2017-01-11,18829.78125,10220.5498046875,21194.55078125,9703.650390625,10464.650390625,7515.75,2954.800048828125,10523.75,179.5,2830.5,2747.300048828125,3062.10009765625,10459.400390625
2017-01-12,18873.73046875,10398.7998046875,20988.05078125,9676.9501953125,10401.75,7520.5498046875,2958.550048828125,10644.2998046875,179.0,2890.0,2745.75,3054.0,10489.7001953125
2017-01-13,18911.87890625,10263.5498046875,21232.94921875,9600.7001953125,10445.099609375,7577.39990234375,2952.300048828125,10656.599609375,178.8000030517578,2869.949951171875,2748.199951171875,3048.300048828125,10530.7998046875
2017-01-16,19096.2265625,10173.099609375,21197.69921875,9650.7001953125,10418.2001953125,7649.10009765625,2980.949951171875,10599.849609375,181.1999969482422,2880.35009765625,2754.800048828125,3099.89990234375,10613.099609375
2017-01-17,19066.830078125,10206.7998046875,21442.94921875,9641.849609375,10426.650390625,7625.5,2937.10009765625,10445.650390625,181.89999389648438,2882.5,2747.550048828125,3105.949951171875,10601.150390625
2017-01-18,19164.27734375,10231.599609375,21529.55078125,9644.7998046875,10452.4501953125,7645.4501953125,3006.550048828125,10403.900390625,182.0,2878.75,2761.699951171875,3126.35009765625,10652.900390625
2017-01-19,19124.02734375,10222.150390625,21634.150390625,9709.0,10389.75,7626.7001953125,3005.800048828125,10538.650390625,181.39999389648438,2892.699951171875,2755.25,3136.75,10626.2001953125
2017-01-20,18820.58203125,10132.650390625,21641.05078125,9601.0,10307.849609375,7505.5,2933.10009765625,10407.099609375,177.35000610351562,2841.10009765625,2705.050048828125,3040.10009765625,10464.599609375
2017-01-23,18842.48046875,10219.400390625,21873.80078125,9665.0,10214.150390625,7538.7998046875,3013.5,10449.349609375,178.60000610351562,2828.800048828125,2760.10009765625,3073.300048828125,10454.25
2017-01-24,19023.279296875,10201.599609375,21908.400390625,9828.2001953125,10339.4501953125,7627.9501953125,3062.300048828125,10584.9501953125,179.1999969482422,2870.050048828125,2755.300048828125,3090.800048828125,10544.7001953125
2017-01-25,19472.97265625,10164.4501953125,22206.25,9967.7001953125,10332.599609375,7853.2998046875,3109.050048828125,10661.900390625,182.5,2892.60009765625,2820.39990234375,3153.25,10812.5498046875
2017-01-27,19708.072265625,10181.849609375,21798.19921875,10014.849609375,10367.2001953125,7980.5,3109.64990234375,10735.4501953125,181.39999389648438,2930.199951171875,2812.199951171875,3234.14990234375,10923.650390625
2017-01-30,19585.021484375,10170.650390625,21786.30078125,9928.650390625,10412.150390625,7957.75,3104.60009765625,10765.2998046875,180.6999969482422,2957.699951171875,2809.300048828125,3223.10009765625,10841.599609375
2017-01-31,19514.923828125,9848.5,21832.650390625,9837.75,10236.349609375,7917.4501953125,3072.10009765625,10674.150390625,179.5500030517578,2939.60009765625,2771.39990234375,3174.35009765625,10817.7998046875
2017-02-01,20020.3671875,9750.0,22496.69921875,10191.9501953125,10189.5,8130.10009765625,3146.800048828125,10742.400390625,188.4499969482422,2975.60009765625,2834.35009765625,3300.199951171875,11086.25
2017-02-02,20070.068359375,9926.0,22696.19921875,10058.7998046875,10402.0,8138.2998046875,3147.449951171875,10756.4501953125,188.75,2978.550048828125,2843.199951171875,3347.75,11110.2998046875
2017-02-03,20196.56640625,10025.7998046875,22645.150390625,9975.099609375,10555.0,8146.10009765625,3128.699951171875,10708.099609375,190.39999389648438,2989.25,2907.85009765625,3445.10009765625,11142.349609375
2017-02-06,20371.36328125,10029.0498046875,22904.400390625,10031.099609375,10710.7998046875,8227.9501953125,3119.800048828125,10783.0498046875,194.10000610351562,3012.25,2934.199951171875,3432.300048828125,11273.7998046875
2017-02-07,20327.013671875,9997.9501953125,22877.75,9931.7001953125,10604.0,8203.2001953125,3079.550048828125,10692.099609375,193.0500030517578,3011.64990234375,2933.050048828125,3450.449951171875,11236.0498046875
2017-02-08,20245.166015625,10007.0498046875,22766.25,9994.25,10583.400390625,8168.39990234375,3106.60009765625,10722.599609375,194.5,3028.949951171875,2968.35009765625,3439.60009765625,11182.400390625
2017-02-09,20150.916015625,10167.900390625,22874.94921875,10028.0498046875,10542.599609375,8139.4501953125,3084.64990234375,10726.0498046875,196.35000610351562,3029.050048828125,3022.89990234375,3404.39990234375,11135.650390625
2017-02-10,20213.666015625,10387.849609375,22709.30078125,9987.2998046875,10438.099609375,8141.2001953125,3075.449951171875,10676.75,196.0500030517578,3038.85009765625,3010.89990234375,3414.14990234375,11174.900390625
2017-02-13,20251.564453125,10452.900390625,22649.0,9973.2998046875,10403.599609375,8158.2998046875,3083.050048828125,10704.7001953125,194.0,3036.10009765625,3021.60009765625,3312.449951171875,11256.7001953125
2017-02-14,20257.86328125,10474.099609375,22596.05078125,9820.599609375,10322.25,8162.60009765625,3055.449951171875,10728.849609375,192.60000610351562,3039.64990234375,2993.550048828125,3308.0,11258.7001953125
2017-02-15,20163.46484375,10427.650390625,22674.400390625,9523.349609375,10137.650390625,8147.35009765625,3011.25,10648.75,185.0500030517578,3002.0,2993.39990234375,3259.800048828125,11203.099609375
2017-02-16,20243.46484375,10628.0498046875,22379.69921875,9686.349609375,10407.75,8176.64990234375,3075.75,10746.099609375,188.5,3006.199951171875,2992.0,3283.949951171875,11235.4501953125
2017-02-17,20551.111328125,10527.2001953125,22445.80078125,9683.599609375,10624.400390625,8281.5498046875,3053.60009765625,10846.2001953125,189.25,3011.0,2991.35009765625,3275.449951171875,11401.4501953125
2017-02-20,20676.859375,10671.25,22439.650390625,9743.9501953125,10641.599609375,8313.75,3116.75,10947.150390625,191.9499969482422,3042.199951171875,3019.949951171875,3292.949951171875,11443.650390625
2017-02-21,20860.70703125,10680.75,22450.55078125,9758.900390625,10644.599609375,8399.5498046875,3127.0,11024.4501953125,192.8000030517578,3031.64990234375,3019.699951171875,3310.800048828125,11559.400390625
2017-02-22,20868.20703125,10514.7998046875,22426.400390625,9768.4501953125,10582.2998046875,8390.349609375,3107.14990234375,11418.5498046875,193.0,3010.14990234375,2991.699951171875,3313.85009765625,11583.2998046875
2017-02-23,20876.408203125,10689.650390625,22434.75,9761.75,10561.599609375,8383.2001953125,3120.25,11311.150390625,194.5,3013.35009765625,2995.050048828125,3297.550048828125,11607.150390625
2017-02-27,20612.810546875,10706.7001953125,22419.599609375,9666.849609375,10571.7001953125,8302.75,3110.89990234375,11458.7998046875,194.85000610351562,2975.5,2969.199951171875,3262.449951171875,11433.349609375
2017-02-28,20607.009765625,10680.9501953125,22338.19921875,9654.650390625,10585.150390625,8286.900390625,3127.300048828125,11360.2001953125,197.1999969482422,2997.85009765625,2996.35009765625,3286.35009765625,11420.75
2017-03-01,20783.5078125,10748.0498046875,22650.849609375,9670.599609375,10700.7998046875,8377.349609375,3184.60009765625,11277.349609375,204.85000610351562,2994.75,2995.10009765625,3310.699951171875,11533.25
2017-03-02,20559.8125,10741.599609375,22417.30078125,9705.5,10541.099609375,8310.900390625,3166.300048828125,11172.2998046875,196.1999969482422,2953.0,2958.550048828125,3247.0,11415.25
2017-03-03,20495.361328125,10806.25,22280.69921875,9680.5,10614.0498046875,8252.849609375,3187.10009765625,11305.0498046875,198.1999969482422,2965.550048828125,2980.64990234375,3223.949951171875,11388.7998046875
2017-03-06,20663.41015625,10779.0498046875,22392.30078125,9800.0,10612.849609375,8293.0,3189.39990234375,11539.599609375,199.9499969482422,3003.14990234375,2999.64990234375,3272.949951171875,11474.849609375
2017-03-07,20627.259765625,10799.099609375,22393.099609375,9753.5498046875,10560.900390625,8283.4501953125,3133.449951171875,11573.849609375,201.60000610351562,3006.199951171875,3018.300048828125,3253.39990234375,11451.349609375
2017-03-08,20676.310546875,10739.4501953125,22365.19921875,9701.25,10584.349609375,8299.4501953125,3073.39990234375,11456.5,198.8000030517578,2986.949951171875,3037.0,3261.35009765625,11468.349609375
2017-03-09,20721.109375,10724.75,22392.0,9754.349609375,10499.0498046875,8320.4501953125,3052.699951171875,11397.5498046875,198.39999389648438,2980.0,3054.050048828125,3285.050048828125,11476.25
2017-03-10,20727.310546875,10749.849609375,22341.75,9779.25,10468.349609375,8320.650390625,3034.64990234375,11350.9501953125,198.25,2987.35009765625,3056.300048828125,3273.5,11480.5
2017-03-14,21102.453125,10879.25,22743.75,9910.400390625,10648.0498046875,8509.5,3032.10009765625,11435.650390625,203.39999389648438,3049.64990234375,3085.800048828125,3308.10009765625,11722.2001953125
2017-03-15,21157.654296875,10696.5498046875,22793.150390625,9987.650390625,10671.0498046875,8544.5498046875,3046.5,11469.5,203.89999389648438,3061.699951171875,3102.550048828125,3351.35009765625,11738.0
2017-03-16,21249.654296875,10822.099609375,22905.44921875,10056.5,10731.2001953125,8601.150390625,3135.550048828125,11524.7998046875,206.4499969482422,3103.89990234375,3113.800048828125,3388.199951171875,11786.7001953125
2017-03-17,21174.8046875,10900.75,23491.25,10009.400390625,10674.9501953125,8592.650390625,3127.5,11487.150390625,208.0,3066.25,3082.449951171875,3327.0,11759.099609375
2017-03-20,21110.00390625,10776.75,23500.25,10009.2998046875,10710.599609375,8583.599609375,3126.60009765625,11411.9501953125,207.1999969482422,3055.199951171875,3093.199951171875,3336.64990234375,11697.650390625
2017-03-21,21018.755859375,10787.2001953125,23796.650390625,9963.75,10493.75,8561.9501953125,3119.39990234375,11359.0498046875,210.5,3056.050048828125,3100.39990234375,3306.0,11642.650390625
2017-03-22,20781.107421875,10783.2998046875,23390.75,9803.9501953125,10510.5498046875,8472.599609375,3079.14990234375,11321.650390625,211.8000030517578,3014.050048828125,3076.800048828125,3241.0,11517.4501953125
2017-03-23,20895.2578125,10850.7998046875,23335.30078125,9897.9501953125,10575.2001953125,8520.900390625,3113.199951171875,11456.650390625,212.25,3039.10009765625,3099.64990234375,3252.10009765625,11596.099609375
2017-03-24,21122.3046875,10768.9501953125,23455.099609375,9878.349609375,10556.349609375,8591.400390625,3123.0,11485.400390625,213.1999969482422,3045.14990234375,3089.300048828125,3359.85009765625,11708.0498046875
2017-03-27,21056.65625,10648.5,23444.05078125,9808.2001953125,10441.900390625,8569.2998046875,3040.199951171875,11307.900390625,213.0500030517578,3032.25,3094.199951171875,3404.050048828125,11646.5498046875
2017-03-28,21225.154296875,10681.0498046875,23467.69921875,9887.7998046875,10497.7001953125,8670.9501953125,3059.35009765625,11298.2001953125,212.14999389648438,3049.699951171875,3146.449951171875,3432.550048828125,11734.650390625
2017-03-29,21390.90234375,10741.25,23672.5,9845.75,10419.5,8747.5,3071.050048828125,11339.2001953125,211.39999389648438,3073.050048828125,3146.449951171875,3487.10009765625,11807.9501953125
2017-03-30,21620.447265625,10730.75,23671.0,9860.2998046875,10407.2998046875,8806.150390625,3061.699951171875,11377.650390625,215.3000030517578,3082.60009765625,3158.85009765625,3514.35009765625,11903.7001953125
2017-03-31,21443.900390625,10703.25,23542.30078125,9880.2001953125,10411.150390625,8734.2998046875,3096.550048828125,11648.7001953125,214.9499969482422,3096.64990234375,3174.25,3526.60009765625,11803.150390625
2017-04-03,21547.5,10592.0,23639.599609375,9921.099609375,10503.650390625,8825.7998046875,3105.699951171875,11819.400390625,219.10000610351562,3147.5,3156.300048828125,3525.75,11897.2001953125
2017-04-05,21652.447265625,10510.2998046875,23583.69921875,10033.5498046875,10541.150390625,8804.099609375,3137.25,11979.2998046875,225.89999389648438,3195.5,3224.449951171875,3576.050048828125,11948.650390625
2017-04-06,21622.697265625,10538.150390625,23349.0,10035.2998046875,10469.7001953125,8789.9501953125,3146.14990234375,12123.4501953125,227.9499969482422,3196.60009765625,3245.5,3537.64990234375,11941.2998046875
2017-04-07,21430.900390625,10485.75,23235.55078125,9993.75,10285.7998046875,8741.75,3111.10009765625,12055.0498046875,224.60000610351562,3190.699951171875,3204.89990234375,3483.949951171875,11830.849609375
2017-04-10,21519.900390625,10338.150390625,23264.75,10030.5,10315.7998046875,8739.599609375,3138.449951171875,12017.4501953125,223.35000610351562,3189.550048828125,3233.449951171875,3505.5,11896.900390625
2017-04-11,21735.8984375,10398.849609375,23651.75,10040.0498046875,10355.5498046875,8836.2998046875,3092.050048828125,12012.25,226.10000610351562,3209.25,3214.300048828125,3578.25,12014.599609375
2017-04-12,21666.548828125,10323.4501953125,23670.19921875,9987.150390625,10445.2001953125,8797.7001953125,3071.199951171875,11914.0,226.39999389648438,3190.85009765625,3173.550048828125,3531.39990234375,11983.0
2017-04-13,21686.34765625,10064.2001953125,23507.900390625,9907.400390625,10531.9501953125,8821.7001953125,2985.550048828125,12018.400390625,228.0,3160.050048828125,3157.89990234375,3545.75,11991.7998046875
2017-04-17,21647.34765625,10000.900390625,23459.900390625,9889.4501953125,10448.5498046875,8805.099609375,2953.35009765625,12107.849609375,246.3000030517578,3152.89990234375,3158.050048828125,3532.14990234375,11973.7998046875
2017-04-18,21671.59765625,9981.5498046875,23382.94921875,9813.7001953125,10355.7998046875,8802.4501953125,2901.25,12031.400390625,237.9499969482422,3142.35009765625,3142.550048828125,3531.64990234375,11975.2998046875
2017-04-19,21556.099609375,9944.7998046875,23387.150390625,9831.349609375,10321.0498046875,8789.7001953125,2915.800048828125,12100.7998046875,241.4499969482422,3183.25,3191.300048828125,3473.25,11925.75
2017-04-20,21491.150390625,10039.0498046875,23495.150390625,9909.900390625,10303.9501953125,8808.25,2919.64990234375,12068.5,246.5500030517578,3187.64990234375,3256.199951171875,3504.550048828125,11841.0
2017-04-21,21551.19921875,10008.150390625,23229.80078125,9858.7998046875,10208.5,8816.75,2905.25,12193.7998046875,252.5,3196.949951171875,3266.39990234375,3473.10009765625,11862.7998046875
2017-04-24,21857.146484375,10058.349609375,23344.650390625,9978.2001953125,10177.75,8953.7001953125,2925.699951171875,12273.150390625,258.54998779296875,3237.699951171875,3247.39990234375,3523.0,12011.900390625
2017-04-25,22054.443359375,10091.25,23764.849609375,10090.349609375,10241.4501953125,9056.2001953125,2945.85009765625,12406.849609375,262.45001220703125,3267.449951171875,3263.10009765625,3548.25,12140.25
2017-04-26,22242.591796875,9966.75,24304.30078125,10189.7001953125,10197.2001953125,9133.2001953125,2957.89990234375,12278.650390625,254.64999389648438,3255.199951171875,3246.949951171875,3566.85009765625,12247.900390625
2017-04-27,22326.041015625,10012.349609375,24067.0,10173.099609375,10100.0,9106.400390625,2929.85009765625,12290.099609375,255.64999389648438,3265.050048828125,3260.60009765625,3537.699951171875,12314.0
2017-04-28,22357.990234375,9943.7001953125,23675.400390625,10255.150390625,10120.900390625,9066.0498046875,2974.39990234375,12263.5498046875,251.0500030517578,3255.199951171875,3252.199951171875,3659.300048828125,12308.849609375
2017-05-02,22341.08984375,10006.349609375,23755.099609375,10294.75,10036.349609375,9117.849609375,2957.35009765625,12242.849609375,255.64999389648438,3231.199951171875,3271.89990234375,3654.5,12306.400390625
2017-05-03,22307.041015625,10131.0498046875,23683.80078125,10273.0,9981.7998046875,9088.0498046875,2950.85009765625,12212.849609375,259.6000061035156,3223.199951171875,3219.64990234375,3691.35009765625,12262.0
2017-05-04,22719.8359375,10106.5,23951.80078125,10211.7998046875,9979.0,9227.099609375,2927.550048828125,12140.150390625,257.3500061035156,3241.550048828125,3193.0,3817.5,12509.349609375
2017-05-05,22604.685546875,10086.349609375,23630.44921875,10107.9501953125,9935.150390625,9164.5,2856.699951171875,11925.400390625,254.9499969482422,3217.35009765625,3119.0,3750.5,12458.4501953125
2017-05-08,22767.0859375,10209.150390625,23442.19921875,10167.0498046875,10021.0498046875,9180.599609375,2854.35009765625,11909.5498046875,265.6499938964844,3227.5,3119.949951171875,3790.60009765625,12552.599609375
2017-05-09,22707.037109375,10279.599609375,23527.849609375,10157.7998046875,9997.7001953125,9165.75,2876.449951171875,11980.7001953125,266.8500061035156,3257.89990234375,3100.300048828125,3741.89990234375,12539.2001953125
2017-05-10,22830.083984375,10219.5498046875,23954.349609375,10303.900390625,10106.2001953125,9280.2998046875,2899.10009765625,12118.4501953125,267.1499938964844,3296.39990234375,3170.14990234375,3711.64990234375,12624.599609375
2017-05-11,22818.18359375,10256.099609375,24025.849609375,10410.75,10178.849609375,9277.900390625,2915.35009765625,12037.0,267.8500061035156,3282.800048828125,3279.10009765625,3749.85009765625,12597.4501953125
2017-05-12,22671.435546875,10367.2998046875,23966.94921875,10429.2001953125,10121.400390625,9232.7001953125,2912.050048828125,12017.650390625,269.5,3272.85009765625,3210.10009765625,3726.14990234375,12488.849609375
2017-05-15,22821.234375,10339.75,24119.44921875,10481.2998046875,10252.849609375,9309.5,2978.5,12036.5498046875,271.54998779296875,3277.35009765625,3233.0,3751.85009765625,12573.4501953125
2017-05-16,22928.333984375,10461.2998046875,24370.55078125,10597.4501953125,10247.150390625,9347.4501953125,2964.10009765625,12099.5,274.1000061035156,3293.449951171875,3223.5,3841.300048828125,12596.2001953125
2017-05-17,22935.68359375,10437.2998046875,24266.75,10669.7001953125,10222.599609375,9344.0498046875,3030.64990234375,12073.150390625,273.6499938964844,3304.199951171875,3220.199951171875,3817.85009765625,12620.75
2017-05-18,22698.3359375,10545.599609375,23864.0,10436.349609375,10160.2998046875,9259.25,2947.050048828125,11884.400390625,264.70001220703125,3243.75,3166.60009765625,3737.800048828125,12485.900390625
2017-05-19,22769.53515625,10456.349609375,24352.900390625,10409.7998046875,10156.099609375,9246.599609375,2943.199951171875,11794.7001953125,264.5,3248.199951171875,3136.5,3769.10009765625,12507.7001953125
2017-05-22,22652.5859375,10504.849609375,25230.0,10339.9501953125,9959.2001953125,9196.5,2926.300048828125,11700.5498046875,260.6000061035156,3253.199951171875,3135.39990234375,3611.85009765625,12489.900390625
2017-05-23,22582.5390625,10510.2001953125,25002.349609375,10380.650390625,9648.2998046875,9158.4501953125,2913.89990234375,11559.25,253.4499969482422,3204.75,3077.5,3548.050048828125,12480.900390625
2017-05-24,22536.0390625,10509.2001953125,24986.5,10386.2998046875,9446.9501953125,9143.7001953125,2848.10009765625,11546.349609375,249.4499969482422,3141.949951171875,3022.60009765625,3467.449951171875,12492.7998046875
2017-05-25,23190.53125,10738.349609375,25056.650390625,10588.099609375,9199.150390625,9348.75,2899.800048828125,11627.5498046875,254.6999969482422,3207.050048828125,3034.949951171875,3558.550048828125,12855.150390625
2017-05-26,23361.927734375,10735.400390625,25507.55078125,10711.5498046875,9060.4501953125,9419.75,2997.75,11858.349609375,256.1499938964844,3250.199951171875,3088.75,3538.89990234375,12990.4501953125
2017-05-29,23182.48046875,10568.349609375,25948.05078125,10753.5,8757.7998046875,9438.0498046875,2988.75,11919.900390625,245.10000610351562,3222.64990234375,3066.39990234375,3459.449951171875,12890.349609375
2017-05-30,23306.978515625,10609.0,25783.400390625,10802.0498046875,8990.2998046875,9476.650390625,2998.75,11954.0,247.60000610351562,3211.25,3082.0,3520.64990234375,12954.25
2017-05-31,23424.529296875,10549.099609375,25841.80078125,10870.7998046875,9025.25,9510.0,2952.949951171875,11925.650390625,250.39999389648438,3213.14990234375,3066.050048828125,3514.39990234375,13034.2001953125
2017-06-01,23309.87890625,10574.7001953125,26165.75,10891.5498046875,9104.9501953125,9474.599609375,2926.949951171875,11796.7001953125,250.6999969482422,3240.0,3085.85009765625,3518.75,12964.900390625
2017-06-02,23375.62890625,10608.9501953125,26401.69921875,10942.2001953125,9254.7001953125,9514.0,2923.35009765625,11757.5498046875,254.0,3253.949951171875,3109.0,3527.300048828125,13004.099609375
2017-06-05,23459.376953125,10660.099609375,26430.650390625,10967.9501953125,9229.75,9532.5,2905.949951171875,11806.400390625,255.9499969482422,3271.64990234375,3116.39990234375,3530.85009765625,13060.7998046875
2017-06-06,23416.029296875,10907.25,26058.900390625,10849.2001953125,9174.599609375,9519.25,2896.39990234375,11677.2001953125,252.4499969482422,3228.0,3079.0,3505.199951171875,13032.75
2017-06-07,23567.376953125,10701.25,26230.19921875,10932.400390625,9300.5498046875,9559.2001953125,2924.85009765625,11788.900390625,252.75,3241.300048828125,3090.550048828125,3548.64990234375,13120.0498046875
2017-06-08,23535.826171875,10550.0,26183.349609375,10939.650390625,9486.650390625,9597.2998046875,2950.699951171875,11701.150390625,252.25,3228.75,3097.050048828125,3518.14990234375,13104.5498046875
2017-06-09,23690.625,10442.650390625,25941.44921875,11047.4501953125,9507.349609375,9664.25,2997.699951171875,11688.349609375,259.6499938964844,3236.5,3095.550048828125,3518.800048828125,13188.150390625
2017-06-12,23470.17578125,10470.75,25864.849609375,10963.849609375,9583.849609375,9607.9501953125,2986.949951171875,11633.75,259.04998779296875,3205.85009765625,3079.199951171875,3449.949951171875,13056.75
2017-06-13,23477.576171875,10339.0,25942.25,10910.2001953125,9592.150390625,9636.75,2963.85009765625,11629.4501953125,260.95001220703125,3218.35009765625,3077.64990234375,3446.39990234375,13055.2998046875
2017-06-14,23498.42578125,10366.099609375,25744.599609375,10905.25,9576.0,9617.25,2943.699951171875,11797.349609375,264.5,3233.85009765625,3094.14990234375,3478.199951171875,13067.599609375
2017-06-15,23391.478515625,10278.0498046875,25753.349609375,10839.400390625,9695.849609375,9578.0,2932.449951171875,11779.0,270.20001220703125,3209.39990234375,3081.64990234375,3456.39990234375,13012.5498046875
2017-06-16,23502.4765625,10189.5,25914.30078125,10869.2001953125,9525.5,9626.5,2931.050048828125,11823.25,270.95001220703125,3208.050048828125,3094.949951171875,3463.39990234375,13082.25
2017-06-19,23741.875,10197.900390625,26126.150390625,10893.2998046875,9489.2001953125,9726.900390625,2982.39990234375,11913.2001953125,270.1000061035156,3239.64990234375,3111.89990234375,3486.75,13208.5498046875
2017-06-20,23697.673828125,10289.9501953125,26055.55078125,10900.7001953125,9481.900390625,9684.349609375,2988.699951171875,11933.099609375,270.6000061035156,3240.35009765625,3084.64990234375,3484.25,13183.7998046875
2017-06-21,23708.474609375,10223.400390625,26256.75,10835.5,9456.7998046875,9693.7001953125,2953.550048828125,11897.849609375,272.1000061035156,3237.5,3086.449951171875,3495.5,13165.349609375
2017-06-22,23735.82421875,10199.5498046875,26187.69921875,10820.75,9471.599609375,9721.4501953125,2912.64990234375,11811.4501953125,267.79998779296875,3219.699951171875,3082.85009765625,3514.5,13168.650390625
2017-06-23,23542.4765625,10170.599609375,26163.849609375,10637.4501953125,9478.150390625,9644.400390625,2892.39990234375,11768.75,263.45001220703125,3198.949951171875,3038.39990234375,3444.25,13094.2998046875
2017-06-27,23215.98046875,10068.849609375,26188.30078125,10576.2001953125,9467.900390625,9539.0498046875,2885.0,11778.2998046875,260.04998779296875,3184.35009765625,2956.550048828125,3328.0,12943.2998046875
2017-06-28,23235.580078125,10133.5498046875,25981.900390625,10582.650390625,9482.349609375,9520.75,2931.75,11644.2001953125,262.1000061035156,3200.550048828125,2933.949951171875,3306.800048828125,12980.150390625
2017-06-29,23227.03125,10124.400390625,26143.650390625,10568.150390625,9428.2001953125,9524.150390625,2991.199951171875,11630.7998046875,264.54998779296875,3208.699951171875,2959.449951171875,3279.89990234375,13001.5498046875
2017-06-30,23210.9296875,10155.0498046875,26752.05078125,10540.25,9606.400390625,9494.2001953125,2991.35009765625,11600.400390625,263.45001220703125,3201.35009765625,2982.050048828125,3302.39990234375,12990.75
2017-07-03,23272.53125,10189.849609375,27787.19921875,10680.9501953125,9616.2998046875,9521.7001953125,3046.300048828125,11643.0,267.1000061035156,3222.85009765625,2997.550048828125,3319.89990234375,13016.75
2017-07-04,23213.9296875,10213.400390625,27547.5,10629.5498046875,9517.9501953125,9524.75,3050.14990234375,11798.599609375,265.75,3214.75,2989.75,3288.449951171875,12998.5498046875
2017-07-05,23352.328125,10160.650390625,27349.400390625,10704.7998046875,9589.150390625,9546.349609375,3082.85009765625,11920.5498046875,269.8500061035156,3226.39990234375,3024.25,3313.39990234375,13098.150390625
2017-07-06,23466.376953125,10148.900390625,27581.69921875,10746.5498046875,9598.4501953125,9606.25,3094.25,11884.75,274.6000061035156,3236.050048828125,3022.050048828125,3391.35009765625,13117.0498046875
2017-07-07,23448.876953125,10087.7998046875,27465.849609375,10729.0,9723.849609375,9565.7998046875,3087.75,12055.75,279.45001220703125,3240.550048828125,3037.60009765625,3380.699951171875,13096.5498046875
2017-07-10,23674.775390625,10360.099609375,27474.5,10795.2001953125,9884.4501953125,9633.599609375,3129.89990234375,12130.7998046875,281.5,3297.949951171875,3038.25,3474.89990234375,13195.0498046875
2017-07-11,23584.326171875,10430.0,27361.599609375,10876.150390625,9801.650390625,9605.2001953125,3114.85009765625,12159.650390625,277.20001220703125,3287.60009765625,3025.300048828125,3431.0,13140.7001953125
2017-07-12,23695.173828125,10401.5,27425.849609375,10904.349609375,9817.7998046875,9643.099609375,3126.550048828125,12318.0,277.6499938964844,3305.449951171875,3044.85009765625,3477.10009765625,13193.599609375
2017-07-13,23888.373046875,10440.5498046875,27918.650390625,10936.650390625,9875.25,9729.150390625,3153.25,12348.7001953125,278.29998779296875,3328.85009765625,3078.699951171875,3486.449951171875,13330.4501953125
2017-07-14,23937.421875,10330.650390625,27864.44921875,10892.25,9958.25,9740.4501953125,3140.050048828125,12443.7998046875,276.29998779296875,3338.800048828125,3065.050048828125,3519.89990234375,13349.599609375
2017-07-17,24014.771484375,10445.849609375,27391.650390625,10936.4501953125,9994.75,9788.0,3170.14990234375,12530.0,280.3999938964844,3348.89990234375,3085.199951171875,3530.949951171875,13394.0
2017-07-18,24021.771484375,10493.2001953125,25547.599609375,10954.400390625,10024.2998046875,9773.5,3164.75,12373.2001953125,277.54998779296875,3346.85009765625,3086.25,3519.25,13408.099609375
2017-07-19,24152.369140625,10583.7998046875,25915.75,11012.150390625,10234.599609375,9825.4501953125,3226.199951171875,12488.9501953125,281.29998779296875,3379.699951171875,3143.5,3549.39990234375,13473.0498046875
2017-07-20,24213.068359375,10491.150390625,25762.94921875,10960.7001953125,10140.75,9866.900390625,3196.39990234375,12445.7998046875,282.04998779296875,3374.64990234375,3125.199951171875,3508.35009765625,13518.25
2017-07-21,24256.76953125,10711.5498046875,25795.599609375,10955.400390625,10052.400390625,9888.2001953125,3203.14990234375,12641.400390625,279.8999938964844,3355.550048828125,3158.199951171875,3511.35009765625,13565.349609375
2017-07-24,24420.56640625,10823.5498046875,26033.44921875,10968.7998046875,9980.5,9926.599609375,3187.5,12745.5498046875,280.0,3369.39990234375,3145.25,3563.949951171875,13608.0498046875
2017-07-25,24520.4140625,10810.349609375,25925.0,10932.5,9930.5498046875,9958.7998046875,3227.550048828125,12691.25,281.04998779296875,3380.60009765625,3109.25,3590.0,13662.75
2017-07-26,24670.412109375,10782.9501953125,26099.5,11003.5498046875,10036.7998046875,9986.849609375,3283.25,12792.0498046875,282.54998779296875,3391.199951171875,3089.35009765625,3573.0,13777.849609375
2017-07-27,24922.111328125,10612.2998046875,25970.44921875,10919.0,9880.25,10163.7998046875,3250.35009765625,12664.2998046875,281.8999938964844,3376.14990234375,3099.699951171875,3568.0,13897.599609375
2017-07-28,24811.01171875,10699.4501953125,26033.94921875,10934.849609375,9672.599609375,10167.75,3207.14990234375,12671.349609375,281.20001220703125,3358.550048828125,3106.5,3592.449951171875,13813.5498046875
2017-07-31,25103.359375,10755.75,25744.349609375,11002.650390625,9476.400390625,10269.25,3259.949951171875,12829.150390625,282.95001220703125,3401.35009765625,3100.35009765625,3722.550048828125,13927.5
2017-08-01,25122.5078125,10801.849609375,25781.5,11170.900390625,9517.2998046875,10262.7001953125,3290.75,12819.9501953125,282.95001220703125,3407.85009765625,3112.300048828125,3672.35009765625,13955.7001953125
2017-08-02,25054.908203125,10727.349609375,25531.099609375,11134.25,9453.9501953125,10219.4501953125,3284.10009765625,12922.650390625,282.3500061035156,3401.050048828125,3103.25,3658.85009765625,13920.150390625
2017-08-03,24674.763671875,10682.5,25483.55078125,11058.7998046875,9336.900390625,10086.2998046875,3221.5,13080.9501953125,279.95001220703125,3402.449951171875,3088.800048828125,3552.949951171875,13714.9501953125
2017-08-04,24827.16015625,10757.9501953125,25551.099609375,11137.5498046875,9256.849609375,10137.5498046875,3302.0,13203.650390625,280.6000061035156,3408.35009765625,3091.60009765625,3601.949951171875,13780.5498046875
2017-08-07,24906.060546875,10678.7998046875,25608.55078125,11158.849609375,9229.0498046875,10199.25,3341.050048828125,13267.4501953125,284.95001220703125,3413.449951171875,3076.449951171875,3657.10009765625,13804.5498046875
2017-08-08,24599.21484375,10623.7001953125,25306.05078125,11117.7998046875,9125.849609375,10101.599609375,3390.199951171875,13042.4501953125,272.3999938964844,3372.550048828125,3047.5,3569.60009765625,13643.349609375
2017-08-09,24374.31640625,10613.5498046875,25102.80078125,10925.650390625,8766.25,10022.25,3383.39990234375,13009.5498046875,271.04998779296875,3336.0,3014.14990234375,3555.64990234375,13500.150390625
2017-08-10,24217.068359375,10662.349609375,24969.25,10606.5,8513.2001953125,9923.150390625,3328.64990234375,12804.9501953125,257.29998779296875,3290.14990234375,2910.25,3461.35009765625,13436.2998046875
2017-08-11,23985.470703125,10647.0498046875,24762.55078125,10457.75,8521.349609375,9837.349609375,3216.60009765625,12659.099609375,254.89999389648438,3257.199951171875,2872.800048828125,3293.35009765625,13400.5
2017-08-14,24115.46875,10587.2998046875,24908.400390625,10600.150390625,8758.099609375,9909.400390625,3326.60009765625,12859.5498046875,269.6499938964844,3308.35009765625,2950.25,3286.449951171875,13499.4501953125
2017-08-16,24437.416015625,10659.7001953125,25534.80078125,10778.75,8859.400390625,10046.099609375,3383.949951171875,12831.2001953125,271.95001220703125,3312.050048828125,2961.199951171875,3355.449951171875,13664.0
2017-08-17,24236.96875,10797.7998046875,25511.349609375,10694.650390625,8797.099609375,10020.5,3409.14990234375,12892.400390625,273.5,3322.39990234375,2990.85009765625,3336.89990234375,13551.599609375
2017-08-18,24074.169921875,10570.0,25718.69921875,10676.349609375,8639.400390625,9942.349609375,3384.64990234375,12959.650390625,271.29998779296875,3326.85009765625,2948.449951171875,3305.75,13468.900390625
2017-08-21,23936.22265625,10440.0498046875,25598.75,10572.75,8490.2001953125,9893.400390625,3337.60009765625,12796.2998046875,268.54998779296875,3287.699951171875,2917.60009765625,3245.699951171875,13414.9501953125
2017-08-22,23974.169921875,10446.25,25604.75,10482.900390625,8566.650390625,9910.25,3340.199951171875,12843.4501953125,266.1499938964844,3270.60009765625,2927.949951171875,3232.550048828125,13445.25
2017-08-23,24316.517578125,10478.25,25595.94921875,10552.7998046875,8615.849609375,10056.900390625,3397.60009765625,12975.849609375,275.29998779296875,3297.949951171875,2938.0,3300.25,13625.75
2017-08-24,24273.91796875,10503.900390625,25555.0,10571.4501953125,8902.0498046875,10040.7001953125,3414.050048828125,12933.900390625,273.6499938964844,3306.25,2929.800048828125,3323.050048828125,13599.0498046875
2017-08-28,24376.81640625,10592.2998046875,25761.900390625,10592.349609375,8975.0498046875,10097.0,3426.449951171875,12963.2998046875,274.5,3334.050048828125,2955.10009765625,3319.85009765625,13683.0498046875
2017-08-29,24128.66796875,10506.0,25529.5,10503.5,8865.0498046875,9976.650390625,3388.550048828125,12749.0498046875,272.04998779296875,3288.35009765625,2942.300048828125,3279.949951171875,13542.5
2017-08-30,24308.416015625,10493.25,25757.849609375,10572.349609375,8908.0498046875,10071.4501953125,3478.199951171875,12993.2998046875,276.6499938964844,3315.699951171875,2965.39990234375,3281.64990234375,13647.9501953125
2017-08-31,24318.1171875,10558.25,25834.900390625,10612.5498046875,8859.650390625,10098.5,3474.85009765625,13150.0498046875,280.3999938964844,3323.800048828125,2966.35009765625,3291.14990234375,13636.650390625
2017-09-01,24433.716796875,10514.400390625,25906.75,10823.599609375,9071.7001953125,10103.2998046875,3542.5,13218.75,287.6499938964844,3327.800048828125,3027.199951171875,3296.300048828125,13742.0498046875
2017-09-04,24236.568359375,10441.75,25761.400390625,10738.400390625,9070.349609375,10035.650390625,3547.60009765625,13163.849609375,282.8999938964844,3295.199951171875,3045.39990234375,3282.699951171875,13622.2998046875
2017-09-05,24328.017578125,10498.0,25818.900390625,10771.2001953125,9037.599609375,10071.150390625,3578.14990234375,13275.099609375,286.8999938964844,3288.449951171875,3054.800048828125,3283.10009765625,13690.900390625
2017-09-06,24278.869140625,10421.650390625,25473.099609375,10746.099609375,8897.2998046875,10077.75,3604.89990234375,13292.2998046875,287.1000061035156,3272.0,3059.85009765625,3250.85009765625,13666.5498046875
2017-09-07,24304.6171875,10460.9501953125,25309.25,10837.7998046875,8948.7998046875,10110.0,3646.39990234375,13239.849609375,289.3999938964844,3278.35009765625,3059.10009765625,3253.5,13673.75
2017-09-08,24370.517578125,10456.650390625,25408.849609375,10779.0,8840.2998046875,10121.0,3652.949951171875,13152.7001953125,285.1499938964844,3307.199951171875,3039.75,3220.10009765625,13712.150390625
2017-09-11,24671.962890625,10459.5,25550.44921875,10839.75,8804.4501953125,10185.900390625,3675.0,13238.9501953125,287.04998779296875,3367.85009765625,3053.10009765625,3218.89990234375,13891.099609375
2017-09-12,24784.412109375,10501.099609375,25913.19921875,10965.900390625,8996.099609375,10250.0,3711.050048828125,13381.900390625,292.8999938964844,3394.39990234375,3088.449951171875,3260.85009765625,13932.0
2017-09-13,24831.51171875,10505.2998046875,25632.349609375,10916.0,9140.599609375,10246.0,3671.14990234375,13414.599609375,289.20001220703125,3382.5,3083.050048828125,3272.25,13950.400390625
2017-09-14,24911.9609375,10496.0498046875,25628.25,10949.0,9380.849609375,10257.9501953125,3650.39990234375,13364.599609375,287.70001220703125,3386.10009765625,3089.699951171875,3294.699951171875,14002.4501953125
2017-09-15,24844.01171875,10599.75,25505.94921875,10971.4501953125,9338.0,10238.5,3663.300048828125,13347.0,286.75,3368.89990234375,3099.550048828125,3278.25,13954.599609375
2017-09-18,25046.609375,10649.5,25578.349609375,11104.849609375,9339.5498046875,10292.900390625,3689.75,13377.2998046875,288.75,3411.85009765625,3155.550048828125,3270.85009765625,14099.150390625
2017-09-19,25041.259765625,10654.849609375,25648.400390625,11170.75,9293.9501953125,10265.400390625,3663.199951171875,13413.7001953125,291.29998779296875,3409.699951171875,3162.35009765625,3245.050048828125,14132.5
2017-09-20,24964.759765625,10651.349609375,25698.55078125,11103.4501953125,9319.849609375,10246.75,3660.550048828125,13410.2998046875,289.75,3409.800048828125,3158.550048828125,3277.449951171875,14064.099609375
2017-09-21,24798.9609375,10653.849609375,25489.69921875,11051.900390625,9629.75,10218.599609375,3638.800048828125,13333.7998046875,285.3500061035156,3393.85009765625,3100.64990234375,3243.5,13969.650390625
2017-09-22,24368.56640625,10632.099609375,25220.349609375,10927.0498046875,9465.4501953125,10064.900390625,3491.800048828125,13046.7001953125,272.95001220703125,3312.0,3027.949951171875,3152.800048828125,13714.150390625
2017-09-25,24164.76953125,10569.150390625,24980.69921875,10808.4501953125,9297.0498046875,9952.75,3450.10009765625,13035.0,264.3999938964844,3275.300048828125,3014.800048828125,3125.949951171875,13611.150390625
2017-09-26,24198.869140625,10548.5,24872.099609375,10816.0,9297.900390625,9952.400390625,3533.050048828125,13023.900390625,271.5,3268.550048828125,3004.699951171875,3122.39990234375,13653.599609375
2017-09-27,23812.671875,10544.2001953125,24556.099609375,10646.0498046875,9036.4501953125,9807.7001953125,3477.199951171875,12809.0498046875,263.54998779296875,3207.25,2968.85009765625,3026.800048828125,13443.7001953125
2017-09-28,24007.87109375,10521.900390625,24724.650390625,10683.650390625,9111.5498046875,9917.9501953125,3501.550048828125,12721.9501953125,266.45001220703125,3210.800048828125,2962.300048828125,3042.199951171875,13551.75
2017-09-29,24052.720703125,10475.349609375,24480.80078125,10811.25,9172.599609375,9939.349609375,3550.300048828125,12772.650390625,273.5,3245.64990234375,2983.60009765625,3042.10009765625,13568.900390625
2017-10-03,24103.12109375,10546.099609375,24747.55078125,10903.75,9214.9501953125,9999.7998046875,3593.60009765625,12945.25,274.25,3237.550048828125,2989.14990234375,3023.35009765625,13618.25
2017-10-04,24113.021484375,10539.849609375,25105.44921875,10942.7001953125,9372.2998046875,10000.5498046875,3588.10009765625,13160.849609375,275.54998779296875,3244.300048828125,2994.64990234375,3040.449951171875,13637.150390625
2017-10-05,24057.771484375,10524.650390625,25010.400390625,10931.7001953125,9394.150390625,9956.9501953125,3598.39990234375,13164.7001953125,278.04998779296875,3234.699951171875,3012.64990234375,3039.10009765625,13596.599609375
2017-10-06,24189.71875,10655.349609375,25130.599609375,11007.0,9477.75,9985.0498046875,3711.5,13405.0498046875,278.45001220703125,3267.800048828125,3019.85009765625,3101.89990234375,13657.4501953125
2017-10-09,24251.619140625,10680.2001953125,25286.349609375,11005.7998046875,9505.7001953125,10002.349609375,3717.85009765625,13277.849609375,284.95001220703125,3255.949951171875,3051.89990234375,3100.699951171875,13714.2001953125
2017-10-10,24347.166015625,10726.2001953125,25204.849609375,11029.849609375,9530.2998046875,10019.650390625,3721.550048828125,13380.2001953125,282.5,3278.35009765625,3063.25,3104.199951171875,13768.9501953125
2017-10-11,24107.169921875,10785.25,25187.5,10960.2998046875,9441.150390625,9958.0,3668.449951171875,13389.9501953125,277.04998779296875,3277.550048828125,3004.550048828125,3029.64990234375,13654.0
2017-10-12,24360.966796875,10881.2998046875,25473.599609375,11072.25,9577.099609375,10046.650390625,3741.449951171875,13653.25,281.70001220703125,3313.14990234375,3023.39990234375,3028.25,13806.7001953125
2017-10-13,24688.86328125,10924.2001953125,25434.849609375,11078.2998046875,9545.599609375,10165.25,3784.550048828125,13678.2001953125,282.54998779296875,3352.5,3009.800048828125,3045.449951171875,13998.650390625
2017-10-16,24702.763671875,10961.599609375,25607.599609375,11216.849609375,9692.5498046875,10160.900390625,3855.449951171875,13711.0,285.70001220703125,3388.89990234375,3023.14990234375,3039.10009765625,14003.7001953125
2017-10-17,24645.3125,10942.7001953125,25620.94921875,11221.900390625,9740.5498046875,10133.849609375,3868.14990234375,13728.0,288.25,3413.75,2970.10009765625,3037.800048828125,13971.900390625
2017-10-18,24313.466796875,10910.150390625,25684.05078125,11167.849609375,9622.599609375,10034.650390625,3853.699951171875,14093.849609375,287.95001220703125,3412.5,2953.800048828125,2962.300048828125,13746.099609375
2017-10-19,24009.470703125,10890.7998046875,25580.0,11107.7001953125,9593.5,9934.75,3819.89990234375,13979.9501953125,287.25,3405.64990234375,2943.39990234375,2942.699951171875,13557.400390625
2017-10-23,24088.62109375,10997.849609375,25419.19921875,11109.9501953125,9542.2001953125,9929.400390625,3843.199951171875,14230.599609375,289.95001220703125,3444.39990234375,2950.0,2980.35009765625,13565.849609375
2017-10-24,24221.869140625,10884.7998046875,25503.0,11080.0,9490.0,9978.400390625,3858.300048828125,14290.7998046875,291.6000061035156,3475.199951171875,3056.449951171875,3093.35009765625,13588.0
2017-10-25,25035.609375,10925.4501953125,25638.19921875,11150.2998046875,9346.75,10144.900390625,3872.550048828125,14397.599609375,290.3999938964844,3562.0,3076.14990234375,4009.800048828125,13674.4501953125
2017-10-26,25021.908203125,10883.0498046875,25644.19921875,11212.599609375,9428.349609375,10156.599609375,3951.949951171875,14579.150390625,291.6499938964844,3579.699951171875,3101.64990234375,3988.449951171875,13688.849609375
2017-10-27,24839.26171875,10862.0498046875,25814.69921875,11317.900390625,9650.099609375,10178.849609375,3945.300048828125,14387.0,290.1499938964844,3546.75,3147.800048828125,3820.699951171875,13661.349609375
2017-10-30,24988.259765625,10854.2998046875,25637.599609375,11426.5,9754.849609375,10222.400390625,3944.050048828125,14531.849609375,295.95001220703125,3581.60009765625,3159.5,3867.199951171875,13717.0498046875
2017-10-31,25019.05859375,10837.900390625,25687.69921875,11370.0,9756.0,10235.7001953125,3876.550048828125,14511.2001953125,304.5,3581.85009765625,3151.25,3784.25,13809.599609375
2017-11-01,25490.15234375,10817.2998046875,26083.75,11363.5,9711.5498046875,10437.599609375,3946.39990234375,14585.2998046875,312.3999938964844,3611.699951171875,3135.39990234375,3921.949951171875,14052.599609375
2017-11-02,25427.005859375,10845.849609375,25823.900390625,11282.849609375,10004.5,10464.75,3941.0,14549.599609375,312.5,3617.550048828125,3119.39990234375,3862.35009765625,14046.400390625
2017-11-03,25650.400390625,10839.0498046875,25790.5,11313.650390625,9897.2001953125,10530.849609375,3938.39990234375,14515.099609375,314.6499938964844,3630.949951171875,3194.0,3975.39990234375,14120.849609375
2017-11-06,25570.853515625,10929.900390625,25821.900390625,11463.2001953125,9894.099609375,10530.2001953125,3951.75,14412.7998046875,316.04998779296875,3609.60009765625,3197.39990234375,4011.800048828125,14042.0
2017-11-07,25300.505859375,11172.099609375,25760.94921875,11331.75,9469.75,10418.75,3885.550048828125,14132.0498046875,308.95001220703125,3546.050048828125,3167.25,3854.35009765625,13946.5
2017-11-08,25184.056640625,11245.900390625,25741.349609375,11254.099609375,9494.9501953125,10358.4501953125,3832.0,13932.0,306.54998779296875,3530.199951171875,3171.699951171875,3777.35009765625,13907.0
2017-11-09,25291.0546875,11248.4501953125,25726.150390625,11242.5,9435.849609375,10361.7998046875,3849.75,14010.7001953125,306.25,3543.60009765625,3168.5,3835.75,13952.7001953125
2017-11-10,25498.65234375,11222.5498046875,25920.55078125,11185.5,9311.5,10407.0498046875,3865.699951171875,13862.849609375,306.29998779296875,3584.449951171875,3186.35009765625,4001.449951171875,13989.7998046875
2017-11-13,25358.005859375,11236.2001953125,25664.400390625,11134.0498046875,9238.849609375,10312.2998046875,3792.5,13737.099609375,302.04998779296875,3530.5,3169.64990234375,3975.10009765625,13912.849609375
2017-11-14,25284.306640625,11168.75,25579.5,11156.7001953125,9208.4501953125,10292.4501953125,3772.75,13737.599609375,303.5,3488.89990234375,3159.449951171875,3949.199951171875,13889.7998046875
2017-11-15,25218.607421875,11122.900390625,25273.75,11103.599609375,9025.2001953125,10251.5,3660.949951171875,13676.0,298.04998779296875,3445.300048828125,3125.25,3904.550048828125,13873.099609375
2017-11-16,25446.3046875,11317.25,25544.30078125,11156.400390625,9082.650390625,10345.400390625,3697.85009765625,13877.2001953125,302.0,3475.35009765625,3136.199951171875,4030.449951171875,13953.849609375
2017-11-17,25728.1015625,11150.0,25749.0,11252.099609375,9161.7998046875,10498.650390625,3767.85009765625,13962.2001953125,313.04998779296875,3493.550048828125,3136.64990234375,4068.85009765625,14111.349609375
2017-11-20,25768.30078125,11100.099609375,25855.349609375,11284.9501953125,9143.349609375,10478.2001953125,3817.25,14098.849609375,319.70001220703125,3521.199951171875,3129.300048828125,4031.300048828125,14155.599609375
2017-11-21,25757.201171875,11119.4501953125,25703.0,11325.900390625,9346.5498046875,10491.7001953125,3822.39990234375,14231.150390625,316.04998779296875,3530.5,3156.5,3994.5,14156.0498046875
2017-11-22,25766.3515625,11117.5,25796.650390625,11354.5498046875,9278.0,10518.400390625,3797.25,14222.5498046875,316.8999938964844,3526.949951171875,3238.75,4044.85009765625,14110.4501953125
2017-11-23,25735.951171875,11230.599609375,25785.650390625,11326.75,9293.2001953125,10485.0,3787.39990234375,14340.75,317.1000061035156,3513.699951171875,3247.25,4030.199951171875,14119.25
2017-11-24,25779.3515625,11306.400390625,25971.19921875,11371.9501953125,9364.2998046875,10505.849609375,3765.89990234375,14412.9501953125,317.79998779296875,3525.10009765625,3265.39990234375,4007.300048828125,14160.400390625
2017-11-27,25891.6484375,11314.25,25906.80078125,11402.7001953125,9368.7001953125,10544.2001953125,3739.75,14454.4501953125,320.54998779296875,3553.14990234375,3337.0,4029.300048828125,14219.9501953125
2017-11-28,25846.099609375,11270.599609375,25936.44921875,11406.400390625,9318.5,10544.7001953125,3735.85009765625,14319.25,319.1499938964844,3523.75,3360.800048828125,3984.85009765625,14205.650390625
2017-11-29,25795.3984375,11232.9501953125,25972.849609375,11427.9501953125,9351.849609375,10515.5498046875,3721.89990234375,14343.4501953125,322.0,3534.449951171875,3346.89990234375,3947.800048828125,14183.9501953125
2017-11-30,25332.10546875,11115.349609375,25820.05078125,11292.900390625,9238.75,10324.849609375,3678.35009765625,14124.650390625,325.6000061035156,3517.25,3318.800048828125,3856.64990234375,13927.5498046875
2017-12-01,25191.65625,10948.5,25666.80078125,11188.2001953125,9083.849609375,10256.150390625,3617.89990234375,13941.099609375,319.1499938964844,3470.800048828125,3252.85009765625,3766.699951171875,13886.5498046875
2017-12-04,25074.80859375,11081.650390625,25758.0,11160.099609375,9052.0,10241.5498046875,3630.75,13901.5498046875,317.95001220703125,3466.949951171875,3261.89990234375,3780.5,13804.599609375
2017-12-05,25124.556640625,11025.400390625,25695.650390625,11100.5498046875,9043.150390625,10251.25,3601.14990234375,13942.0498046875,316.20001220703125,3456.550048828125,3291.699951171875,3832.300048828125,13823.7998046875
2017-12-06,24851.51171875,11074.900390625,25622.150390625,11020.75,8938.2001953125,10119.25,3530.75,13965.0498046875,315.1499938964844,3415.449951171875,3278.35009765625,3751.75,13698.900390625
2017-12-07,25056.958984375,11163.5,25848.69921875,11235.650390625,8960.400390625,10198.150390625,3594.89990234375,14156.7998046875,321.04998779296875,3507.300048828125,3323.89990234375,3798.550048828125,13815.099609375
2017-12-08,25320.85546875,11173.400390625,26459.55078125,11357.150390625,9098.4501953125,10328.0,3643.5,14173.9501953125,323.3999938964844,3524.39990234375,3312.699951171875,3767.10009765625,13994.599609375
2017-12-11,25404.5546875,11324.0,26709.650390625,11424.599609375,9186.099609375,10394.7001953125,3649.75,14135.0,322.8500061035156,3533.10009765625,3328.35009765625,3809.14990234375,14013.599609375
2017-12-12,25125.15625,11272.4501953125,26353.75,11331.099609375,9119.099609375,10298.650390625,3619.300048828125,14057.0498046875,317.79998779296875,3490.449951171875,3308.89990234375,3798.89990234375,13842.0
2017-12-13,25000.05859375,11251.7001953125,26159.69921875,11264.650390625,9002.7998046875,10248.7001953125,3563.300048828125,14085.25,311.0,3456.10009765625,3310.5,3729.35009765625,13789.4501953125
2017-12-14,25167.90625,11275.400390625,26383.30078125,11296.2001953125,9070.849609375,10310.5498046875,3570.949951171875,14196.5,312.0,3461.5,3301.75,3742.300048828125,13879.400390625
2017-12-15,25440.005859375,11288.2998046875,26430.80078125,11448.400390625,9100.2998046875,10418.0,3665.89990234375,14203.75,317.25,3479.800048828125,3330.64990234375,3734.949951171875,14040.7001953125
2017-12-18,25594.25390625,11315.2001953125,26453.55078125,11589.0498046875,9230.4501953125,10477.75,3726.89990234375,14221.5498046875,315.6499938964844,3507.199951171875,3349.39990234375,3822.699951171875,14088.0
2017-12-19,25715.900390625,11240.650390625,26694.0,11991.900390625,9299.650390625,10522.25,3781.300048828125,14312.75,320.75,3543.0,3380.050048828125,3829.050048828125,14170.5
2017-12-20,25591.40234375,11304.2001953125,26729.75,11954.099609375,9285.4501953125,10475.9501953125,3806.39990234375,14263.2001953125,330.20001220703125,3550.89990234375,3404.550048828125,3784.89990234375,14130.75
2017-12-21,25554.00390625,11374.2998046875,26667.900390625,11876.849609375,9321.599609375,10471.650390625,3839.85009765625,14251.400390625,332.70001220703125,3592.5,3422.10009765625,3789.699951171875,14099.25
2017-12-22,25648.251953125,11501.900390625,26710.30078125,11931.2001953125,9326.599609375,10523.2998046875,3839.300048828125,14359.150390625,333.25,3615.14990234375,3445.800048828125,3819.60009765625,14134.2001953125
2017-12-26,25674.951171875,11507.400390625,26725.0,11959.150390625,9416.0,10526.849609375,3885.800048828125,14442.75,337.04998779296875,3641.85009765625,3465.14990234375,3792.449951171875,14188.9501953125
2017-12-27,25495.75390625,11509.25,26637.0,11905.5,9639.849609375,10455.7001953125,3879.39990234375,14332.25,334.8999938964844,3617.75,3480.550048828125,3767.550048828125,14087.7001953125
2017-12-28,25489.703125,11496.400390625,26613.94921875,11857.650390625,9584.2001953125,10437.5498046875,3959.949951171875,14288.5,345.1000061035156,3604.5,3470.550048828125,3694.449951171875,14098.2998046875
2017-12-29,25539.15234375,11665.75,26851.5,12009.7001953125,9620.099609375,10475.150390625,3940.14990234375,14249.2998046875,346.8999938964844,3637.5,3464.300048828125,3700.550048828125,14139.650390625
2018-01-01,25317.8046875,11565.75,26686.349609375,11890.5,9618.150390625,10373.7001953125,3919.199951171875,14138.9501953125,347.70001220703125,3636.64990234375,3461.39990234375,3678.800048828125,14020.599609375
2018-01-02,25337.955078125,11602.349609375,26533.5,11927.150390625,9565.7998046875,10398.400390625,3942.85009765625,14162.400390625,343.8500061035156,3622.35009765625,3456.800048828125,3623.85009765625,14046.5
2018-01-03,25318.3046875,11586.7001953125,26648.400390625,11866.7998046875,9519.5498046875,10386.349609375,4000.199951171875,14157.7998046875,345.45001220703125,3656.0,3466.85009765625,3622.85009765625,14066.650390625
2018-01-04,25462.302734375,11590.7998046875,26689.599609375,11843.25,9633.599609375,10428.9501953125,4112.0,14247.25,344.79998779296875,3701.699951171875,3479.0,3720.300048828125,14100.150390625
2018-01-05,25601.552734375,11633.5498046875,26914.30078125,11929.599609375,9701.0498046875,10473.25,4130.39990234375,14249.900390625,347.29998779296875,3736.5,3529.550048828125,3694.699951171875,14234.2001953125
2018-01-08,25675.80078125,11776.849609375,27120.849609375,11974.5,9838.25,10520.0,4166.35009765625,14326.0,350.54998779296875,3735.89990234375,3572.39990234375,3688.64990234375,14305.7998046875
2018-01-09,25703.501953125,11790.849609375,27249.19921875,11942.25,9770.2001953125,10499.5,4166.60009765625,14411.099609375,360.3999938964844,3716.10009765625,3528.60009765625,3678.75,14322.75
2018-01-10,25617.00390625,12054.7001953125,27210.599609375,11856.9501953125,9748.599609375,10464.5498046875,4169.60009765625,14395.7001953125,364.95001220703125,3706.449951171875,3515.050048828125,3628.0,14282.400390625
2018-01-11,25660.6015625,12103.099609375,27307.69921875,11871.75,9772.849609375,10486.25,4163.7001953125,14340.9501953125,372.25,3706.35009765625,3531.60009765625,3640.550048828125,14293.4501953125
2018-01-12,25748.751953125,12099.2001953125,27196.650390625,11908.400390625,9741.849609375,10531.5498046875,4189.5,14438.9501953125,366.79998779296875,3702.949951171875,3592.10009765625,3639.10009765625,14368.2001953125
2018-01-15,26068.896484375,11992.7998046875,27171.400390625,11794.099609375,9659.75,10785.599609375,4195.75,14410.400390625,366.8999938964844,3688.050048828125,3642.699951171875,3645.800048828125,14558.599609375
2018-01-16,25974.59765625,12430.9501953125,26874.55078125,11646.25,9623.4501953125,10736.5498046875,4076.39990234375,14105.2001953125,354.5,3649.10009765625,3617.89990234375,3543.300048828125,14546.150390625
2018-01-17,26288.794921875,12531.400390625,27044.75,11692.599609375,9744.2998046875,10837.849609375,4117.64990234375,14140.849609375,357.54998779296875,3693.14990234375,3565.199951171875,3690.89990234375,14696.099609375
2018-01-18,26537.091796875,12570.7001953125,27347.849609375,11662.099609375,9626.4501953125,10951.849609375,3998.85009765625,13993.75,343.54998779296875,3637.050048828125,3517.5,3631.449951171875,14854.599609375
2018-01-19,26909.1875,12633.849609375,27517.099609375,11677.5498046875,9637.7998046875,11073.25,4033.39990234375,14128.099609375,347.29998779296875,3672.5,3540.550048828125,3710.699951171875,15049.900390625
2018-01-22,27040.884765625,12894.9501953125,27607.75,11690.849609375,9654.7998046875,11093.150390625,4006.14990234375,14409.900390625,353.95001220703125,3693.300048828125,3558.550048828125,3685.5,15155.150390625
2018-01-23,27390.28125,13048.900390625,27761.44921875,11725.7998046875,9767.2998046875,11195.0498046875,4169.0,14596.75,356.29998779296875,3705.0,3549.60009765625,3831.949951171875,15333.849609375
2018-01-24,27398.232421875,13249.5498046875,27889.05078125,11654.650390625,9826.400390625,11212.25,4097.35009765625,14504.75,356.0,3666.64990234375,3537.800048828125,3965.60009765625,15215.7001953125
2018-01-25,27445.33203125,13117.849609375,27716.5,11507.75,9729.150390625,11232.650390625,4135.14990234375,14465.650390625,349.75,3653.949951171875,3507.449951171875,3757.699951171875,15374.5
2018-01-29,27498.12890625,13242.5,27557.349609375,11678.400390625,9622.349609375,11331.25,4140.85009765625,14381.0498046875,348.54998779296875,3648.89990234375,3530.800048828125,3704.75,15402.650390625
2018-01-30,27268.734375,13107.9501953125,27512.099609375,11627.900390625,9563.5498046875,11208.150390625,4116.25,14368.5498046875,344.79998779296875,3635.85009765625,3499.050048828125,3702.60009765625,15230.650390625
2018-01-31,27379.130859375,12986.400390625,27127.30078125,11611.900390625,9384.75,11262.150390625,4065.85009765625,14453.9501953125,344.70001220703125,3619.5,3488.89990234375,3681.75,15309.25
2018-02-01,27220.3828125,12964.599609375,27351.900390625,11693.599609375,9158.7001953125,11231.75,4071.39990234375,14263.900390625,341.8999938964844,3648.050048828125,3469.300048828125,3597.10009765625,15275.349609375
2018-02-02,26450.84375,12983.599609375,27180.099609375,11301.9501953125,9042.75,10886.900390625,3948.300048828125,13775.2998046875,320.79998779296875,3528.14990234375,3346.85009765625,3492.85009765625,14812.7001953125
2018-02-05,26098.447265625,12936.900390625,27191.69921875,11386.400390625,9069.5,10685.150390625,3926.550048828125,13766.400390625,319.3500061035156,3509.14990234375,3345.85009765625,3512.89990234375,14582.400390625
2018-02-06,25811.0,12562.349609375,26672.599609375,11181.7001953125,8871.25,10572.5,3862.0,13583.7001953125,313.3500061035156,3469.800048828125,3291.60009765625,3438.949951171875,14432.2001953125
2018-02-07,25669.701171875,12450.0498046875,26733.55078125,11214.75,8935.7998046875,10539.9501953125,3879.75,13707.25,318.6499938964844,3454.449951171875,3344.550048828125,3432.75,14369.650390625
2018-02-08,25920.349609375,12588.349609375,26786.599609375,11344.2001953125,9262.4501953125,10656.900390625,3936.449951171875,13727.150390625,326.8500061035156,3476.449951171875,3411.64990234375,3523.35009765625,14485.5498046875
2018-02-09,25463.353515625,12492.7001953125,26664.30078125,11234.75,9222.5498046875,10467.0498046875,3986.39990234375,13639.599609375,328.0,3446.199951171875,3379.10009765625,3480.64990234375,14223.5498046875
2018-02-12,25701.30078125,12422.650390625,26782.19921875,11364.75,9339.9501953125,10562.0,4028.949951171875,13829.2001953125,333.54998779296875,3493.10009765625,3417.050048828125,3473.050048828125,14382.25
2018-02-14,25340.955078125,12420.0,26645.099609375,11335.650390625,9249.2001953125,10498.099609375,4024.75,13879.0,334.70001220703125,3505.60009765625,3402.85009765625,3307.050048828125,14216.0
2018-02-15,25424.0546875,12456.5,26733.5,11306.7998046875,9207.5,10560.400390625,4052.550048828125,13968.099609375,331.29998779296875,3480.14990234375,3363.75,3270.550048828125,14302.5
2018-02-16,25163.607421875,12437.9501953125,26599.05078125,11114.5498046875,9180.900390625,10464.900390625,3991.60009765625,13801.0498046875,327.20001220703125,3441.39990234375,3313.550048828125,3189.050048828125,14168.599609375
2018-02-19,25058.259765625,12331.400390625,26411.400390625,10976.650390625,9027.900390625,10437.7001953125,3923.39990234375,13777.75,322.54998779296875,3391.89990234375,3280.300048828125,3110.64990234375,14138.75
2018-02-20,24874.111328125,12372.0,26356.400390625,10962.900390625,9020.75,10381.099609375,3966.5,13748.2001953125,320.8500061035156,3392.75,3302.75,3136.550048828125,14010.7001953125
2018-02-21,24936.41015625,12660.0498046875,26572.0,10942.2001953125,8843.400390625,10405.5498046875,3912.10009765625,13818.5,318.6499938964844,3386.699951171875,3312.85009765625,3170.699951171875,14040.25
2018-02-22,24954.908203125,12730.25,26460.75,10847.9501953125,8861.75,10396.849609375,3904.300048828125,13667.25,319.6499938964844,3374.949951171875,3285.35009765625,3155.0,14072.7998046875
2018-02-23,25302.205078125,12871.150390625,26669.900390625,10927.0,9095.400390625,10519.0,4028.800048828125,13816.7001953125,322.54998779296875,3422.949951171875,3317.25,3190.25,14279.900390625
2018-02-26,25687.6015625,12713.150390625,26645.849609375,11171.650390625,9065.099609375,10678.650390625,4071.949951171875,13909.7001953125,332.6499938964844,3477.35009765625,3381.89990234375,3167.800048828125,14544.7998046875
2018-02-27,25383.3046875,12746.7998046875,26728.19921875,11165.25,9023.4501953125,10561.650390625,4037.25,13992.25,327.1499938964844,3481.14990234375,3345.699951171875,3057.300048828125,14401.650390625
2018-02-28,25107.109375,12809.0,26513.69921875,11157.2001953125,8960.25,10439.099609375,3994.35009765625,13991.4501953125,326.8999938964844,3452.35009765625,3311.60009765625,3078.89990234375,14210.0498046875
2018-03-01,24902.26171875,12769.4501953125,26492.349609375,11146.7001953125,8917.75,10372.599609375,3960.89990234375,13961.0,324.75,3443.35009765625,3263.5,3021.449951171875,14112.349609375
2018-03-05,24818.41015625,12857.650390625,26164.75,10971.599609375,8855.7998046875,10337.5498046875,3830.800048828125,13686.349609375,321.54998779296875,3408.64990234375,3232.300048828125,3023.199951171875,14047.2001953125
2018-03-06,24448.166015625,12706.099609375,25891.80078125,10821.349609375,8749.5498046875,10200.650390625,3816.89990234375,13581.9501953125,314.25,3363.699951171875,3245.75,2936.35009765625,13856.7998046875
2018-03-07,24133.818359375,12677.150390625,26061.099609375,10788.5498046875,8615.0,10054.5498046875,3772.949951171875,13358.2001953125,311.3999938964844,3301.949951171875,3236.25,2831.39990234375,13704.5498046875
2018-03-08,24477.365234375,12682.400390625,25953.19921875,10894.75,8586.349609375,10209.099609375,3756.0,13549.4501953125,315.8500061035156,3335.85009765625,3244.550048828125,2910.699951171875,13866.4501953125
2018-03-09,24296.166015625,12747.25,26020.05078125,10888.349609375,8515.7001953125,10194.2001953125,3688.14990234375,13537.150390625,315.70001220703125,3325.64990234375,3259.5,2858.14990234375,13766.25
2018-03-12,24663.912109375,12923.400390625,26703.0,11045.7998046875,8600.7001953125,10346.7998046875,3766.89990234375,13835.4501953125,317.3999938964844,3392.25,3287.800048828125,2844.699951171875,14026.599609375
2018-03-13,24738.36328125,12734.2001953125,26644.80078125,11064.2998046875,8712.099609375,10384.75,3786.89990234375,13934.2001953125,321.95001220703125,3403.949951171875,3307.050048828125,2910.85009765625,14058.099609375
2018-03-14,24851.361328125,12786.9501953125,26532.150390625,11060.599609375,8701.5498046875,10387.7998046875,3765.35009765625,13843.25,320.29998779296875,3395.39990234375,3356.5,2961.75,14113.849609375
2018-03-15,24791.560546875,12762.2998046875,26381.30078125,11051.75,8670.5498046875,10373.400390625,3753.60009765625,13667.150390625,319.95001220703125,3386.199951171875,3326.64990234375,2940.0,14070.400390625
2018-03-16,24489.265625,12698.400390625,26052.150390625,10861.400390625,8546.7998046875,10211.25,3664.5,13419.25,314.79998779296875,3327.0,3308.199951171875,2932.0,13885.75
2018-03-19,24244.818359375,12421.2998046875,25935.80078125,10787.0,8512.900390625,10112.7998046875,3566.800048828125,13324.0,305.54998779296875,3302.35009765625,3269.199951171875,2854.800048828125,13754.150390625
2018-03-20,24167.91796875,12609.099609375,26044.0,10848.599609375,8578.7001953125,10132.9501953125,3555.449951171875,13244.650390625,304.29998779296875,3330.199951171875,3281.35009765625,2864.449951171875,13700.0498046875
2018-03-21,24255.318359375,12608.849609375,26093.0,10833.599609375,8525.4501953125,10199.5498046875,3539.10009765625,13325.2998046875,306.70001220703125,3361.60009765625,3258.35009765625,2862.35009765625,13738.599609375
2018-03-22,24141.21875,12489.599609375,26036.150390625,10737.150390625,8474.0,10140.7998046875,3550.39990234375,13372.9501953125,303.0,3334.0,3216.35009765625,2804.85009765625,13681.5498046875
2018-03-23,23670.125,12541.099609375,25910.05078125,10637.7001953125,8327.400390625,9972.75,3447.550048828125,13239.2001953125,292.95001220703125,3306.35009765625,3225.39990234375,2715.89990234375,13418.349609375
2018-03-26,24244.068359375,12462.400390625,26168.94921875,10801.0,8390.5,10207.099609375,3521.35009765625,13280.2001953125,296.3999938964844,3353.60009765625,3333.25,2850.10009765625,13674.7001953125
2018-03-27,24433.8671875,12518.2001953125,26300.150390625,10843.75,8452.5,10269.5,3585.699951171875,13354.400390625,297.25,3366.0,3345.5,2935.0,13767.75
2018-03-28,24263.068359375,12511.5498046875,26127.400390625,10821.349609375,8358.0498046875,10207.599609375,3512.550048828125,13214.150390625,294.04998779296875,3328.699951171875,3286.5,2878.5,13687.900390625
2018-04-02,24328.216796875,12707.099609375,26501.44921875,11058.4501953125,8620.849609375,10261.349609375,3539.550048828125,13291.25,296.3999938964844,3380.25,3332.800048828125,2854.39990234375,13687.650390625
2018-04-03,24510.314453125,12615.4501953125,26506.44921875,11153.4501953125,8664.7001953125,10311.4501953125,3559.85009765625,13394.75,297.8999938964844,3409.050048828125,3364.300048828125,2901.449951171875,13824.400390625
2018-04-04,24129.21875,12490.849609375,26448.05078125,11198.0498046875,8569.5,10169.25,3468.35009765625,13254.099609375,294.0,3352.449951171875,3306.949951171875,2852.300048828125,13614.4501953125
2018-04-05,24759.513671875,12682.5498046875,26676.44921875,11406.150390625,8655.650390625,10414.5498046875,3609.25,13431.900390625,301.70001220703125,3404.300048828125,3358.60009765625,2992.5,13967.25
2018-04-06,24872.861328125,12603.349609375,26805.900390625,11444.150390625,8772.400390625,10468.150390625,3604.050048828125,13490.599609375,303.3999938964844,3392.39990234375,3365.14990234375,3019.35009765625,14017.2001953125
2018-04-09,25093.509765625,12531.2001953125,27107.69921875,11472.349609375,8738.150390625,10530.7998046875,3609.550048828125,13611.400390625,303.29998779296875,3401.800048828125,3328.39990234375,3044.35009765625,14146.400390625
2018-04-10,25226.5078125,12576.5498046875,27103.44921875,11386.650390625,8719.599609375,10541.0498046875,3683.35009765625,13636.75,306.6000061035156,3431.75,3330.5,3064.800048828125,14262.7998046875
2018-04-11,25097.958984375,12759.099609375,27159.400390625,11453.599609375,8761.7998046875,10502.9501953125,3742.0,13581.650390625,305.3999938964844,3431.39990234375,3340.199951171875,2993.300048828125,14215.900390625
2018-04-12,25194.806640625,13168.2001953125,27041.44921875,11459.5498046875,8685.0498046875,10555.900390625,3690.449951171875,13574.7998046875,299.54998779296875,3426.35009765625,3338.949951171875,2955.35009765625,14297.849609375
2018-04-13,25200.306640625,13260.4501953125,26982.900390625,11465.2998046875,8730.599609375,10569.9501953125,3725.449951171875,13633.7998046875,300.8999938964844,3426.25,3349.800048828125,2941.199951171875,14323.5498046875
2018-04-16,25320.5546875,13203.099609375,27267.19921875,11504.9501953125,8867.2001953125,10658.650390625,3731.5,13638.349609375,305.79998779296875,3448.60009765625,3361.85009765625,2918.0,14405.5498046875
2018-04-17,25334.154296875,13162.2998046875,27536.69921875,11472.349609375,8827.75,10684.2001953125,3735.550048828125,13750.5498046875,309.45001220703125,3459.800048828125,3343.39990234375,2899.550048828125,14420.650390625
2018-04-18,25102.009765625,13124.0,28016.849609375,11411.7998046875,8790.0,10605.0,3750.5,13696.099609375,311.20001220703125,3464.0,3391.0,2867.60009765625,14288.75
2018-04-19,25125.857421875,13273.4501953125,28173.19921875,11431.650390625,8829.75,10579.7001953125,3920.14990234375,13643.650390625,313.20001220703125,3499.14990234375,3410.10009765625,2870.699951171875,14295.25
2018-04-20,24943.560546875,13910.349609375,28110.94921875,11440.099609375,8819.7998046875,10501.400390625,3891.449951171875,13476.4501953125,310.20001220703125,3470.85009765625,3377.5,2799.10009765625,14163.400390625
2018-04-23,24960.359375,14013.9501953125,28022.05078125,11497.2001953125,8949.900390625,10479.5498046875,3861.550048828125,13558.650390625,315.20001220703125,3467.199951171875,3401.449951171875,2818.14990234375,14199.099609375
2018-04-24,25041.80859375,13734.7998046875,28078.69921875,11522.599609375,8984.150390625,10547.2998046875,3787.60009765625,13841.7998046875,316.45001220703125,3481.60009765625,3344.300048828125,2789.89990234375,14281.099609375
2018-04-25,24814.111328125,13892.400390625,28013.099609375,11503.5,8901.150390625,10466.599609375,3736.199951171875,13784.849609375,318.3500061035156,3473.550048828125,3323.35009765625,2743.89990234375,14162.150390625
2018-04-26,25010.609375,14026.650390625,28342.349609375,11534.7998046875,8896.599609375,10480.900390625,3737.5,13824.849609375,316.1499938964844,3440.699951171875,3322.64990234375,2711.85009765625,14323.4501953125
2018-04-27,25394.3046875,13794.900390625,28433.5,11581.7998046875,8987.400390625,10614.900390625,3763.85009765625,14030.4501953125,317.25,3471.25,3356.0,2814.89990234375,14560.0498046875
2018-04-30,25531.302734375,13986.25,28772.75,11625.75,9060.7001953125,10675.75,3774.85009765625,13770.150390625,322.25,3503.35009765625,3362.60009765625,2863.64990234375,14593.349609375
2018-05-02,25568.00390625,13754.2998046875,28818.19921875,11508.2001953125,8961.0498046875,10726.25,3645.25,13771.7001953125,315.79998779296875,3479.89990234375,3354.550048828125,2792.25,14624.75
2018-05-03,25604.953125,13473.9501953125,28486.30078125,11451.650390625,8966.2998046875,10743.900390625,3673.050048828125,13709.5,310.54998779296875,3444.89990234375,3337.5,2794.449951171875,14654.150390625
2018-05-04,25645.1015625,13453.2998046875,28177.94921875,11323.7001953125,8817.4501953125,10735.7998046875,3633.60009765625,13643.25,310.1000061035156,3424.60009765625,3316.699951171875,2784.39990234375,14655.7001953125
2018-05-07,25851.75,13424.900390625,28586.5,11489.599609375,8774.400390625,10813.599609375,3695.949951171875,13863.099609375,313.54998779296875,3449.64990234375,3373.550048828125,2840.800048828125,14795.75
2018-05-08,26090.197265625,13379.650390625,28555.150390625,11437.2001953125,8753.25,10864.5498046875,3689.10009765625,13880.599609375,317.25,3438.949951171875,3355.449951171875,2876.5,14976.150390625
2018-05-09,26154.14453125,13453.400390625,28435.900390625,11419.75,8704.099609375,10866.7998046875,3691.64990234375,13921.150390625,316.95001220703125,3438.550048828125,3338.5,2855.449951171875,15020.2001953125
2018-05-10,26130.6953125,13427.2998046875,28231.349609375,11346.400390625,8544.9501953125,10859.2001953125,3655.699951171875,13960.0498046875,310.70001220703125,3403.300048828125,3286.699951171875,2821.199951171875,14987.9501953125
2018-05-11,26412.84375,13478.599609375,28476.0,11373.2001953125,8445.7001953125,10988.2998046875,3712.800048828125,14048.349609375,309.1499938964844,3395.39990234375,3303.60009765625,2841.85009765625,15156.4501953125
2018-05-14,26474.841796875,13446.150390625,28437.099609375,11273.75,8462.0498046875,11007.599609375,3702.050048828125,14071.349609375,307.0,3381.699951171875,3289.14990234375,2862.85009765625,15168.7998046875
2018-05-15,26473.69140625,13504.9501953125,28352.650390625,11186.7998046875,8401.150390625,11016.650390625,3711.550048828125,14025.0,300.8500061035156,3371.949951171875,3264.699951171875,2795.050048828125,15186.7001953125
2018-05-16,26181.845703125,13525.599609375,28866.0,11164.7001953125,8399.099609375,10903.2001953125,3696.14990234375,13786.0498046875,307.04998779296875,3353.75,3283.0,2709.89990234375,15047.2001953125
2018-05-17,26073.498046875,13504.75,28496.0,11154.7998046875,8403.0,10875.75,3679.35009765625,13682.7001953125,307.3500061035156,3337.800048828125,3261.199951171875,2706.89990234375,14961.099609375
2018-05-18,25875.298828125,13459.150390625,28852.69921875,10962.75,8211.849609375,10783.2001953125,3590.64990234375,13523.5498046875,302.75,3268.35009765625,3217.050048828125,2656.75,14864.5
2018-05-21,25750.501953125,13483.849609375,28673.69921875,10732.900390625,7983.2001953125,10693.650390625,3530.35009765625,13514.0498046875,292.79998779296875,3248.64990234375,3154.050048828125,2727.550048828125,14749.7998046875
2018-05-22,25777.400390625,13484.5498046875,28593.349609375,10913.4501953125,8118.89990234375,10721.5498046875,3592.89990234375,13456.25,296.3999938964844,3257.75,3209.25,2816.10009765625,14706.2001953125
2018-05-23,25684.650390625,13464.349609375,28415.400390625,10860.599609375,8069.7001953125,10653.7001953125,3458.35009765625,13172.25,293.8500061035156,3259.300048828125,3168.85009765625,2896.0,14607.599609375
2018-05-24,26016.498046875,13775.7001953125,28500.25,10681.599609375,8207.0,10781.75,3491.64990234375,13113.9501953125,291.79998779296875,3280.050048828125,3180.35009765625,2946.35009765625,14791.9501953125
2018-05-25,26273.24609375,13762.349609375,28595.80078125,10883.0,8297.25,10885.7998046875,3567.39990234375,13315.7998046875,295.5,3314.39990234375,3228.10009765625,2950.0,14956.7001953125
2018-05-28,26613.94140625,13497.7001953125,28791.849609375,11007.150390625,8498.2001953125,11014.5498046875,3604.699951171875,13446.099609375,300.04998779296875,3354.699951171875,3266.800048828125,3029.449951171875,15117.5
2018-05-29,26254.49609375,13561.0498046875,28706.099609375,11051.150390625,8410.4501953125,10895.75,3606.949951171875,13446.5498046875,297.1000061035156,3351.550048828125,3210.39990234375,2940.050048828125,14917.400390625
2018-05-30,26327.494140625,13557.7001953125,28658.05078125,11024.150390625,8321.099609375,10899.4501953125,3610.14990234375,13401.5,297.04998779296875,3333.85009765625,3208.0,2958.699951171875,14930.2998046875
2018-05-31,26955.88671875,13666.0,28814.30078125,10994.4501953125,8220.25,11131.7001953125,3593.64990234375,13523.400390625,294.95001220703125,3336.050048828125,3179.64990234375,2969.0,15255.25
2018-06-01,26692.490234375,13558.5498046875,28611.400390625,11076.5498046875,8213.2001953125,11058.0498046875,3568.39990234375,13498.25,291.25,3314.300048828125,3165.25,2938.35009765625,15118.9501953125
2018-06-04,26257.24609375,13595.099609375,28394.80078125,11023.25,8205.7998046875,10881.0498046875,3574.14990234375,13511.400390625,281.54998779296875,3258.39990234375,3163.64990234375,2891.699951171875,14921.400390625
2018-06-05,26250.6953125,13408.900390625,28346.44921875,10986.9501953125,8117.75,10889.2998046875,3553.550048828125,13545.349609375,278.6000061035156,3207.39990234375,3098.550048828125,2880.64990234375,14889.400390625
2018-06-06,26367.29296875,13528.7998046875,28602.0,11155.849609375,8233.650390625,10965.099609375,3619.60009765625,13614.0,282.79998779296875,3252.949951171875,3133.0,2953.5,14942.400390625
2018-06-07,26517.4921875,13683.75,28864.19921875,11236.0,8252.150390625,11057.400390625,3673.35009765625,13793.099609375,291.20001220703125,3271.64990234375,3155.550048828125,2970.10009765625,15051.5
2018-06-08,26451.04296875,13769.7998046875,28713.5,11226.099609375,8603.9501953125,11003.349609375,3658.550048828125,13862.900390625,292.25,3260.75,3194.35009765625,3019.35009765625,14990.5498046875
2018-06-11,26453.244140625,13775.099609375,28806.30078125,11239.7001953125,8647.150390625,11014.400390625,3644.800048828125,13846.2998046875,290.45001220703125,3267.449951171875,3227.199951171875,3029.25,14994.5
2018-06-12,26606.791015625,13859.849609375,29060.650390625,11243.400390625,8870.4501953125,11075.349609375,3628.949951171875,13946.849609375,291.6499938964844,3287.35009765625,3235.25,3099.89990234375,15054.2998046875
2018-06-13,26642.490234375,14034.150390625,28915.650390625,11236.2001953125,8948.9501953125,11053.0,3612.85009765625,13994.7998046875,291.5,3264.5,3210.89990234375,3145.699951171875,15067.400390625
2018-06-14,26561.94140625,13825.400390625,28885.05078125,11243.0,9112.4501953125,11010.849609375,3597.10009765625,13976.2998046875,291.5,3238.89990234375,3188.550048828125,3100.35009765625,15028.9501953125
2018-06-15,26417.09375,14121.5,28774.55078125,11173.0498046875,9316.25,10976.400390625,3541.949951171875,13939.099609375,287.79998779296875,3208.10009765625,3178.699951171875,3032.75,14970.150390625
2018-06-18,26408.994140625,14024.2001953125,28711.80078125,11203.4501953125,9319.2998046875,10962.7998046875,3480.449951171875,14030.5,286.70001220703125,3196.0,3170.75,3022.050048828125,14988.25
2018-06-19,26265.4453125,13849.4501953125,28651.599609375,11080.349609375,9253.9501953125,10929.150390625,3425.699951171875,13820.7998046875,280.95001220703125,3169.199951171875,3133.10009765625,2974.64990234375,14902.599609375
2018-06-20,26557.390625,13810.900390625,28519.599609375,11137.349609375,9291.349609375,11040.349609375,3459.64990234375,13972.5,284.04998779296875,3170.5,3146.550048828125,2972.699951171875,15075.2998046875
2018-06-21,26496.640625,13771.7001953125,28330.5,11033.2001953125,9198.7998046875,11044.0,3422.449951171875,14064.400390625,281.79998779296875,3138.85009765625,3145.25,2913.35009765625,15065.2001953125
2018-06-22,26766.5390625,13777.099609375,28630.75,11088.5,9360.900390625,11213.849609375,3431.550048828125,13948.400390625,282.25,3165.10009765625,3147.64990234375,2948.300048828125,15206.5498046875
2018-06-25,26609.390625,13865.2001953125,28495.650390625,10910.4501953125,9286.7998046875,11140.099609375,3397.449951171875,13777.099609375,278.04998779296875,3116.85009765625,3104.699951171875,2886.75,15105.7001953125
2018-06-26,26601.390625,13943.5,28792.150390625,10852.099609375,9247.75,11141.4501953125,3384.39990234375,13581.0498046875,276.04998779296875,3123.60009765625,3109.64990234375,2879.0,15105.25
2018-06-27,26423.09375,14018.400390625,28625.150390625,10716.2001953125,9263.4501953125,11045.75,3341.800048828125,13247.150390625,271.1000061035156,3060.0,3043.60009765625,2809.10009765625,14980.4501953125
2018-06-28,26324.29296875,13873.7998046875,28411.849609375,10632.599609375,9149.400390625,10949.0,3346.5,12999.150390625,265.1000061035156,3051.85009765625,2995.25,2754.449951171875,14911.0498046875
2018-06-29,26363.892578125,13989.5,28966.0,10709.0498046875,9173.150390625,11007.0498046875,3440.14990234375,13333.349609375,271.54998779296875,3125.699951171875,3025.699951171875,2791.5,14961.75
2018-07-02,26229.99609375,14072.2998046875,28777.5,10665.7998046875,9133.900390625,10932.7001953125,3378.60009765625,13151.9501953125,267.8500061035156,3063.64990234375,2991.949951171875,2793.449951171875,14913.4501953125
2018-07-03,26203.794921875,14222.5498046875,28973.599609375,10779.150390625,9325.2998046875,10909.7001953125,3366.14990234375,13278.400390625,268.25,3063.85009765625,3017.75,2771.800048828125,14909.4501953125
2018-07-04,26433.642578125,14126.150390625,29108.150390625,10914.349609375,9399.599609375,11019.150390625,3370.449951171875,13372.7001953125,269.5,3060.60009765625,3010.89990234375,2765.89990234375,15032.900390625
2018-07-05,26502.9921875,13970.5,29399.150390625,10925.75,9274.25,11043.2001953125,3322.449951171875,13171.0498046875,264.6499938964844,3044.64990234375,3010.949951171875,2752.0,15059.4501953125
2018-07-06,26493.541015625,14015.9501953125,29344.650390625,11067.849609375,9189.900390625,11024.0,3322.050048828125,13283.7998046875,267.29998779296875,3059.60009765625,2997.39990234375,2772.25,15056.650390625
2018-07-09,26752.990234375,14108.849609375,29587.55078125,11135.650390625,9307.599609375,11090.650390625,3366.35009765625,13498.400390625,269.3500061035156,3097.85009765625,3006.25,2815.300048828125,15210.25
2018-07-10,26894.23828125,14222.75,29715.400390625,11239.2001953125,9276.099609375,11191.2998046875,3422.35009765625,13749.9501953125,274.20001220703125,3117.5,3009.25,2845.949951171875,15267.400390625
2018-07-11,26815.88671875,14536.4501953125,29802.599609375,11127.400390625,9228.7001953125,11153.25,3317.14990234375,13795.650390625,274.45001220703125,3098.699951171875,3000.0,2791.699951171875,15241.599609375
2018-07-12,27026.236328125,14515.650390625,29932.650390625,11038.0,9244.099609375,11262.650390625,3300.35009765625,14165.900390625,271.45001220703125,3112.64990234375,2968.5,2822.949951171875,15344.9501953125
2018-07-13,26935.63671875,14534.900390625,29629.55078125,11003.0498046875,9164.0,11259.4501953125,3286.60009765625,14288.7001953125,266.8500061035156,3087.39990234375,2862.949951171875,2765.14990234375,15287.099609375
2018-07-16,26679.490234375,14617.0498046875,29571.349609375,10835.150390625,8786.400390625,11184.5,3168.10009765625,14085.0,258.0,3044.949951171875,2792.85009765625,2695.39990234375,15153.7001953125
2018-07-17,27007.78515625,14618.25,29273.05078125,10965.650390625,8926.099609375,11285.2998046875,3222.64990234375,14318.900390625,260.6499938964844,3067.949951171875,2832.85009765625,2799.39990234375,15330.7001953125
2018-07-18,26880.587890625,14631.7001953125,28993.150390625,10808.599609375,8885.650390625,11279.349609375,3121.10009765625,14363.400390625,254.39999389648438,3047.39990234375,2832.300048828125,2775.85009765625,15238.2001953125
2018-07-19,26789.33984375,14489.849609375,29212.5,10799.0,8749.900390625,11208.7001953125,3104.60009765625,14431.2998046875,253.89999389648438,3013.800048828125,2826.64990234375,2790.050048828125,15142.7998046875
2018-07-20,26872.88671875,14701.400390625,29281.0,10752.7001953125,8895.25,11270.5498046875,3092.199951171875,14542.2998046875,257.1000061035156,3032.300048828125,2813.75,2802.35009765625,15195.900390625
2018-07-23,27007.8359375,14683.2001953125,30000.900390625,10770.599609375,8937.400390625,11312.7001953125,3139.35009765625,14508.349609375,261.5,3078.39990234375,2835.85009765625,2868.699951171875,15296.0498046875
2018-07-24,26974.0859375,14663.900390625,30026.150390625,10861.2998046875,9049.0498046875,11332.849609375,3233.300048828125,14488.0,268.04998779296875,3137.050048828125,2885.449951171875,2895.949951171875,15250.2001953125
2018-07-25,27030.986328125,14575.349609375,29965.25,10809.9501953125,8969.25,11398.2001953125,3262.050048828125,14457.0,264.29998779296875,3109.10009765625,2851.25,2935.85009765625,15244.5498046875
2018-07-26,27406.08203125,14468.099609375,30036.25,10770.0,8994.650390625,11588.4501953125,3235.35009765625,14474.099609375,266.3999938964844,3120.199951171875,2827.199951171875,3095.89990234375,15381.2001953125
2018-07-27,27634.080078125,14517.900390625,30749.349609375,10874.7998046875,9039.0,11691.0,3297.699951171875,14693.7998046875,267.8500061035156,3135.300048828125,2827.800048828125,3093.699951171875,15548.25
2018-07-30,27842.275390625,14420.5498046875,30836.599609375,10925.0498046875,9115.5498046875,11738.849609375,3320.300048828125,14911.5,268.3500061035156,3151.14990234375,2839.949951171875,3226.699951171875,15666.4501953125
2018-07-31,27763.828125,14587.7998046875,31007.25,10973.75,9179.400390625,11662.900390625,3335.10009765625,15150.2001953125,272.8500061035156,3158.10009765625,2832.550048828125,3186.25,15613.4501953125
2018-08-01,27596.279296875,14679.349609375,31175.099609375,10890.099609375,9301.7001953125,11590.25,3320.0,15245.2998046875,273.3500061035156,3149.75,2849.550048828125,3202.75,15508.25
2018-08-02,27355.630859375,14552.599609375,31075.25,10733.650390625,9424.650390625,11459.2998046875,3327.75,15103.0,268.79998779296875,3135.449951171875,2830.949951171875,3178.89990234375,15387.400390625
2018-08-03,27695.177734375,14649.099609375,31424.94921875,10775.2998046875,9500.75,11636.0,3380.85009765625,15205.9501953125,270.3999938964844,3153.39990234375,2867.85009765625,3239.0,15621.25
2018-08-06,27898.17578125,14605.5498046875,31222.0,10822.7998046875,9408.599609375,11699.0498046875,3405.699951171875,15319.25,268.79998779296875,3166.5,2879.300048828125,3323.60009765625,15727.0498046875
2018-08-07,27875.576171875,14613.75,31140.349609375,10855.650390625,9371.0498046875,11702.400390625,3445.25,15219.7001953125,267.1499938964844,3150.75,2916.300048828125,3252.35009765625,15729.5
2018-08-08,28062.123046875,14608.2001953125,31302.5,10821.2001953125,9307.25,11770.25,3453.60009765625,15483.7998046875,267.0,3160.39990234375,2927.550048828125,3281.300048828125,15835.349609375
2018-08-09,28319.669921875,14603.349609375,31378.55078125,10813.7998046875,9249.9501953125,11838.099609375,3501.75,15491.400390625,272.54998779296875,3155.35009765625,2922.64990234375,3379.199951171875,15994.9501953125
2018-08-10,28123.923828125,14679.2998046875,31474.900390625,10839.4501953125,9138.25,11768.75,3434.75,15375.599609375,272.29998779296875,3131.39990234375,2903.199951171875,3250.85009765625,15942.599609375
2018-08-13,27794.078125,14880.25,31479.75,10756.7001953125,9186.599609375,11602.7001953125,3405.800048828125,15141.2998046875,269.70001220703125,3113.64990234375,2817.10009765625,3146.050048828125,15800.2998046875
2018-08-14,28021.373046875,15009.25,31725.25,10803.150390625,9481.150390625,11669.849609375,3414.60009765625,15309.849609375,275.04998779296875,3093.60009765625,2856.800048828125,3151.85009765625,15975.849609375
2018-08-16,27826.2265625,15044.349609375,31731.25,10830.9501953125,9595.349609375,11536.4501953125,3337.050048828125,15238.599609375,273.6499938964844,3076.64990234375,2817.25,3127.449951171875,15864.7001953125
2018-08-17,28128.224609375,15126.400390625,32340.05078125,10878.7001953125,9693.849609375,11621.650390625,3394.10009765625,15250.0498046875,276.04998779296875,3092.14990234375,2845.300048828125,3222.050048828125,16027.5498046875
2018-08-20,28273.921875,14996.099609375,32379.400390625,10997.900390625,9799.150390625,11708.849609375,3478.89990234375,15520.25,277.8500061035156,3177.25,2862.699951171875,3285.199951171875,16062.5
2018-08-21,28257.572265625,15134.650390625,32306.400390625,10979.25,9950.5,11706.25,3466.949951171875,15622.400390625,272.8500061035156,3183.550048828125,2897.60009765625,3278.35009765625,16054.900390625
2018-08-23,28027.57421875,15321.9501953125,32600.25,10959.599609375,10076.7998046875,11625.4501953125,3416.800048828125,15798.5,273.95001220703125,3215.10009765625,2866.699951171875,3238.199951171875,15932.75
2018-08-24,27834.375,15260.0498046875,32385.55078125,10903.0,10061.099609375,11592.150390625,3481.199951171875,15875.0,273.45001220703125,3208.60009765625,2871.14990234375,3214.60009765625,15814.5
2018-08-27,28263.87109375,15514.9501953125,32604.099609375,10993.5498046875,10094.2001953125,11741.2001953125,3532.85009765625,16082.7001953125,273.6499938964844,3254.300048828125,2871.75,3283.89990234375,16077.75
2018-08-28,28269.322265625,15583.0498046875,32494.349609375,11044.150390625,10050.099609375,11796.9501953125,3597.199951171875,16241.650390625,271.20001220703125,3251.75,2865.25,3234.0,16088.900390625
2018-08-29,28223.771484375,15524.9501953125,32429.599609375,11057.150390625,10008.900390625,11807.4501953125,3634.300048828125,16059.9501953125,274.3999938964844,3238.39990234375,2852.75,3285.949951171875,16045.4501953125
2018-08-30,28102.923828125,15529.849609375,32844.0,11007.599609375,10120.5498046875,11743.349609375,3665.300048828125,15960.599609375,276.04998779296875,3252.10009765625,2857.35009765625,3295.199951171875,15973.5
2018-08-31,28061.423828125,15811.400390625,32911.55078125,11009.25,10390.9501953125,11719.0498046875,3643.449951171875,15763.0,275.8500061035156,3289.25,2840.10009765625,3315.5,15933.2001953125
2018-09-03,27819.17578125,15724.7001953125,32109.55078125,10935.650390625,10359.900390625,11631.2998046875,3656.699951171875,15598.599609375,273.1000061035156,3275.0,2853.050048828125,3283.550048828125,15748.2998046875
2018-09-04,27430.431640625,16048.7001953125,31442.650390625,10754.099609375,10205.5498046875,11521.599609375,3585.60009765625,15587.9501953125,268.04998779296875,3223.949951171875,2768.75,3167.050048828125,15563.2001953125
2018-09-05,27375.732421875,16039.900390625,31168.849609375,10788.400390625,10303.400390625,11459.650390625,3623.199951171875,15486.5498046875,265.04998779296875,3204.10009765625,2739.64990234375,3159.949951171875,15531.900390625
2018-09-06,27468.380859375,16081.650390625,31157.25,10798.5498046875,10583.150390625,11501.7998046875,3632.199951171875,15803.4501953125,266.45001220703125,3217.64990234375,2695.800048828125,3162.699951171875,15590.7998046875
2018-09-07,27481.12890625,16104.7998046875,31354.30078125,11036.650390625,10661.25,11502.099609375,3699.75,15937.400390625,268.1499938964844,3237.800048828125,2715.699951171875,3135.949951171875,15618.2998046875
2018-09-10,27201.43359375,16105.2998046875,30811.599609375,10843.900390625,10446.5,11340.2998046875,3636.85009765625,15675.7998046875,264.1000061035156,3204.89990234375,2712.550048828125,3068.14990234375,15475.9501953125
2018-09-11,26807.1875,15993.2001953125,30067.55078125,10681.400390625,10279.0498046875,11186.2998046875,3578.300048828125,15477.4501953125,258.8500061035156,3161.75,2673.199951171875,3034.14990234375,15263.849609375
2018-09-12,26818.88671875,16054.0498046875,30828.19921875,10692.75,10391.599609375,11208.4501953125,3631.39990234375,15601.0498046875,257.25,3190.449951171875,2673.0,3041.64990234375,15248.7998046875
2018-09-14,27163.533203125,16072.5,30987.599609375,10826.7001953125,10652.849609375,11414.7001953125,3713.699951171875,15791.900390625,266.1499938964844,3244.64990234375,2710.199951171875,3096.199951171875,15448.25
2018-09-17,26819.98828125,16119.7998046875,30559.75,10730.7998046875,10504.150390625,11223.5,3705.449951171875,15609.0498046875,269.1499938964844,3225.85009765625,2708.39990234375,3056.10009765625,15277.150390625
2018-09-18,26441.142578125,16031.0,30893.25,10565.650390625,10465.400390625,11065.849609375,3648.10009765625,15460.2001953125,260.95001220703125,3168.5,2654.949951171875,2890.0,15103.9501953125
2018-09-19,26277.044921875,16063.9501953125,30487.69921875,10527.900390625,10456.9501953125,10973.0498046875,3691.800048828125,15458.4501953125,257.75,3160.25,2604.800048828125,2881.39990234375,15032.9501953125
2018-09-21,25596.603515625,15833.5,30406.900390625,10407.400390625,10252.349609375,10858.4501953125,3673.25,15575.2998046875,248.6999969482422,3139.60009765625,2580.800048828125,2834.14990234375,14513.650390625
2018-09-24,24970.05859375,16175.2998046875,29749.19921875,10001.0,9994.75,10485.150390625,3631.699951171875,15588.5498046875,235.5500030517578,3082.550048828125,2521.25,2757.10009765625,14154.5498046875
2018-09-25,25330.0546875,16234.900390625,30124.349609375,10100.4501953125,10245.150390625,10684.2998046875,3631.800048828125,15540.599609375,231.5,3074.89990234375,2521.85009765625,2801.75,14346.9501953125
2018-09-26,25376.005859375,15932.4501953125,29682.650390625,10002.2001953125,10289.2998046875,10703.599609375,3693.949951171875,15703.900390625,237.10000610351562,3084.550048828125,2516.800048828125,2749.199951171875,14401.9501953125
2018-09-27,25041.859375,16018.0,29660.25,9815.400390625,10092.4501953125,10524.9501953125,3669.699951171875,15694.9501953125,230.5500030517578,3045.449951171875,2492.60009765625,2724.050048828125,14133.0498046875
2018-09-28,25119.55859375,15838.0498046875,29757.69921875,9590.25,9972.4501953125,10577.099609375,3485.35009765625,15697.2001953125,219.60000610351562,2967.300048828125,2447.5,2700.449951171875,14151.0498046875
2018-10-01,25366.705078125,16213.599609375,29923.650390625,9659.5498046875,10034.400390625,10706.5498046875,3528.050048828125,15539.75,216.3000030517578,2965.25,2482.800048828125,2798.60009765625,14226.599609375
2018-10-03,25069.609375,15909.7998046875,29498.05078125,9375.2998046875,9950.900390625,10589.400390625,3592.0,15371.0498046875,216.1999969482422,2933.449951171875,2471.64990234375,2785.699951171875,14015.9501953125
2018-10-04,24819.01171875,15441.099609375,28630.099609375,9207.0,9630.75,10481.650390625,3572.35009765625,14427.7998046875,214.64999389648438,2919.699951171875,2460.64990234375,2777.800048828125,13953.2998046875
2018-10-05,24443.166015625,15591.650390625,27873.80078125,8915.099609375,9547.349609375,10216.900390625,3444.64990234375,13278.0,208.8000030517578,2845.39990234375,2371.39990234375,2656.0,13735.7998046875
2018-10-08,24618.0625,15305.2001953125,27705.80078125,8969.099609375,9505.7998046875,10175.9501953125,3339.449951171875,13828.150390625,202.10000610351562,2828.75,2348.300048828125,2703.5,13864.5498046875
2018-10-09,24527.365234375,15369.7998046875,27149.650390625,8732.900390625,9638.75,10212.4501953125,3373.75,13591.349609375,200.10000610351562,2826.550048828125,2398.35009765625,2670.14990234375,13826.75
2018-10-10,25321.404296875,15143.2001953125,27596.5,8961.9501953125,9771.349609375,10563.599609375,3438.64990234375,13779.349609375,208.5,2895.449951171875,2530.25,2819.199951171875,14289.849609375
2018-10-11,24783.662109375,14683.0,27375.0,8739.5,9488.650390625,10266.900390625,3306.5,13796.5498046875,202.64999389648438,2838.449951171875,2526.050048828125,2673.85009765625,14031.150390625
2018-10-12,25395.5546875,14539.2001953125,28153.55078125,9084.4501953125,9525.599609375,10537.5498046875,3438.10009765625,14243.0498046875,209.5500030517578,2894.64990234375,2566.949951171875,2704.10009765625,14412.5498046875
2018-10-15,25387.755859375,14797.2001953125,28330.69921875,9034.599609375,9774.099609375,10545.0498046875,3423.5,14363.150390625,209.85000610351562,2887.64990234375,2600.35009765625,2706.550048828125,14359.599609375
2018-10-16,25589.353515625,14887.349609375,28498.25,9102.900390625,9836.75,10628.25,3431.60009765625,14596.9501953125,212.0,2911.199951171875,2606.949951171875,2780.300048828125,14496.75
2018-10-17,25188.306640625,14949.599609375,28623.349609375,8834.7001953125,9686.400390625,10416.599609375,3362.949951171875,14405.5,205.85000610351562,2867.10009765625,2551.25,2685.39990234375,14281.5
2018-10-19,25085.509765625,14476.849609375,28845.25,8690.25,9650.2998046875,10284.25,3365.0,14014.0498046875,204.3000030517578,2852.0,2497.39990234375,2685.949951171875,14209.5498046875
2018-10-22,25078.30859375,14421.4501953125,28797.55078125,8700.4501953125,9646.650390625,10336.0498046875,3339.64990234375,13661.5498046875,203.64999389648438,2849.14990234375,2460.25,2670.699951171875,14151.75
2018-10-23,24972.158203125,14014.7001953125,28480.599609375,8649.150390625,9368.25,10321.7001953125,3312.75,13611.849609375,204.0,2850.75,2415.10009765625,2628.85009765625,14126.0
2018-10-24,25063.908203125,14049.150390625,28631.0,8663.900390625,9334.400390625,10464.849609375,3347.85009765625,13632.650390625,210.25,2890.10009765625,2424.60009765625,2636.89990234375,14180.849609375
2018-10-25,24817.16015625,14070.7998046875,28413.599609375,8580.9501953125,9142.7001953125,10341.7001953125,3306.800048828125,13491.349609375,206.0,2851.64990234375,2367.050048828125,2582.25,14073.7998046875
2018-10-26,24420.767578125,13798.599609375,28013.55078125,8578.0498046875,9115.099609375,10260.099609375,3283.89990234375,13523.7001953125,205.39999389648438,2834.75,2359.10009765625,2572.85009765625,13785.0498046875
2018-10-29,24959.408203125,14132.650390625,28257.5,8723.900390625,9590.400390625,10472.4501953125,3369.5,13965.2001953125,212.1999969482422,2930.39990234375,2424.199951171875,2778.39990234375,14123.5
2018-10-30,24807.4609375,14355.849609375,28271.30078125,8744.599609375,9535.2998046875,10398.650390625,3333.050048828125,13660.5,213.5,2936.39990234375,2466.10009765625,2846.949951171875,13988.900390625
2018-10-31,25152.95703125,14940.099609375,28547.099609375,8820.5498046875,9757.5,10639.9501953125,3296.949951171875,13753.349609375,214.89999389648438,2969.89990234375,2489.39990234375,2915.85009765625,14206.650390625
2018-11-01,25323.35546875,14622.0,28355.099609375,8814.2001953125,9609.150390625,10684.849609375,3338.35009765625,13742.400390625,220.85000610351562,3001.60009765625,2492.300048828125,2940.949951171875,14314.5
2018-11-02,25701.3515625,14396.7001953125,28836.80078125,9180.2001953125,9547.849609375,10864.9501953125,3439.25,14005.2998046875,221.3000030517578,3059.85009765625,2475.85009765625,2923.14990234375,14552.650390625
2018-11-05,25731.900390625,14471.75,28725.099609375,9153.650390625,9460.5,10840.4501953125,3441.89990234375,13985.75,224.64999389648438,3033.5,2442.14990234375,3008.25,14499.5
2018-11-06,25597.703125,14577.2998046875,28497.099609375,9130.4501953125,9454.9501953125,10800.25,3438.949951171875,14082.7998046875,225.5500030517578,3043.699951171875,2464.550048828125,2941.25,14465.7001953125
2018-11-07,25769.400390625,14683.099609375,28717.400390625,9200.75,9502.099609375,10874.4501953125,3463.85009765625,14151.0,227.14999389648438,3054.300048828125,2480.60009765625,2952.10009765625,14565.4501953125
2018-11-09,25770.701171875,14553.25,28731.05078125,9277.75,9643.900390625,10874.599609375,3431.89990234375,14074.599609375,226.0500030517578,3070.5,2488.5,2928.449951171875,14622.7001953125
2018-11-12,25539.453125,14650.5,28536.349609375,9051.5,9557.5,10757.0,3384.5,13849.2998046875,222.75,3028.050048828125,2434.449951171875,2867.699951171875,14523.099609375
2018-11-13,25768.30078125,14698.2001953125,28783.349609375,9126.900390625,9422.5498046875,10867.599609375,3410.550048828125,14091.0498046875,221.39999389648438,3068.64990234375,2429.14990234375,2865.449951171875,14691.5
2018-11-14,25929.849609375,14338.5,29047.900390625,9051.400390625,9216.150390625,10934.9501953125,3382.14990234375,14160.75,218.10000610351562,3071.300048828125,2419.949951171875,2923.85009765625,14720.400390625
2018-11-15,26154.4453125,14354.150390625,29020.5,9108.25,9218.5498046875,11055.2001953125,3407.89990234375,14130.599609375,221.8000030517578,3083.050048828125,2422.449951171875,2942.64990234375,14852.2001953125
2018-11-16,26245.24609375,14473.150390625,29153.349609375,9112.349609375,9301.349609375,11140.0498046875,3354.60009765625,14312.599609375,222.35000610351562,3116.5,2434.10009765625,3002.300048828125,14828.4501953125
2018-11-19,26300.392578125,14599.7998046875,29651.599609375,9207.650390625,9399.25,11128.599609375,3395.35009765625,14466.4501953125,226.14999389648438,3140.800048828125,2459.60009765625,2979.800048828125,14871.400390625
2018-11-20,26113.046875,14285.099609375,29407.650390625,9133.650390625,9218.7001953125,11043.150390625,3299.199951171875,14333.7001953125,226.25,3121.25,2448.35009765625,2923.60009765625,14767.900390625
2018-11-21,26261.74609375,13879.150390625,29390.849609375,9119.2998046875,9375.099609375,11087.7998046875,3272.699951171875,14124.349609375,229.64999389648438,3109.85009765625,2433.300048828125,2964.199951171875,14845.599609375
2018-11-22,25999.146484375,13835.7001953125,29244.099609375,9062.650390625,9302.2998046875,10994.2001953125,3214.75,13978.650390625,226.5500030517578,3095.050048828125,2467.89990234375,2919.85009765625,14696.599609375
2018-11-26,26365.29296875,14025.400390625,29935.5,9158.7998046875,9180.5,11124.349609375,3172.300048828125,14003.599609375,227.35000610351562,3116.949951171875,2476.35009765625,2943.85009765625,14883.5
2018-11-27,26442.79296875,14225.349609375,29913.44921875,9165.0,9058.4501953125,11173.2998046875,3148.949951171875,14185.599609375,227.5500030517578,3119.39990234375,2470.5,2973.64990234375,14899.650390625
2018-11-28,26457.642578125,14632.900390625,29682.599609375,9096.4501953125,9014.7998046875,11222.849609375,3117.39990234375,14264.75,224.3000030517578,3073.39990234375,2523.39990234375,2915.14990234375,14907.5498046875
2018-11-29,26939.287109375,14465.2998046875,30097.94921875,9202.099609375,9090.650390625,11428.2998046875,3177.25,14367.900390625,227.0,3095.300048828125,2547.35009765625,2931.449951171875,15198.400390625
2018-11-30,26862.63671875,14638.0498046875,30126.25,9270.2001953125,9275.7001953125,11438.7998046875,3163.75,14323.9501953125,232.0,3087.0,2549.85009765625,2915.199951171875,15154.4501953125
2018-12-03,26857.23828125,14740.400390625,30348.349609375,9260.599609375,9053.400390625,11428.849609375,3227.85009765625,14333.75,237.60000610351562,3120.10009765625,2526.800048828125,2944.14990234375,15160.4501953125
2018-12-04,26693.490234375,14999.900390625,30150.69921875,9212.2001953125,9064.400390625,11351.2998046875,3236.550048828125,14359.099609375,236.75,3108.800048828125,2542.050048828125,2904.800048828125,15109.9501953125
2018-12-05,26519.291015625,15012.9501953125,29936.19921875,8992.900390625,8812.2001953125,11316.75,3119.60009765625,14294.25,234.9499969482422,3058.75,2499.550048828125,2879.64990234375,14964.7001953125
2018-12-06,26197.99609375,14693.75,29489.30078125,8791.400390625,8686.5,11158.849609375,3085.39990234375,13989.849609375,229.3000030517578,3018.0,2473.5,2825.949951171875,14750.599609375
2018-12-07,26593.9921875,14662.900390625,29673.650390625,8869.7998046875,8682.599609375,11316.4501953125,3071.199951171875,14013.650390625,230.4499969482422,3036.949951171875,2497.550048828125,2824.699951171875,15041.7001953125
2018-12-10,26102.34765625,14419.2001953125,29211.5,8784.25,8535.2998046875,11060.9501953125,3036.25,13657.4501953125,223.4499969482422,2969.199951171875,2451.60009765625,2806.550048828125,14700.400390625
2018-12-11,26163.095703125,14579.599609375,29562.94921875,8846.7998046875,8746.599609375,11081.650390625,3055.35009765625,13709.5,223.5500030517578,2976.35009765625,2497.39990234375,2880.800048828125,14746.25
2018-12-12,26643.5390625,14738.5498046875,30085.400390625,9166.150390625,8801.5,11279.75,3133.050048828125,13912.900390625,233.3000030517578,3051.449951171875,2531.39990234375,2940.800048828125,15041.7998046875
2018-12-13,26816.037109375,14841.0,30291.25,9254.2001953125,8810.7998046875,11368.099609375,3114.0,13924.2001953125,236.5,3070.25,2562.60009765625,2971.0,15125.900390625
2018-12-14,26825.6875,14851.400390625,30371.5,9271.5,8726.400390625,11327.599609375,3112.35009765625,14072.0498046875,237.1999969482422,3086.64990234375,2562.550048828125,2979.64990234375,15139.0498046875
2018-12-17,27015.486328125,14873.0498046875,30624.19921875,9335.7998046875,8771.2998046875,11441.900390625,3175.10009765625,14283.9501953125,236.64999389648438,3099.800048828125,2596.050048828125,2982.300048828125,15222.9501953125
2018-12-18,27174.3828125,14730.900390625,30589.400390625,9403.7998046875,8840.400390625,11496.4501953125,3198.14990234375,14386.2001953125,237.14999389648438,3135.60009765625,2492.60009765625,3019.800048828125,15313.5498046875
2018-12-19,27298.083984375,14591.7998046875,30977.25,9507.7001953125,8823.4501953125,11616.2998046875,3211.14990234375,14462.5,244.14999389648438,3177.699951171875,2516.199951171875,3106.25,15373.0
2018-12-20,27274.783203125,14542.150390625,30759.94921875,9524.5498046875,8853.7998046875,11599.75,3177.89990234375,14424.7001953125,243.35000610351562,3182.199951171875,2513.800048828125,3050.300048828125,15374.599609375
2018-12-21,26869.337890625,14207.849609375,30199.80078125,9337.25,8774.0498046875,11439.0498046875,3162.300048828125,14159.75,238.5,3131.5,2466.10009765625,3034.449951171875,15117.0498046875
2018-12-24,26714.439453125,14247.75,29950.94921875,9206.75,8726.349609375,11334.4501953125,3089.85009765625,13989.4501953125,233.39999389648438,3105.14990234375,2414.300048828125,3045.699951171875,15041.7998046875
2018-12-26,26986.486328125,14158.900390625,29996.25,9227.0,8684.849609375,11475.599609375,3098.449951171875,14063.7001953125,233.9499969482422,3139.35009765625,2465.39990234375,3062.14990234375,15167.0
2018-12-27,26878.23828125,14354.5,30377.5,9184.099609375,8665.75,11459.0,3089.0,14284.599609375,232.60000610351562,3154.10009765625,2507.85009765625,3048.75,15128.0
2018-12-28,27124.935546875,14385.7998046875,30544.0,9223.7998046875,8814.2001953125,11586.25,3112.199951171875,14369.7998046875,233.1999969482422,3177.39990234375,2556.14990234375,3079.89990234375,15268.0498046875
2018-12-31,27159.8828125,14440.2998046875,30516.650390625,9235.5498046875,8868.7001953125,11585.900390625,3154.60009765625,14334.849609375,232.35000610351562,3175.300048828125,2566.199951171875,3088.0,15292.0
2019-01-01,27392.08203125,14450.900390625,30398.44921875,9182.4501953125,8881.9501953125,11702.0498046875,3135.25,14348.0,237.5,3190.550048828125,2574.14990234375,3137.199951171875,15391.4501953125
2019-01-02,27174.3828125,14447.099609375,30195.19921875,8902.650390625,8839.9501953125,11586.2001953125,3028.449951171875,14140.5498046875,234.10000610351562,3143.949951171875,2540.5,3077.5,15300.5498046875
2019-01-03,26959.537109375,14322.150390625,30189.19921875,8767.349609375,8722.2998046875,11458.9501953125,2960.39990234375,13914.599609375,233.9499969482422,3104.050048828125,2491.699951171875,3054.14990234375,15178.9501953125
2019-01-04,27194.68359375,14146.150390625,30190.19921875,8809.349609375,8788.0498046875,11572.4501953125,3001.699951171875,14043.0498046875,235.89999389648438,3130.64990234375,2519.14990234375,3125.10009765625,15302.75
2019-01-07,27304.234375,14291.5,30282.599609375,8820.0,8732.650390625,11591.599609375,2997.10009765625,14137.0498046875,239.0500030517578,3146.39990234375,2527.199951171875,3109.10009765625,15391.2998046875
2019-01-08,27509.1796875,14285.7001953125,30272.0,8859.650390625,8864.75,11635.4501953125,3010.300048828125,14106.349609375,239.0,3145.699951171875,2495.89990234375,3195.300048828125,15520.5
2019-01-09,27720.078125,14326.099609375,30577.349609375,8907.099609375,8906.7001953125,11740.75,2975.5,14061.0,240.5500030517578,3145.800048828125,2494.949951171875,3187.39990234375,15665.5498046875
2019-01-10,27528.23046875,14323.25,30571.650390625,8933.349609375,8934.7998046875,11675.5,2972.35009765625,14004.5498046875,239.89999389648438,3154.35009765625,2496.949951171875,3188.85009765625,15527.2998046875
2019-01-11,27453.58203125,14307.099609375,30759.05078125,8862.349609375,8902.4501953125,11690.849609375,2971.25,13937.5498046875,236.64999389648438,3119.5,2496.35009765625,3160.0,15484.0498046875
2019-01-14,27247.93359375,14223.599609375,30716.400390625,8849.7001953125,8949.2998046875,11589.900390625,2939.35009765625,13865.2001953125,234.35000610351562,3075.25,2471.85009765625,3145.25,15353.650390625
2019-01-15,27400.431640625,14658.5,31011.05078125,8888.400390625,9027.5,11675.2998046875,2986.300048828125,14162.599609375,238.5500030517578,3096.800048828125,2501.64990234375,3151.10009765625,15429.9501953125
2019-01-16,27483.37890625,14707.7998046875,30783.849609375,8866.75,9054.2001953125,11653.349609375,2967.050048828125,14242.599609375,238.5500030517578,3101.699951171875,2480.39990234375,3170.0,15485.5
2019-01-17,27528.4296875,14800.25,30737.25,8878.2001953125,8930.5,11703.5498046875,2963.050048828125,14257.5,241.39999389648438,3105.0,2428.699951171875,3120.39990234375,15537.7998046875
2019-01-18,27456.380859375,14893.0,30540.349609375,8844.7998046875,8689.599609375,11678.25,2957.10009765625,14607.5,238.3000030517578,3055.5,2389.60009765625,3083.949951171875,15505.7998046875
2019-01-21,27533.279296875,14966.400390625,30485.0,8746.849609375,8734.7001953125,11717.349609375,2945.800048828125,14963.849609375,234.89999389648438,3035.14990234375,2375.949951171875,3043.449951171875,15552.4501953125
2019-01-22,27481.9296875,14962.599609375,30507.599609375,8675.150390625,8892.599609375,11670.099609375,2880.64990234375,14949.849609375,236.64999389648438,3019.39990234375,2343.25,3013.449951171875,15557.400390625
2019-01-23,27250.43359375,14888.75,29991.400390625,8612.25,8946.2001953125,11556.599609375,2896.89990234375,14849.7998046875,235.5,2999.39990234375,2373.75,2975.0,15459.650390625
2019-01-24,27266.083984375,14971.900390625,30036.75,8537.25,8894.5,11545.150390625,2893.5,14990.400390625,240.60000610351562,2984.25,2369.60009765625,2991.699951171875,15466.5498046875
2019-01-25,27114.986328125,15039.2998046875,29938.05078125,8259.7998046875,8891.0,11483.599609375,2857.550048828125,14970.0498046875,230.0500030517578,2968.89990234375,1981.5999755859375,2950.64990234375,15384.7998046875
2019-01-28,26652.740234375,15120.150390625,29565.55078125,8143.0,8663.900390625,11266.5,2827.14990234375,14820.0498046875,229.3000030517578,2941.550048828125,2147.550048828125,2903.550048828125,15072.2998046875
2019-01-29,26573.091796875,15231.2998046875,29758.900390625,8120.4501953125,8756.900390625,11224.7998046875,2828.35009765625,14630.5,228.1999969482422,2947.14990234375,2160.199951171875,2920.39990234375,15053.849609375
2019-01-30,26825.1875,15255.2001953125,29463.849609375,8118.39990234375,8734.599609375,11275.2001953125,2882.050048828125,14479.25,226.5,2949.199951171875,2197.050048828125,2976.39990234375,15242.2001953125
2019-01-31,27295.1328125,15499.2998046875,29800.55078125,8218.400390625,8825.349609375,11456.400390625,2915.85009765625,14792.9501953125,228.5500030517578,2976.85009765625,2173.39990234375,3025.800048828125,15495.099609375
2019-02-01,27085.634765625,15724.2998046875,30199.900390625,8441.25,8969.5498046875,11460.900390625,2815.64990234375,14975.75,231.39999389648438,2997.949951171875,2097.25,2931.449951171875,15382.099609375
2019-02-04,27186.283203125,15754.7998046875,30008.900390625,8395.5498046875,8811.900390625,11492.650390625,2794.449951171875,15215.349609375,229.10000610351562,2944.199951171875,2068.25,2916.75,15441.25
2019-02-05,27271.3828125,15738.7001953125,29759.849609375,8468.2998046875,8800.599609375,11519.5498046875,2768.300048828125,15198.9501953125,223.9499969482422,2925.64990234375,2115.14990234375,2910.199951171875,15491.0
2019-02-06,27402.03125,16055.599609375,30029.0,8567.400390625,8906.900390625,11610.150390625,2832.949951171875,15394.150390625,225.10000610351562,2932.10009765625,2201.199951171875,2951.5,15541.75
2019-02-07,27386.83203125,16085.849609375,30266.30078125,8736.7001953125,9056.150390625,11606.5,2835.800048828125,15225.099609375,224.9499969482422,2922.5,2256.64990234375,2940.60009765625,15552.849609375
2019-02-08,27294.083984375,16019.7998046875,29769.05078125,8420.349609375,8984.849609375,11540.25,2740.5,15013.650390625,226.64999389648438,2884.5,2214.35009765625,2895.800048828125,15493.5
2019-02-11,27227.484375,16099.0498046875,29728.5,8320.2998046875,8838.0,11488.75,2725.199951171875,14762.900390625,224.35000610351562,2861.199951171875,2243.60009765625,2845.39990234375,15449.25
2019-02-12,27010.435546875,15938.650390625,29524.0,8278.099609375,8904.9501953125,11368.7998046875,2767.949951171875,14802.150390625,221.1999969482422,2854.64990234375,2273.5,2799.60009765625,15331.0498046875
2019-02-14,26970.28515625,15861.650390625,29451.44921875,8223.349609375,8920.900390625,11304.75,2733.64990234375,14335.099609375,223.10000610351562,2818.0,2338.10009765625,2748.800048828125,15386.400390625
2019-02-15,26793.939453125,15815.599609375,29309.099609375,8132.5498046875,8643.2998046875,11213.900390625,2677.10009765625,14618.4501953125,222.5500030517578,2856.199951171875,2309.949951171875,2694.39990234375,15299.0498046875
2019-02-18,26653.939453125,15659.0,28965.150390625,8067.7001953125,8573.9501953125,11148.25,2652.0,14433.7998046875,224.25,2851.64990234375,2325.75,2660.800048828125,15233.400390625
2019-02-19,26684.5390625,15333.5,29009.69921875,8073.39990234375,8552.7001953125,11158.099609375,2689.699951171875,14411.0498046875,228.10000610351562,2851.64990234375,2357.25,2696.300048828125,15239.7998046875
2019-02-20,26955.1875,15609.4501953125,29053.400390625,8121.5,8606.349609375,11287.7001953125,2765.0,14679.150390625,228.6999969482422,2900.800048828125,2361.199951171875,2742.64990234375,15376.0498046875
2019-02-21,27052.0859375,15588.900390625,29166.349609375,8156.75,8706.349609375,11386.7998046875,2796.14990234375,14796.7998046875,229.60000610351562,2906.75,2387.0,2756.25,15430.25
2019-02-22,26867.23828125,15684.7001953125,29241.19921875,8278.9501953125,8772.599609375,11319.75,2842.199951171875,14777.0498046875,233.14999389648438,2917.449951171875,2394.85009765625,2777.39990234375,15310.4501953125
2019-02-25,27158.93359375,16003.7001953125,29327.05078125,8371.4501953125,8816.2001953125,11406.7001953125,2852.10009765625,14762.9501953125,231.4499969482422,2897.60009765625,2388.699951171875,2770.949951171875,15481.5
2019-02-26,26952.63671875,15989.599609375,29253.650390625,8399.099609375,8829.4501953125,11294.849609375,2854.89990234375,14695.599609375,227.64999389648438,2889.64990234375,2465.64990234375,2729.699951171875,15378.2001953125
2019-02-27,26798.990234375,15902.099609375,29171.94921875,8420.0498046875,8866.2001953125,11234.099609375,2846.85009765625,14689.0498046875,228.0,2900.050048828125,2443.949951171875,2743.85009765625,15284.599609375
2019-02-28,26789.58984375,15732.0,29262.849609375,8355.150390625,8884.849609375,11227.400390625,2871.60009765625,14818.5,230.25,2917.699951171875,2465.449951171875,2760.800048828125,15291.349609375
2019-03-01,27043.5859375,15848.2998046875,29464.900390625,8413.650390625,8972.650390625,11308.150390625,2922.699951171875,14857.849609375,230.35000610351562,2942.64990234375,2544.60009765625,2832.0,15437.7001953125
2019-03-05,27553.73046875,15664.099609375,29649.19921875,8676.599609375,9054.650390625,11500.5498046875,3000.199951171875,15108.599609375,234.9499969482422,2979.550048828125,2566.300048828125,2895.800048828125,15756.75
2019-03-06,27625.330078125,15735.0498046875,29710.30078125,8651.75,9155.0,11581.2001953125,3021.300048828125,15363.0498046875,236.85000610351562,3009.050048828125,2532.800048828125,2911.050048828125,15806.7998046875
2019-03-07,27764.27734375,15582.099609375,29904.05078125,8635.7001953125,9045.650390625,11613.7998046875,2992.85009765625,15348.349609375,236.0500030517578,3032.800048828125,2486.050048828125,2952.050048828125,15842.7001953125
2019-03-08,27761.478515625,15408.7001953125,29945.75,8582.599609375,9021.849609375,11619.599609375,2947.949951171875,15352.5498046875,236.5,3038.550048828125,2461.25,2937.300048828125,15845.400390625
2019-03-11,27966.326171875,15388.5,30256.400390625,8782.7001953125,9155.0498046875,11721.0498046875,3028.85009765625,15770.9501953125,238.64999389648438,3111.85009765625,2481.550048828125,3006.949951171875,15960.25
2019-03-12,28443.369140625,15384.5498046875,30480.80078125,8802.900390625,9274.7998046875,11895.4501953125,3043.050048828125,15991.150390625,244.89999389648438,3168.75,2534.449951171875,3001.25,16257.900390625
2019-03-13,28883.96484375,15342.900390625,30451.599609375,8767.5498046875,9100.25,12034.150390625,2985.75,16041.7998046875,246.35000610351562,3142.64990234375,2482.64990234375,3050.60009765625,16463.25
2019-03-14,28922.763671875,15260.4501953125,30467.30078125,8725.5,9184.900390625,12027.2998046875,3002.050048828125,16024.9501953125,251.8000030517578,3142.64990234375,2491.75,3041.89990234375,16507.0
2019-03-15,29381.107421875,15546.599609375,29953.400390625,8748.0498046875,9221.75,12206.400390625,3008.25,16046.2001953125,251.60000610351562,3173.25,2503.949951171875,3098.949951171875,16769.349609375
2019-03-18,29595.755859375,15359.4501953125,30172.30078125,8627.0498046875,9204.9501953125,12269.9501953125,3028.39990234375,16333.150390625,258.70001220703125,3164.10009765625,2521.550048828125,3117.89990234375,16915.55078125
2019-03-19,29767.50390625,15495.5498046875,30433.150390625,8567.0498046875,9244.599609375,12314.849609375,3027.39990234375,16593.900390625,259.0,3171.949951171875,2539.35009765625,3176.300048828125,17001.900390625
2019-03-20,29831.8515625,15599.25,30297.349609375,8445.099609375,9264.5,12351.0498046875,2996.10009765625,16397.400390625,265.29998779296875,3162.5,2453.550048828125,3190.050048828125,16986.19921875
2019-03-22,29582.15625,15551.099609375,30198.849609375,8336.599609375,9199.349609375,12261.599609375,2983.199951171875,16152.2998046875,266.95001220703125,3185.89990234375,2409.800048828125,3124.199951171875,16879.099609375
2019-03-25,29280.859375,15416.849609375,29921.44921875,8238.5498046875,9170.150390625,12136.099609375,2949.64990234375,16147.900390625,261.79998779296875,3158.85009765625,2343.35009765625,3082.60009765625,16664.349609375
2019-03-26,29881.802734375,15356.599609375,29957.80078125,8287.25,9245.0,12323.4501953125,2980.60009765625,16541.349609375,264.04998779296875,3190.10009765625,2363.39990234375,3178.949951171875,17012.349609375
2019-03-27,30019.451171875,15339.400390625,29891.349609375,8215.349609375,9148.7998046875,12302.849609375,2982.10009765625,16330.099609375,262.8500061035156,3165.39990234375,2385.64990234375,3229.39990234375,17108.55078125
2019-03-28,30420.197265625,15566.75,30243.25,8234.25,9199.400390625,12474.349609375,2973.699951171875,16384.5,266.6499938964844,3197.60009765625,2468.64990234375,3346.25,17336.75
2019-04-01,30326.1484375,15840.650390625,30193.150390625,8414.349609375,9375.400390625,12499.650390625,3102.300048828125,16532.099609375,267.20001220703125,3238.64990234375,2481.0,3384.85009765625,17225.25
2019-04-02,30353.896484375,15988.400390625,30073.150390625,8504.2998046875,9296.9501953125,12538.599609375,3089.10009765625,16523.5,273.3999938964844,3249.10009765625,2459.449951171875,3425.10009765625,17226.69921875
2019-04-03,30092.951171875,15962.9501953125,29969.0,8480.650390625,9180.2998046875,12506.7998046875,3085.0,16258.650390625,272.6000061035156,3208.0,2401.85009765625,3332.10009765625,17101.5
2019-04-04,29904.552734375,15744.7998046875,29998.69921875,8536.349609375,9263.400390625,12499.7001953125,3071.89990234375,16120.599609375,272.3999938964844,3202.14990234375,2428.0,3318.199951171875,16961.599609375
2019-04-05,30084.30078125,15923.0498046875,29869.150390625,8564.599609375,9271.5498046875,12594.9501953125,3132.35009765625,16171.4501953125,276.0,3208.300048828125,2440.85009765625,3294.89990234375,17111.80078125
2019-04-08,29844.953125,16028.25,29804.44921875,8526.2998046875,9243.900390625,12504.0498046875,3101.699951171875,15983.2998046875,269.95001220703125,3207.64990234375,2415.800048828125,3258.699951171875,16971.94921875
2019-04-09,30113.5,16121.599609375,30019.25,8622.7998046875,9333.2998046875,12568.099609375,3133.64990234375,16068.25,273.75,3204.0,2410.75,3312.0,17146.05078125
2019-04-10,29803.154296875,15999.150390625,29994.94921875,8644.5,9407.900390625,12426.650390625,3105.199951171875,16026.900390625,276.8500061035156,3182.949951171875,2404.050048828125,3277.699951171875,16990.5
2019-04-11,29785.75390625,15874.75,30151.150390625,8690.0498046875,9391.150390625,12450.0,3067.449951171875,16159.150390625,274.8500061035156,3195.699951171875,2408.60009765625,3275.60009765625,16946.94921875
2019-04-12,29938.203125,15911.099609375,30533.69921875,8777.4501953125,9426.4501953125,12495.599609375,3071.60009765625,16169.75,275.70001220703125,3194.25,2442.85009765625,3302.25,17032.19921875
2019-04-15,30103.900390625,16113.7001953125,30547.400390625,8911.599609375,9417.75,12535.2998046875,3141.35009765625,16114.4501953125,280.25,3203.0,2433.25,3289.199951171875,17120.900390625
2019-04-16,30530.994140625,16084.900390625,30742.599609375,8983.5498046875,9417.7998046875,12663.2998046875,3149.89990234375,16203.5498046875,277.45001220703125,3240.699951171875,2433.89990234375,3280.10009765625,17411.0
2019-04-18,30223.048828125,16079.2998046875,30558.94921875,8972.650390625,9409.900390625,12567.2998046875,3109.85009765625,16336.25,270.3999938964844,3195.60009765625,2380.10009765625,3212.64990234375,17230.900390625
2019-04-22,29687.603515625,16150.599609375,30418.099609375,8813.900390625,9285.4501953125,12347.0498046875,3054.10009765625,15944.2998046875,263.70001220703125,3173.64990234375,2358.60009765625,3133.89990234375,16877.05078125
2019-04-23,29479.357421875,16166.2998046875,30495.05078125,8682.900390625,9388.7998046875,12295.4501953125,3042.0,16010.7001953125,263.1499938964844,3145.14990234375,2361.75,3121.35009765625,16760.94921875
2019-04-24,29860.453125,16370.349609375,30631.25,8646.0498046875,9459.0,12466.849609375,3047.75,16305.75,264.8500061035156,3170.0,2390.35009765625,3169.5,16974.150390625
2019-04-25,29561.005859375,16352.7998046875,30371.30078125,8587.900390625,9442.5498046875,12344.7001953125,2991.10009765625,16243.5498046875,265.70001220703125,3143.39990234375,2379.550048828125,3119.89990234375,16817.150390625
2019-04-26,30013.150390625,16504.44921875,30440.75,8493.7998046875,9461.7001953125,12506.099609375,3046.64990234375,16431.5,264.3999938964844,3142.449951171875,2375.25,3162.0,17062.0
2019-04-30,29764.455078125,16705.400390625,30336.900390625,8350.599609375,9402.5,12555.4501953125,3089.10009765625,16500.0,258.29998779296875,3107.5,2408.75,3056.35009765625,16807.400390625
2019-05-02,29708.25390625,16403.69921875,30091.25,8333.849609375,9291.2998046875,12583.7998046875,3085.5,16499.05078125,258.6000061035156,3132.14990234375,2370.14990234375,3056.35009765625,16754.69921875
2019-05-03,29953.802734375,16092.9501953125,29750.55078125,8381.4501953125,9220.4501953125,12637.0,3081.25,16568.30078125,262.6499938964844,3150.35009765625,2349.050048828125,3089.60009765625,16893.650390625
2019-05-06,29618.10546875,16111.349609375,29575.849609375,8268.4501953125,9189.75,12477.400390625,3018.75,16503.150390625,258.79998779296875,3126.39990234375,2297.89990234375,3048.5,16695.19921875
2019-05-07,29287.859375,16135.75,29557.05078125,8206.25,9148.2001953125,12363.650390625,2980.39990234375,16231.2001953125,255.75,3108.300048828125,2234.949951171875,2981.300048828125,16509.099609375
2019-05-08,28994.0625,16061.599609375,29395.69921875,8095.89990234375,9003.349609375,12216.150390625,2959.5,15925.7998046875,250.35000610351562,3075.5,2133.64990234375,2940.10009765625,16356.349609375
2019-05-09,28884.263671875,16132.849609375,29474.80078125,8103.5,8976.900390625,12174.25,2917.10009765625,15635.4501953125,251.1999969482422,3043.75,2209.949951171875,2947.39990234375,16295.650390625
2019-05-10,29040.162109375,15949.599609375,29359.05078125,8093.2001953125,8944.599609375,12248.0,2872.5,15493.849609375,251.1999969482422,3052.75,2228.0,3022.5,16322.599609375
2019-05-13,28659.615234375,15955.2998046875,29061.0,7938.64990234375,8553.5,12179.9501953125,2820.85009765625,15172.099609375,246.39999389648438,2984.949951171875,2143.85009765625,2871.449951171875,16081.349609375
2019-05-14,28828.86328125,15762.75,29235.099609375,7955.5,8683.900390625,12225.900390625,2837.89990234375,15399.2998046875,248.3000030517578,3044.10009765625,2149.050048828125,2953.300048828125,16146.7001953125
2019-05-15,28616.1171875,15776.7998046875,29185.099609375,7856.85009765625,8595.75,12209.2998046875,2778.39990234375,15274.2998046875,249.10000610351562,2996.050048828125,2068.699951171875,2900.5,15998.400390625
2019-05-16,28854.96484375,15934.0,29228.69921875,7891.89990234375,8577.349609375,12325.5498046875,2810.85009765625,15530.9501953125,251.85000610351562,3010.39990234375,2115.550048828125,2912.35009765625,16103.25
2019-05-17,29449.80859375,15843.400390625,29962.150390625,8085.75,8448.9501953125,12640.7998046875,2807.25,15538.650390625,252.5500030517578,3032.14990234375,2190.25,2949.199951171875,16438.0
2019-05-20,30759.341796875,15968.2001953125,30547.650390625,8422.099609375,8505.9501953125,13222.4501953125,2899.14990234375,16240.400390625,267.0,3188.10009765625,2226.5,3181.449951171875,17130.5
2019-05-21,30308.048828125,15766.9501953125,30537.900390625,8209.4501953125,8488.25,13084.75,2854.25,16087.400390625,265.95001220703125,3151.89990234375,2174.89990234375,3141.39990234375,16874.30078125
2019-05-22,30526.4453125,15666.150390625,30247.650390625,8246.5498046875,8510.849609375,13156.0,2864.449951171875,16171.9501953125,266.95001220703125,3169.39990234375,2163.60009765625,3155.60009765625,17010.05078125
2019-05-23,30408.74609375,15538.849609375,29723.80078125,8216.900390625,8497.599609375,13028.349609375,2822.0,16129.099609375,268.20001220703125,3211.35009765625,2192.10009765625,3150.64990234375,16988.44921875
2019-05-24,31212.1875,15569.849609375,29965.400390625,8460.25,8608.4501953125,13304.349609375,2904.300048828125,16267.2998046875,280.1000061035156,3305.89990234375,2220.800048828125,3326.89990234375,17404.94921875
2019-05-27,31647.283203125,15556.650390625,30105.400390625,8462.2001953125,8525.0,13498.2001953125,2965.699951171875,16382.650390625,286.20001220703125,3380.050048828125,2202.300048828125,3394.949951171875,17629.05078125
2019-05-28,31597.533203125,15762.0498046875,30068.94921875,8398.2001953125,8513.849609375,13447.2001953125,2992.949951171875,16487.94921875,286.54998779296875,3356.89990234375,2245.85009765625,3370.550048828125,17617.599609375
2019-05-29,31295.1875,15865.599609375,30014.19921875,8281.900390625,8484.650390625,13361.5498046875,2937.300048828125,16325.9501953125,284.95001220703125,3316.25,2225.300048828125,3275.89990234375,17493.349609375
2019-05-30,31536.732421875,15997.349609375,30002.400390625,8235.7001953125,8474.7001953125,13515.9501953125,2924.5,16524.30078125,284.6000061035156,3353.699951171875,2226.39990234375,3289.25,17611.94921875
2019-05-31,31375.03515625,16160.650390625,29850.400390625,8175.5,8455.099609375,13479.7998046875,2900.39990234375,16560.349609375,283.95001220703125,3338.85009765625,2204.050048828125,3247.60009765625,17522.19921875
2019-06-03,31653.283203125,16360.5498046875,30278.75,8328.2001953125,8536.599609375,13636.099609375,2951.25,16760.150390625,286.75,3357.89990234375,2198.0,3265.550048828125,17689.19921875
2019-06-04,31588.68359375,16105.2001953125,30197.94921875,8300.2001953125,8432.9501953125,13610.2001953125,2956.39990234375,16642.05078125,285.70001220703125,3369.89990234375,2165.949951171875,3273.800048828125,17665.19921875
2019-06-06,30857.041015625,16012.099609375,30057.400390625,8226.4501953125,8279.099609375,13345.7001953125,2923.050048828125,16334.5498046875,280.70001220703125,3321.0,2131.949951171875,3113.5,17261.349609375
2019-06-07,31066.189453125,16109.849609375,29971.44921875,8192.0,8179.60009765625,13466.849609375,2906.949951171875,16231.150390625,279.3500061035156,3316.699951171875,2131.449951171875,3107.89990234375,17368.69921875
2019-06-10,31033.638671875,16362.400390625,30360.900390625,8216.650390625,8246.7001953125,13447.7998046875,2912.25,16125.0498046875,280.20001220703125,3338.800048828125,2095.35009765625,3060.300048828125,17343.30078125
2019-06-11,31265.0859375,16448.099609375,30311.30078125,8240.25,8243.5,13488.7001953125,2950.64990234375,16230.150390625,280.5,3339.5,2122.89990234375,3112.050048828125,17479.849609375
2019-06-12,30965.33984375,16425.94921875,30379.25,8146.9501953125,8179.14990234375,13362.5498046875,2962.10009765625,16202.0,274.75,3306.75,2109.64990234375,3099.14990234375,17300.900390625
2019-06-13,30975.740234375,16316.599609375,30354.55078125,8116.9501953125,8148.5498046875,13482.0498046875,2955.949951171875,16209.150390625,276.5,3322.050048828125,2134.0,3066.89990234375,17243.25
2019-06-14,30613.994140625,16268.2001953125,29966.099609375,8031.60009765625,8083.5498046875,13369.099609375,2944.89990234375,16117.400390625,270.70001220703125,3308.5,2086.14990234375,3056.25,17009.0
2019-06-17,30272.8984375,16228.2001953125,29703.900390625,7896.10009765625,7975.25,13215.5498046875,2860.5,15790.0498046875,267.1000061035156,3263.10009765625,2053.699951171875,3006.14990234375,16823.650390625
2019-06-18,30350.646484375,16322.5,29580.75,7859.35009765625,7916.9501953125,13229.849609375,2874.89990234375,15904.2001953125,267.29998779296875,3272.10009765625,2051.199951171875,3012.449951171875,16854.69921875
2019-06-19,30361.74609375,16282.7001953125,29585.400390625,7772.2001953125,7790.5,13274.599609375,2886.300048828125,15887.150390625,270.25,3261.5,2058.550048828125,2985.14990234375,16846.849609375
2019-06-20,30780.7421875,16316.9501953125,29651.44921875,7965.4501953125,8029.0,13437.9501953125,2940.10009765625,16081.0,275.45001220703125,3325.699951171875,2076.949951171875,3065.60009765625,17101.400390625
2019-06-21,30627.994140625,16189.400390625,29423.849609375,7868.25,7911.5498046875,13323.2998046875,2930.199951171875,15951.400390625,274.1499938964844,3306.35009765625,2047.699951171875,3085.550048828125,16984.19921875
2019-06-24,30601.6953125,16187.400390625,29464.19921875,7832.2998046875,7902.0,13308.7998046875,2892.449951171875,15782.099609375,271.5,3315.25,2038.050048828125,3093.35009765625,16951.900390625
2019-06-25,30846.69140625,16214.4501953125,29552.599609375,7878.25,7947.2001953125,13419.650390625,2942.64990234375,16092.849609375,274.04998779296875,3332.550048828125,2043.449951171875,3126.550048828125,17084.30078125
2019-06-26,31161.98828125,16101.75,29524.099609375,7883.5498046875,8086.2998046875,13531.75,3022.949951171875,16191.900390625,278.1499938964844,3376.5,2053.949951171875,3185.35009765625,17253.400390625
2019-06-27,31269.13671875,15991.7998046875,29486.80078125,7971.4501953125,8088.0,13595.25,3014.199951171875,16142.0,283.45001220703125,3376.39990234375,2049.64990234375,3184.300048828125,17314.349609375
2019-06-28,31104.837890625,15936.4501953125,29546.05078125,7928.0498046875,8065.14990234375,13556.400390625,2980.199951171875,16046.7998046875,284.79998779296875,3369.199951171875,2039.800048828125,3205.64990234375,17197.0
2019-07-01,31371.833984375,15916.7001953125,29600.400390625,8029.14990234375,8178.7998046875,13695.7001953125,2977.949951171875,15964.0,291.79998779296875,3388.949951171875,2092.75,3218.10009765625,17358.900390625
2019-07-02,31282.9375,16074.099609375,29710.94921875,8045.64990234375,8101.64990234375,13742.75,2993.35009765625,16121.7001953125,287.5,3406.699951171875,2089.35009765625,3200.60009765625,17259.5
2019-07-03,31381.935546875,15927.650390625,29812.650390625,8039.5,8092.2001953125,13764.099609375,2992.14990234375,16175.5,289.8999938964844,3425.85009765625,2111.75,3255.64990234375,17330.900390625
2019-07-04,31471.484375,15942.400390625,29889.44921875,8077.2001953125,8046.7998046875,13804.0,2962.5,16203.650390625,292.54998779296875,3437.550048828125,2103.60009765625,3297.300048828125,17377.30078125
2019-07-05,31475.435546875,15550.0498046875,29973.25,7849.10009765625,7926.5,13798.599609375,2851.25,15818.400390625,282.1000061035156,3373.449951171875,2053.14990234375,3303.35009765625,17353.5
2019-07-08,30603.494140625,15376.0,29594.650390625,7593.2998046875,7801.75,13398.4501953125,2791.199951171875,15379.9501953125,272.25,3268.0,1986.300048828125,3108.449951171875,16926.30078125
2019-07-09,30568.794921875,15254.5,29321.30078125,7593.2998046875,8012.0498046875,13368.7998046875,2788.050048828125,15587.5,279.95001220703125,3314.10009765625,1984.3499755859375,3151.64990234375,16902.55078125
2019-07-10,30521.744140625,15168.599609375,29154.05078125,7511.14990234375,8009.5,13314.349609375,2756.449951171875,15466.400390625,275.54998779296875,3267.35009765625,1980.449951171875,3117.300048828125,16902.75
2019-07-11,30716.193359375,15214.2998046875,29293.650390625,7650.9501953125,8110.0498046875,13404.9501953125,2805.25,15547.650390625,279.1000061035156,3281.39990234375,2057.14990234375,3170.89990234375,16990.150390625
2019-07-12,30601.09375,15227.400390625,29252.0,7653.64990234375,8144.2998046875,13365.9501953125,2826.300048828125,15432.5498046875,280.54998779296875,3249.699951171875,2066.10009765625,3178.60009765625,16913.19921875
2019-07-15,30445.595703125,15662.0498046875,29079.900390625,7674.25,8231.849609375,13362.9501953125,2823.0,15411.5,280.25,3215.050048828125,2056.35009765625,3097.35009765625,16811.25
2019-07-16,30570.4453125,15580.4501953125,29366.599609375,7727.10009765625,8347.9501953125,13422.9501953125,2847.35009765625,15650.150390625,285.54998779296875,3256.25,2053.35009765625,3142.39990234375,16868.25
2019-07-17,30735.142578125,15676.0,29614.25,7648.14990234375,8330.75,13485.2998046875,2848.800048828125,15518.0,286.04998779296875,3241.14990234375,2067.449951171875,3177.550048828125,16891.0
2019-07-18,30430.24609375,15498.5,29553.900390625,7438.7001953125,8223.150390625,13500.2001953125,2778.60009765625,15256.650390625,281.70001220703125,3194.199951171875,2072.199951171875,3076.5,16707.849609375
2019-07-19,29770.00390625,15383.650390625,29027.55078125,7192.75,8040.10009765625,13234.400390625,2741.85009765625,15223.099609375,277.54998779296875,3171.10009765625,2020.0999755859375,3018.10009765625,16298.349609375
2019-07-22,29284.609375,15448.25,28714.94921875,7220.25,8120.85009765625,12897.0,2788.10009765625,15419.900390625,273.6499938964844,3177.800048828125,2058.050048828125,3001.550048828125,16061.9501953125
2019-07-23,29127.76171875,15493.400390625,28990.900390625,7176.64990234375,8063.64990234375,12804.0,2778.75,15456.650390625,276.3500061035156,3192.949951171875,2062.5,2908.050048828125,16037.099609375
2019-07-24,28951.9140625,15380.75,28992.5,7036.7001953125,7920.64990234375,12785.650390625,2712.949951171875,15275.7001953125,273.45001220703125,3149.0,2097.300048828125,2857.699951171875,15899.7998046875
2019-07-25,29042.712890625,15474.650390625,28983.55078125,7010.5498046875,8094.35009765625,12805.2001953125,2686.39990234375,15061.4501953125,273.79998779296875,3128.39990234375,2119.89990234375,2831.14990234375,15963.099609375
2019-07-26,29324.958984375,15348.0498046875,29142.30078125,7161.5,8178.89990234375,12880.0498046875,2692.449951171875,14920.75,274.3999938964844,3137.14990234375,2133.35009765625,2863.199951171875,16161.349609375
2019-07-29,29295.560546875,15400.849609375,28974.94921875,6905.7001953125,8039.7998046875,12827.25,2611.89990234375,14764.2001953125,271.8500061035156,3079.10009765625,2063.35009765625,2848.5,16151.2998046875
2019-07-30,28791.265625,15501.650390625,28864.599609375,6763.75,7877.75,12714.099609375,2527.0,14496.2998046875,268.04998779296875,3076.550048828125,2016.5999755859375,2709.449951171875,15852.900390625
2019-07-31,28875.6640625,15620.2001953125,29065.94921875,6851.64990234375,7987.5,12707.2998046875,2588.14990234375,14559.4501953125,267.45001220703125,3086.64990234375,1957.800048828125,2756.25,15917.0498046875
2019-08-01,28366.919921875,15332.099609375,28925.349609375,6856.10009765625,7878.75,12494.099609375,2507.050048828125,14590.0,264.54998779296875,3048.14990234375,1896.800048828125,2683.949951171875,15687.400390625
2019-08-02,28204.62109375,15422.099609375,28930.75,6933.75,7868.2001953125,12500.5,2459.10009765625,14433.9501953125,262.6000061035156,3060.14990234375,1870.6500244140625,2655.64990234375,15636.400390625
2019-08-05,27647.728515625,15518.5498046875,28777.55078125,6844.60009765625,7807.9501953125,12329.5498046875,2415.35009765625,14040.7001953125,257.8999938964844,3019.800048828125,1807.5,2609.60009765625,15342.7001953125
2019-08-06,28021.7734375,15514.7998046875,28847.349609375,6942.4501953125,7818.5,12521.349609375,2448.050048828125,14016.849609375,262.45001220703125,3070.800048828125,1786.0999755859375,2647.050048828125,15586.25
2019-08-07,27701.728515625,15583.349609375,28814.55078125,6792.60009765625,7879.75,12411.650390625,2389.449951171875,13819.150390625,258.70001220703125,3044.60009765625,1819.9000244140625,2558.199951171875,15462.5
2019-08-08,28110.123046875,15867.9501953125,29131.80078125,6998.4501953125,7964.7998046875,12581.2001953125,2418.800048828125,14122.5498046875,263.5,3072.0,1845.5,2602.550048828125,15660.349609375
2019-08-09,28431.5703125,15821.349609375,29302.19921875,7137.39990234375,7924.0498046875,12774.849609375,2398.0,14155.400390625,265.6499938964844,3070.300048828125,1832.75,2596.199951171875,15852.75
2019-08-13,27728.77734375,15424.400390625,28728.5,6855.75,7851.9501953125,12394.0,2355.89990234375,14423.9501953125,263.0,2958.60009765625,1811.550048828125,2526.89990234375,15447.650390625
2019-08-14,28018.873046875,15466.25,28839.599609375,6919.0498046875,7744.2998046875,12509.599609375,2411.050048828125,14564.5,264.3500061035156,3005.75,1861.5,2565.39990234375,15612.599609375
2019-08-16,28216.671875,15365.349609375,28889.94921875,6998.4501953125,7684.2998046875,12543.7001953125,2402.050048828125,14594.7001953125,265.1000061035156,3021.050048828125,1859.0999755859375,2603.60009765625,15760.5498046875
2019-08-19,28185.771484375,15415.150390625,28837.5,6959.14990234375,7741.35009765625,12532.400390625,2391.35009765625,14593.099609375,266.75,3033.10009765625,1871.4000244140625,2581.949951171875,15777.25
2019-08-20,27982.123046875,15597.75,28669.849609375,7040.5,7749.7001953125,12450.400390625,2351.14990234375,14439.599609375,263.79998779296875,3012.64990234375,1866.050048828125,2521.25,15638.4501953125
2019-08-21,27718.728515625,15578.150390625,28399.099609375,7001.85009765625,7677.25,12356.4501953125,2283.199951171875,14221.4501953125,258.54998779296875,2963.14990234375,1839.050048828125,2446.949951171875,15475.400390625
2019-08-22,27033.884765625,15632.0,28396.150390625,6882.10009765625,7670.85009765625,12049.900390625,2203.60009765625,13897.2001953125,242.60000610351562,2928.10009765625,1782.4000244140625,2354.699951171875,15088.25
2019-08-23,26958.337890625,15816.599609375,28257.099609375,6988.35009765625,7780.5498046875,12080.2998046875,2278.64990234375,14286.099609375,244.5500030517578,2949.60009765625,1856.9000244140625,2402.550048828125,15023.5498046875
2019-08-26,27951.025390625,15890.2001953125,28707.80078125,7022.75,7824.2998046875,12563.650390625,2256.64990234375,14406.650390625,253.6999969482422,3015.35009765625,1922.8499755859375,2488.449951171875,15571.900390625
2019-08-27,28125.82421875,15675.2998046875,28927.25,7152.9501953125,7812.10009765625,12646.349609375,2303.89990234375,14604.599609375,256.6000061035156,3038.0,1919.3499755859375,2550.800048828125,15654.75
2019-08-28,27803.978515625,15879.900390625,28815.0,7018.5498046875,7738.64990234375,12575.25,2226.449951171875,14445.0,262.70001220703125,3006.449951171875,1921.300048828125,2517.300048828125,15434.0
2019-08-29,27304.8828125,15884.5498046875,28751.80078125,6970.14990234375,7912.5,12341.099609375,2254.35009765625,14440.650390625,263.79998779296875,3013.25,1892.1500244140625,2449.449951171875,15191.0
2019-08-30,27427.53125,16010.400390625,29257.349609375,7009.2998046875,8072.0498046875,12418.150390625,2289.949951171875,14382.25,267.20001220703125,3001.14990234375,1914.6500244140625,2474.39990234375,15309.2001953125
2019-09-03,26823.837890625,15984.900390625,28766.900390625,6897.75,7976.4501953125,12134.9501953125,2218.949951171875,13972.150390625,261.1499938964844,2924.449951171875,1865.0,2353.800048828125,14950.9501953125
2019-09-04,27123.53515625,16032.5,28725.650390625,6782.0498046875,7967.64990234375,12260.349609375,2254.64990234375,14052.650390625,260.70001220703125,2955.75,1853.8499755859375,2375.699951171875,15063.5
2019-09-05,26919.38671875,16030.9501953125,28710.0,6921.75,8071.75,12122.75,2313.60009765625,14338.7998046875,256.0,2991.300048828125,1883.3499755859375,2375.89990234375,14950.5498046875
2019-09-06,27247.583984375,16034.5498046875,28649.75,7102.4501953125,8068.75,12235.900390625,2357.699951171875,14591.400390625,254.3000030517578,3025.10009765625,1905.8499755859375,2381.300048828125,15161.099609375
2019-09-09,27504.330078125,15919.400390625,28845.650390625,7165.35009765625,8077.89990234375,12341.900390625,2360.050048828125,14617.849609375,256.0,3068.050048828125,1912.050048828125,2419.699951171875,15309.0
2019-09-11,27775.876953125,15701.7998046875,28759.349609375,7423.60009765625,8082.89990234375,12382.099609375,2414.550048828125,14585.099609375,266.6000061035156,3074.550048828125,1911.5,2495.0,15463.7001953125
2019-09-12,27818.17578125,15583.25,28575.19921875,7284.0,8102.14990234375,12422.25,2410.60009765625,14404.650390625,264.25,3059.0,1902.699951171875,2505.550048828125,15465.2001953125
2019-09-13,28098.423828125,15722.900390625,28592.05078125,7360.60009765625,8033.0498046875,12513.0,2444.10009765625,14727.150390625,268.1000061035156,3071.199951171875,1917.0,2511.800048828125,15621.0498046875
2019-09-16,27854.67578125,15743.150390625,28751.75,7300.64990234375,8070.64990234375,12397.7001953125,2440.550048828125,14533.4501953125,265.54998779296875,3045.550048828125,1922.449951171875,2479.550048828125,15499.599609375
2019-09-17,27131.435546875,15625.650390625,28675.30078125,7020.75,7933.85009765625,12111.0498046875,2375.85009765625,14336.150390625,255.64999389648438,2995.0,1876.1500244140625,2388.550048828125,15107.25
2019-09-18,27172.333984375,15702.2998046875,28752.150390625,7012.10009765625,7923.4501953125,12116.2001953125,2402.64990234375,14489.5498046875,259.3999938964844,3004.25,1867.949951171875,2413.39990234375,15096.5
2019-09-19,26757.33984375,15522.4501953125,28575.599609375,6920.60009765625,7799.60009765625,12001.25,2363.449951171875,14281.9501953125,255.39999389648438,2983.5,1785.6500244140625,2359.14990234375,14824.900390625
2019-09-20,28981.21484375,15491.099609375,29835.349609375,7605.85009765625,7983.5498046875,12859.849609375,2497.64990234375,14859.0498046875,265.29998779296875,3121.050048828125,1845.8499755859375,2522.85009765625,16050.75
2019-09-23,30565.84375,15040.650390625,31120.099609375,7802.64990234375,7857.25,13560.25,2526.199951171875,14999.5,272.79998779296875,3212.800048828125,1858.949951171875,2583.35009765625,16960.599609375
2019-09-24,30182.748046875,15338.650390625,31312.400390625,7773.25,7891.9501953125,13398.349609375,2485.10009765625,15100.849609375,269.20001220703125,3175.25,1862.800048828125,2522.85009765625,16799.5
2019-09-25,29585.70703125,15379.900390625,30925.94921875,7470.4501953125,7789.7001953125,13141.2998046875,2419.75,15179.2001953125,260.95001220703125,3155.75,1826.199951171875,2380.800048828125,16576.849609375
2019-09-26,30002.25,15312.900390625,31027.69921875,7659.75,7857.2998046875,13288.25,2520.449951171875,15446.900390625,267.79998779296875,3204.35009765625,1870.949951171875,2398.199951171875,16835.0
2019-09-27,29876.302734375,15236.400390625,31026.0,7554.25,7695.2998046875,13282.650390625,2453.949951171875,15383.4501953125,261.70001220703125,3186.050048828125,1838.4000244140625,2376.35009765625,16711.5
2019-09-30,29102.8125,15540.150390625,31134.5,7493.14990234375,7547.75,13017.2998046875,2439.85009765625,15501.599609375,258.75,3208.39990234375,1800.0,2294.10009765625,16252.2998046875
2019-10-01,28725.166015625,15300.25,30801.349609375,7464.10009765625,7466.4501953125,12995.5,2397.050048828125,15386.349609375,248.10000610351562,3164.199951171875,1722.1500244140625,2207.449951171875,16030.0
2019-10-03,28413.76953125,15277.9501953125,30791.0,7493.75,7461.75,12847.75,2326.550048828125,15592.7001953125,251.1999969482422,3171.199951171875,1771.300048828125,2209.25,15867.5
2019-10-04,27731.52734375,15340.2998046875,30327.150390625,7404.89990234375,7396.89990234375,12593.25,2297.199951171875,15525.099609375,248.14999389648438,3131.39990234375,1707.8499755859375,2173.699951171875,15517.7001953125
2019-10-07,27767.228515625,15246.75,30218.099609375,7355.4501953125,7148.9501953125,12589.150390625,2269.949951171875,15331.599609375,245.25,3094.199951171875,1729.5999755859375,2150.35009765625,15554.900390625
2019-10-09,28785.515625,15128.75,30269.150390625,7460.75,7235.60009765625,12970.4501953125,2317.699951171875,15469.9501953125,250.25,3151.449951171875,1734.699951171875,2217.0,16095.0
2019-10-10,28013.123046875,15093.7998046875,30147.19921875,7359.64990234375,7235.60009765625,12721.7998046875,2283.35009765625,15579.2998046875,244.9499969482422,3172.0,1712.3499755859375,2151.75,15640.5498046875
2019-10-11,28042.173828125,15321.900390625,30416.19921875,7397.0498046875,7278.4501953125,12769.349609375,2337.10009765625,15510.5,247.3000030517578,3176.300048828125,1707.25,2166.75,15639.650390625
2019-10-14,28181.62109375,15277.75,30591.0,7520.35009765625,7361.7001953125,12791.2001953125,2360.199951171875,15610.2001953125,252.0500030517578,3200.550048828125,1718.25,2158.25,15722.900390625
2019-10-15,28554.767578125,15208.400390625,30927.900390625,7688.25,7420.64990234375,12904.599609375,2397.050048828125,15782.849609375,253.6999969482422,3222.35009765625,1740.800048828125,2167.39990234375,15927.75
2019-10-16,28538.46875,15344.9501953125,30899.0,7673.7998046875,7475.35009765625,12978.400390625,2388.300048828125,15833.349609375,256.3500061035156,3235.699951171875,1752.25,2152.199951171875,15932.2001953125
2019-10-17,28989.111328125,15281.900390625,31331.900390625,7914.0,7533.4501953125,13144.75,2410.949951171875,15976.599609375,257.8500061035156,3257.89990234375,1780.699951171875,2216.85009765625,16204.2001953125
2019-10-18,29119.912109375,15410.099609375,31501.44921875,7964.75,7608.14990234375,13213.4501953125,2456.0,16183.7001953125,262.79998779296875,3300.800048828125,1762.800048828125,2248.64990234375,16254.7998046875
2019-10-22,29410.80859375,14688.650390625,31659.400390625,7936.64990234375,7746.14990234375,13344.4501953125,2442.85009765625,16268.900390625,263.8500061035156,3297.300048828125,1757.0999755859375,2261.050048828125,16402.400390625
2019-10-23,29459.2578125,14833.349609375,31899.55078125,8036.60009765625,7761.85009765625,13398.650390625,2436.85009765625,16122.5,261.54998779296875,3262.5,1735.0999755859375,2307.949951171875,16377.5
2019-10-24,29107.611328125,14781.5,31752.80078125,8012.39990234375,7728.14990234375,13334.2998046875,2419.550048828125,16116.2998046875,263.95001220703125,3271.35009765625,1724.1500244140625,2225.199951171875,16218.4501953125
2019-10-25,29395.607421875,14898.849609375,31685.599609375,7986.35009765625,7736.5498046875,13346.7998046875,2410.85009765625,16071.650390625,264.8999938964844,3253.10009765625,1732.3499755859375,2300.39990234375,16280.4501953125
2019-10-29,29872.703125,15181.400390625,31950.75,8449.75,7824.60009765625,13516.349609375,2518.300048828125,16318.400390625,267.29998779296875,3283.300048828125,1738.9000244140625,2326.5,16605.30078125
2019-10-30,29987.15234375,15395.650390625,32274.099609375,8428.900390625,7819.35009765625,13539.7998046875,2514.25,16463.80078125,265.8500061035156,3313.39990234375,1728.9000244140625,2413.39990234375,16596.349609375
2019-10-31,30065.900390625,15559.400390625,32319.75,8449.5,7878.14990234375,13516.4501953125,2500.75,16486.150390625,269.0,3322.550048828125,1786.800048828125,2506.300048828125,16561.0
2019-11-01,30330.19921875,15471.2001953125,32449.849609375,8392.900390625,7949.4501953125,13585.2998046875,2561.75,16381.0498046875,271.1499938964844,3302.449951171875,1924.8499755859375,2542.449951171875,16730.150390625
2019-11-04,30332.74609375,15591.2998046875,32255.69921875,8280.349609375,7966.85009765625,13671.099609375,2642.14990234375,16373.5,269.6000061035156,3309.5,1865.949951171875,2560.35009765625,16710.05078125
2019-11-05,30219.498046875,15533.4501953125,32361.44921875,8256.150390625,7879.5498046875,13669.400390625,2616.949951171875,16274.7998046875,267.70001220703125,3290.449951171875,1839.0,2539.10009765625,16584.19921875
2019-11-06,30609.244140625,15561.2998046875,32393.0,8258.849609375,7926.35009765625,13828.4501953125,2633.449951171875,16209.099609375,274.04998779296875,3286.89990234375,1832.800048828125,2520.300048828125,16833.69921875
2019-11-07,30632.794921875,15624.400390625,32535.900390625,8239.900390625,7966.0,13894.900390625,2659.050048828125,16194.650390625,276.45001220703125,3286.85009765625,1839.199951171875,2484.10009765625,16876.19921875
2019-11-08,30749.04296875,15383.2998046875,31947.5,8169.64990234375,7787.39990234375,13868.650390625,2612.949951171875,15911.0,281.04998779296875,3254.60009765625,1825.8499755859375,2437.050048828125,16996.25
2019-11-11,31115.189453125,15308.5498046875,31802.55078125,8159.0,7784.89990234375,13969.099609375,2610.10009765625,15934.650390625,283.3999938964844,3254.199951171875,1878.9000244140625,2461.050048828125,17220.0
2019-11-13,30541.1953125,15240.9501953125,31582.44921875,8150.2001953125,7660.4501953125,13806.400390625,2556.64990234375,15962.650390625,278.29998779296875,3236.5,1793.8499755859375,2383.699951171875,16915.650390625
2019-11-14,30749.591796875,15388.75,31439.44921875,8190.89990234375,7591.4501953125,13947.349609375,2506.60009765625,15905.0,277.6499938964844,3219.10009765625,1791.949951171875,2379.39990234375,17014.400390625
2019-11-15,31008.0390625,15310.650390625,31289.69921875,8153.89990234375,7720.60009765625,14021.0,2498.800048828125,15856.650390625,276.95001220703125,3237.949951171875,1801.0,2457.35009765625,17065.69921875
2019-11-18,30991.740234375,15295.25,31165.25,8119.0,7816.5498046875,14002.7001953125,2539.64990234375,15883.2001953125,277.8999938964844,3248.39990234375,1815.699951171875,2492.449951171875,17056.650390625
2019-11-19,31235.88671875,15304.849609375,30972.94921875,8063.9501953125,7851.4501953125,14008.900390625,2517.949951171875,16114.4501953125,278.04998779296875,3298.10009765625,1804.8499755859375,2589.25,17167.44921875
2019-11-20,31353.484375,15318.5,31089.349609375,8083.7998046875,8107.60009765625,13982.2001953125,2524.89990234375,16337.400390625,273.95001220703125,3325.35009765625,1863.199951171875,2572.25,17296.599609375
2019-11-21,31349.583984375,15293.9501953125,30893.55078125,8004.64990234375,8068.9501953125,14019.2001953125,2470.449951171875,16085.4501953125,275.45001220703125,3301.25,1939.1500244140625,2564.64990234375,17255.80078125
2019-11-22,31111.23828125,14995.900390625,30809.55078125,8034.9501953125,8067.2001953125,13952.099609375,2521.14990234375,16221.400390625,275.8500061035156,3301.300048828125,1978.550048828125,2559.64990234375,17142.650390625
2019-11-25,31555.533203125,15100.599609375,31085.599609375,8174.75,8211.5498046875,14155.75,2602.0,16274.0498046875,280.70001220703125,3344.0,1960.449951171875,2601.199951171875,17390.19921875
2019-11-26,31717.98046875,14922.150390625,31055.349609375,8099.89990234375,8177.85009765625,14207.4501953125,2580.550048828125,16176.0498046875,278.1000061035156,3304.300048828125,1889.3499755859375,2579.699951171875,17496.5
2019-11-27,31875.578125,15022.150390625,31221.94921875,8202.849609375,8246.099609375,14266.0498046875,2602.85009765625,16271.849609375,276.29998779296875,3311.0,1881.9000244140625,2625.300048828125,17556.44921875
2019-11-28,32122.576171875,15121.7998046875,31263.400390625,8179.75,8273.650390625,14287.0,2656.85009765625,16367.0498046875,279.29998779296875,3340.800048828125,1881.199951171875,2716.949951171875,17698.80078125
2019-11-29,31945.728515625,14998.0498046875,30975.5,8086.0,8189.9501953125,14208.849609375,2625.5,16232.150390625,282.04998779296875,3323.300048828125,1834.9000244140625,2669.85009765625,17641.44921875
2019-12-02,31871.078125,14852.0,30889.5,8012.75,8128.9501953125,14163.0498046875,2632.64990234375,16258.5,281.04998779296875,3333.5,1826.3499755859375,2646.75,17630.25
2019-12-03,31612.982421875,14920.75,30677.5,7964.25,8044.85009765625,14140.4501953125,2564.199951171875,16111.650390625,284.79998779296875,3291.949951171875,1783.300048828125,2570.949951171875,17466.5
2019-12-04,31978.9296875,15175.150390625,30705.55078125,7996.5498046875,8121.5,14246.5498046875,2604.0,16031.5,285.3500061035156,3275.25,1797.5999755859375,2621.14990234375,17666.900390625
2019-12-05,31712.580078125,15367.5,30795.099609375,7941.7998046875,8051.85009765625,14194.0498046875,2543.949951171875,15930.099609375,285.8500061035156,3256.199951171875,1850.6500244140625,2573.85009765625,17527.849609375
2019-12-06,31341.185546875,15289.599609375,30536.44921875,7806.60009765625,7957.5498046875,14041.849609375,2535.85009765625,15811.75,283.3999938964844,3238.25,1787.4000244140625,2460.85009765625,17358.25
2019-12-09,31316.287109375,15157.150390625,30375.0,7863.2998046875,7960.35009765625,14092.400390625,2551.699951171875,15950.5,280.45001220703125,3247.85009765625,1775.800048828125,2458.25,17357.44921875
2019-12-10,31159.98828125,14946.5498046875,30059.0,7801.35009765625,7940.5,14071.599609375,2515.89990234375,15682.650390625,277.8999938964844,3214.449951171875,1741.3499755859375,2418.800048828125,17237.05078125
2019-12-11,31256.38671875,15130.2998046875,30102.44921875,7838.39990234375,7967.85009765625,14166.849609375,2509.550048828125,15834.099609375,280.5,3222.199951171875,1752.6500244140625,2417.35009765625,17303.94921875
2019-12-12,31665.08203125,14972.650390625,30227.94921875,7941.7001953125,8045.35009765625,14292.900390625,2568.800048828125,15949.9501953125,282.8999938964844,3240.25,1758.0999755859375,2471.199951171875,17497.900390625
2019-12-13,32013.876953125,15200.5498046875,30426.25,8069.7001953125,8045.0498046875,14410.4501953125,2626.75,16068.0498046875,287.6499938964844,3267.14990234375,1765.699951171875,2570.699951171875,17668.150390625
2019-12-16,31973.828125,15348.75,30043.099609375,7990.7998046875,8025.85009765625,14417.599609375,2591.10009765625,15974.2001953125,289.3500061035156,3243.85009765625,1755.0,2555.25,17646.150390625
2019-12-17,32139.876953125,15637.150390625,30182.05078125,8039.89990234375,7999.60009765625,14554.5,2665.75,15975.5498046875,288.6000061035156,3268.550048828125,1772.0999755859375,2567.39990234375,17732.05078125
2019-12-18,32243.875,15710.650390625,30291.05078125,8082.35009765625,8091.10009765625,14618.9501953125,2687.64990234375,15956.849609375,290.54998779296875,3263.449951171875,1766.0,2512.85009765625,17836.849609375
2019-12-19,32241.07421875,15812.9501953125,30386.099609375,8165.5,8073.0498046875,14571.4501953125,2691.10009765625,16112.900390625,290.3999938964844,3283.25,1766.449951171875,2513.699951171875,17824.150390625
2019-12-20,32384.572265625,15844.5498046875,30356.349609375,8133.5498046875,8049.4501953125,14625.7998046875,2707.5,16081.150390625,291.95001220703125,3285.0,1787.800048828125,2570.89990234375,17833.94921875
2019-12-23,32339.07421875,15865.5,30217.94921875,8180.5,8051.5,14648.7998046875,2706.35009765625,15971.599609375,290.70001220703125,3270.699951171875,1803.199951171875,2536.39990234375,17840.599609375
2019-12-24,32280.375,15778.2001953125,30197.55078125,8152.60009765625,8073.7998046875,14603.7001953125,2723.14990234375,15861.2998046875,291.95001220703125,3253.199951171875,1797.300048828125,2532.449951171875,17840.69921875
2019-12-26,31997.328125,15706.4501953125,30063.55078125,8129.64990234375,7997.60009765625,14523.7001953125,2739.0,15705.2998046875,291.3999938964844,3219.449951171875,1797.8499755859375,2495.60009765625,17689.19921875
2019-12-27,32411.97265625,15780.7001953125,30145.44921875,8205.900390625,8068.0498046875,14679.349609375,2760.35009765625,15944.9501953125,296.1000061035156,3261.800048828125,1815.550048828125,2568.449951171875,17888.400390625
2019-12-30,32354.5234375,15775.0,30225.349609375,8325.400390625,8083.10009765625,14650.599609375,2796.5,15962.150390625,296.45001220703125,3271.199951171875,1830.300048828125,2537.199951171875,17884.5
2019-12-31,32161.27734375,15652.400390625,30121.5,8248.2998046875,8040.14990234375,14557.400390625,2801.300048828125,15908.2001953125,298.54998779296875,3255.300048828125,1803.5999755859375,2524.35009765625,17767.599609375
2020-01-01,32102.52734375,15722.150390625,,8210.099609375,8047.10009765625,14574.2001953125,2796.050048828125,15987.7998046875,297.8500061035156,3263.25,1794.199951171875,2526.39990234375,
2020-01-02,32443.47265625,15709.650390625,30266.19921875,8267.4501953125,8053.9501953125,14697.5,2869.89990234375,16128.5,301.0,3311.949951171875,1800.6500244140625,2576.699951171875,17913.650390625
2020-01-03,32068.876953125,15936.599609375,30109.25,8168.14990234375,8111.9501953125,14560.7001953125,2848.35009765625,16054.7998046875,299.6499938964844,3294.25,1760.5,2524.300048828125,17731.25
2020-01-06,31236.787109375,15879.7998046875,29799.30078125,7978.75,7987.35009765625,14202.5,2765.75,15737.0498046875,292.3999938964844,3237.14990234375,1717.3499755859375,2414.64990234375,17298.900390625
2020-01-07,31399.03515625,15895.2001953125,29861.80078125,8002.5,8036.5,14314.75,2785.89990234375,15793.75,298.04998779296875,3256.699951171875,1735.1500244140625,2416.64990234375,17384.5
2020-01-08,31373.28515625,15953.4501953125,29893.19921875,7942.75,7996.14990234375,14306.650390625,2767.25,15664.9501953125,297.04998779296875,3242.5,1726.5999755859375,2401.85009765625,17371.349609375
2020-01-09,32092.02734375,15925.150390625,30123.599609375,8155.25,8033.14990234375,14590.099609375,2806.800048828125,15900.349609375,305.1499938964844,3298.5,1767.949951171875,2459.85009765625,17760.5
2020-01-10,32097.02734375,15959.900390625,30370.44921875,8225.5,8058.5,14609.650390625,2840.75,15940.150390625,310.6499938964844,3310.800048828125,1770.6500244140625,2461.39990234375,17729.25
2020-01-13,32177.27734375,16225.900390625,30713.44921875,8235.849609375,8078.4501953125,14635.0498046875,2874.10009765625,16043.349609375,317.1499938964844,3332.64990234375,1784.800048828125,2468.699951171875,17811.05078125
2020-01-14,32071.27734375,16362.349609375,31145.400390625,8289.2998046875,8117.0,14667.2001953125,2900.64990234375,16053.25,316.75,3330.89990234375,1822.199951171875,2462.35009765625,17727.25
2020-01-15,31824.53125,16346.849609375,31237.099609375,8385.349609375,8166.2001953125,14636.0498046875,2921.449951171875,16019.0,320.8999938964844,3332.699951171875,1837.0,2463.300048828125,17572.30078125
2020-01-16,31853.529296875,16381.650390625,31338.19921875,8395.900390625,8203.099609375,14655.349609375,2884.800048828125,15974.400390625,323.79998779296875,3335.89990234375,1863.5,2465.800048828125,17584.80078125
2020-01-17,31590.283203125,16356.599609375,31371.44921875,8427.599609375,8345.2998046875,14561.7998046875,2864.64990234375,16077.650390625,324.1499938964844,3359.85009765625,1870.0999755859375,2451.85009765625,17444.349609375
2020-01-20,31080.2890625,16207.150390625,31426.75,8352.7001953125,8269.349609375,14359.650390625,2835.85009765625,15854.849609375,325.79998779296875,3339.25,1835.699951171875,2414.89990234375,17161.19921875
2020-01-21,30947.19140625,16175.2001953125,31145.94921875,8245.900390625,8274.2001953125,14305.7001953125,2799.949951171875,15776.9501953125,321.1499938964844,3335.5,1876.5,2412.800048828125,17099.599609375
2020-01-22,30701.091796875,16334.5498046875,31153.150390625,8169.14990234375,8256.650390625,14178.5,2756.75,15534.599609375,320.8500061035156,3321.64990234375,1909.0,2410.0,16931.900390625
2020-01-23,31003.689453125,16474.400390625,31226.900390625,8241.75,8300.2001953125,14288.4501953125,2769.25,15704.849609375,327.6499938964844,3366.89990234375,1871.8499755859375,2437.89990234375,17075.849609375
2020-01-24,31241.38671875,16472.75,31474.900390625,8274.849609375,8294.0498046875,14420.400390625,2796.199951171875,15674.650390625,328.6499938964844,3385.949951171875,1889.9000244140625,2446.300048828125,17202.19921875
2020-01-27,30837.041015625,16393.55078125,31149.69921875,8258.150390625,8416.349609375,14234.7001953125,2709.75,15489.25,326.79998779296875,3357.449951171875,1882.449951171875,2391.25,17009.599609375
2020-01-28,30761.04296875,16429.75,31027.05078125,8156.0498046875,8420.25,14273.099609375,2642.25,15363.349609375,326.95001220703125,3317.64990234375,1861.0,2370.64990234375,16966.099609375
2020-01-29,30876.640625,16479.30078125,31426.25,8220.400390625,8412.7998046875,14346.7998046875,2665.85009765625,15451.900390625,328.5,3330.39990234375,1868.050048828125,2378.14990234375,17006.849609375
2020-01-30,30647.044921875,16327.900390625,30936.44921875,8181.4501953125,8237.0498046875,14289.9501953125,2628.89990234375,15244.7998046875,327.1499938964844,3298.64990234375,1845.0,2346.75,16869.80078125
2020-01-31,30833.2421875,16144.150390625,30775.30078125,8086.5498046875,8138.60009765625,14316.900390625,2569.0,14838.7998046875,331.04998779296875,3252.0,1835.300048828125,2366.050048828125,16936.349609375
2020-02-03,30022.900390625,16059.900390625,30435.30078125,7988.35009765625,7967.5498046875,13822.2998046875,2510.949951171875,14499.75,310.0,3183.0,1779.199951171875,2221.85009765625,16605.150390625
2020-02-04,30686.341796875,16350.849609375,30744.0,8100.7998046875,8122.39990234375,14218.7998046875,2594.25,14953.7998046875,318.6000061035156,3253.75,1782.199951171875,2241.14990234375,16932.25
2020-02-05,31001.58984375,16448.55078125,30934.400390625,8131.7001953125,8125.60009765625,14407.7998046875,2665.39990234375,15099.150390625,326.3999938964844,3291.14990234375,1764.699951171875,2252.39990234375,17086.349609375
2020-02-06,31303.6875,16371.150390625,30736.599609375,8142.14990234375,8227.900390625,14545.75,2688.75,15228.7998046875,326.25,3317.10009765625,1792.3499755859375,2316.050048828125,17250.5
2020-02-07,31201.5859375,16470.150390625,30809.5,8064.60009765625,8341.849609375,14502.400390625,2710.800048828125,15189.9501953125,320.29998779296875,3292.800048828125,1827.25,2313.199951171875,17181.5
2020-02-10,31057.7890625,16431.94921875,30528.44921875,7860.5498046875,8261.25,14496.75,2628.89990234375,15025.5,317.1000061035156,3262.199951171875,1798.0999755859375,2290.449951171875,17081.25
2020-02-11,31300.236328125,16452.30078125,30414.55078125,7892.39990234375,8324.650390625,14589.5498046875,2651.75,15233.4501953125,317.79998779296875,3281.10009765625,1827.449951171875,2293.39990234375,17201.75
2020-02-12,31492.53515625,16538.099609375,30986.25,7933.7998046875,8265.0498046875,14685.400390625,2668.25,15234.2001953125,315.20001220703125,3290.14990234375,1824.199951171875,2249.25,17318.94921875
2020-02-13,31229.88671875,16673.05078125,31039.30078125,7914.89990234375,8335.7001953125,14578.849609375,2651.60009765625,15191.25,313.79998779296875,3281.85009765625,1834.8499755859375,2256.300048828125,17083.0
2020-02-14,30834.443359375,16642.75,30646.75,7822.2001953125,8331.7001953125,14477.4501953125,2613.60009765625,15048.650390625,310.29998779296875,3279.89990234375,1832.5,2211.199951171875,16871.44921875
2020-02-17,30680.341796875,16647.69921875,30481.05078125,7770.5,8204.849609375,14370.25,2586.699951171875,14816.4501953125,305.70001220703125,3247.550048828125,1812.25,2145.64990234375,16808.849609375
2020-02-18,30562.14453125,16748.75,30360.599609375,7692.2998046875,8198.2998046875,14315.7001953125,2556.050048828125,14789.849609375,302.8500061035156,3229.699951171875,1845.9000244140625,2128.199951171875,16689.400390625
2020-02-19,30837.83984375,16772.5,30835.0,7687.35009765625,8378.650390625,14520.25,2591.050048828125,15057.2001953125,306.20001220703125,3271.449951171875,1882.0,2147.550048828125,16838.69921875
2020-02-20,30942.490234375,16649.400390625,30636.25,7697.89990234375,8364.349609375,14510.400390625,2612.25,14987.650390625,306.25,3259.10009765625,1871.699951171875,2168.949951171875,16895.0
2020-02-24,30454.74609375,16461.80078125,30147.599609375,7429.10009765625,8115.5498046875,14236.150390625,2469.60009765625,14627.4501953125,299.75,3187.85009765625,1829.5999755859375,2109.199951171875,16631.349609375
2020-02-25,30432.345703125,16562.5,30173.19921875,7366.0,7938.4501953125,14236.099609375,2470.35009765625,14455.849609375,302.54998779296875,3159.0,1817.25,2109.60009765625,16589.30078125
2020-02-26,30306.498046875,16332.25,29965.55078125,7207.9501953125,7839.2001953125,14132.7001953125,2430.0,14189.7001953125,297.5,3116.5,1803.9000244140625,2096.60009765625,16495.19921875
2020-02-27,30186.6484375,16123.7998046875,29981.19921875,7178.85009765625,7885.14990234375,14086.0498046875,2410.050048828125,14069.0498046875,290.29998779296875,3102.5,1760.550048828125,2049.10009765625,16470.69921875
2020-02-28,29146.8125,15212.9501953125,29310.25,6903.9501953125,7576.75,13566.4501953125,2246.050048828125,13651.0,280.54998779296875,3011.25,1670.699951171875,1945.5999755859375,15953.599609375
2020-03-02,28868.064453125,15427.650390625,29138.900390625,6856.89990234375,7535.10009765625,13520.0,2197.60009765625,13419.0498046875,279.6499938964844,2972.35009765625,1594.699951171875,1857.5999755859375,15861.5498046875
2020-03-03,29176.7109375,15723.2001953125,29406.19921875,6986.64990234375,7920.60009765625,13636.9501953125,2320.75,13863.7001953125,284.1499938964844,3044.800048828125,1647.6500244140625,1881.199951171875,16054.9501953125
2020-03-04,28653.365234375,15864.2998046875,29223.75,6938.85009765625,8086.5498046875,13439.5,2304.300048828125,13876.650390625,281.04998779296875,3024.64990234375,1617.6500244140625,1865.9000244140625,15761.599609375
2020-03-05,28815.015625,15871.349609375,29530.5,6953.75,8146.0,13472.75,2284.85009765625,13743.650390625,277.8500061035156,3014.699951171875,1606.300048828125,1891.9000244140625,15853.4501953125
2020-03-06,27801.126953125,15663.5,28937.0,6895.0,8018.2998046875,13082.5,2183.89990234375,13342.599609375,269.75,2949.550048828125,1527.1500244140625,1794.800048828125,15259.5
2020-03-09,26462.29296875,14854.900390625,28056.5,6632.14990234375,7756.4501953125,12522.2001953125,2020.050048828125,12480.2998046875,260.0,2791.64990234375,1425.5999755859375,1688.3499755859375,14480.400390625
2020-03-11,26487.4921875,14681.400390625,28078.75,6568.4501953125,7623.0498046875,12560.4501953125,1986.949951171875,12398.7001953125,255.25,2787.699951171875,1454.300048828125,1635.949951171875,14548.0
2020-03-12,23970.87109375,13384.849609375,26083.0,6033.39990234375,6942.5498046875,11454.7998046875,1800.5999755859375,11204.900390625,230.3000030517578,2561.89990234375,1304.1500244140625,1420.6500244140625,13232.2998046875
2020-03-13,25166.15625,13539.099609375,26208.0,6182.0,7268.0,12101.599609375,1903.3499755859375,11721.25,235.85000610351562,2674.89990234375,1282.3499755859375,1573.25,13740.5498046875
2020-03-16,23100.8828125,12451.349609375,24707.650390625,5843.7001953125,6959.35009765625,11123.400390625,1730.5999755859375,11017.4501953125,216.14999389648438,2499.85009765625,1226.050048828125,1497.4000244140625,12557.099609375
2020-03-17,22154.892578125,12099.25,24929.849609375,5803.85009765625,6979.10009765625,10613.599609375,1710.449951171875,10960.2998046875,211.0,2469.699951171875,1153.1500244140625,1490.3499755859375,12053.0498046875
2020-03-18,20579.9609375,11753.0,24186.5,5516.5,6705.75,9800.2998046875,1664.199951171875,10466.900390625,197.75,2335.449951171875,1141.0,1480.5,11069.650390625
2020-03-19,20083.265625,11340.0,23970.75,5180.5,6655.5,9598.349609375,1574.199951171875,10042.9501953125,191.1999969482422,2241.5,1086.9000244140625,1438.8499755859375,10789.75
2020-03-20,20317.36328125,12363.4501953125,25931.599609375,5370.14990234375,6951.89990234375,9871.9501953125,1692.8499755859375,10910.099609375,196.39999389648438,2396.64990234375,1128.949951171875,1463.449951171875,10927.900390625
2020-03-23,16917.453125,11179.599609375,23184.05078125,4626.5,6432.2998046875,8298.5,1496.449951171875,9850.5,174.10000610351562,2107.949951171875,1015.4000244140625,1277.75,8974.2998046875
2020-03-24,17107.1015625,11865.0498046875,23935.30078125,4693.35009765625,6611.0498046875,8418.7001953125,1502.4000244140625,10024.0,170.64999389648438,2125.14990234375,1031.699951171875,1305.3499755859375,9050.5
2020-03-25,18480.8359375,12233.349609375,24471.69921875,4936.14990234375,6695.5498046875,9203.2998046875,1541.199951171875,10558.5,175.10000610351562,2261.699951171875,1055.449951171875,1327.550048828125,9775.849609375
2020-03-26,19613.671875,12535.599609375,25680.099609375,5061.2998046875,6775.0,9698.5498046875,1542.949951171875,10640.7001953125,185.8000030517578,2335.199951171875,1067.5,1335.1500244140625,10556.2001953125
2020-03-27,19968.767578125,12569.099609375,25740.44921875,4938.7001953125,6813.0498046875,9754.2998046875,1554.8499755859375,10626.2998046875,185.0500030517578,2315.0,1055.4000244140625,1339.6500244140625,10738.150390625
2020-03-30,18782.181640625,12318.7998046875,25831.55078125,4669.14990234375,6896.0,9030.650390625,1507.699951171875,10401.099609375,171.60000610351562,2250.699951171875,1021.8499755859375,1295.449951171875,10089.400390625
2020-03-31,19143.77734375,12763.650390625,27319.19921875,4731.2998046875,7176.5,9317.2998046875,1585.9000244140625,11124.150390625,175.5,2360.5,1039.949951171875,1324.8499755859375,10173.7001953125
2020-04-01,18208.138671875,12045.849609375,26358.80078125,4657.5498046875,7026.7001953125,8942.5498046875,1553.550048828125,10771.900390625,172.10000610351562,2283.60009765625,1001.25,1283.0999755859375,9685.099609375
2020-04-03,17249.099609375,11680.0498046875,26537.75,4517.75,7361.60009765625,8562.099609375,1522.9000244140625,10888.400390625,172.0500030517578,2280.449951171875,987.2000122070312,1232.300048828125,9157.099609375
2020-04-07,19062.279296875,12588.9501953125,28745.30078125,4951.5498046875,8124.85009765625,9278.2998046875,1637.0,11667.75,183.0,2444.050048828125,1045.5,1261.8499755859375,10169.400390625
2020-04-08,18946.228515625,12491.5498046875,28839.900390625,5043.60009765625,8412.2001953125,9243.4501953125,1624.8499755859375,11685.150390625,180.5,2439.39990234375,1064.25,1261.25,10158.400390625
2020-04-09,19913.3671875,12728.5498046875,28953.19921875,5568.4501953125,8800.4501953125,9803.0,1705.449951171875,11987.0,185.75,2520.14990234375,1105.449951171875,1302.3499755859375,10695.0
2020-04-13,19487.7734375,12603.099609375,28509.849609375,5432.10009765625,9044.349609375,9500.650390625,1738.4000244140625,11830.650390625,176.6999969482422,2543.10009765625,1068.550048828125,1276.949951171875,10500.900390625
2020-04-15,19056.830078125,12702.599609375,29686.94921875,5333.0,9038.7998046875,9239.349609375,1752.9000244140625,11721.900390625,179.9499969482422,2538.300048828125,1078.5999755859375,1270.8499755859375,10278.9501953125
2020-04-16,19399.775390625,12463.599609375,29512.30078125,5394.14990234375,9199.2998046875,9392.599609375,1779.75,11978.75,181.3000030517578,2573.85009765625,1106.949951171875,1289.0,10442.650390625
2020-04-17,20681.208984375,12649.25,29202.349609375,5668.89990234375,9157.75,9905.5498046875,1816.5,12281.150390625,187.8000030517578,2624.89990234375,1144.4000244140625,1315.199951171875,11212.099609375
2020-04-20,20522.412109375,12847.650390625,28598.099609375,5591.0,9149.2001953125,9930.650390625,1756.449951171875,12402.0498046875,188.89999389648438,2618.550048828125,1137.949951171875,1370.1500244140625,11082.900390625
2020-04-21,19409.123046875,12408.849609375,28480.599609375,5294.0498046875,9381.650390625,9468.7998046875,1666.5999755859375,12090.5498046875,185.4499969482422,2565.25,1079.199951171875,1317.199951171875,10430.7001953125
2020-04-22,19701.62109375,12571.2998046875,29185.150390625,5426.85009765625,9377.0,9569.2001953125,1673.300048828125,12485.7998046875,184.0500030517578,2627.35009765625,1151.0,1315.9000244140625,10580.650390625
2020-04-23,20267.712890625,13128.2001953125,28786.25,5464.75,9388.900390625,9808.9501953125,1694.75,12438.7001953125,185.4499969482422,2619.10009765625,1163.800048828125,1311.1500244140625,10915.5498046875
2020-04-24,19586.421875,12816.2001953125,28636.69921875,5377.25,9518.4501953125,9431.849609375,1645.199951171875,12500.7998046875,177.6999969482422,2614.949951171875,1121.699951171875,1262.5999755859375,10542.599609375
2020-04-27,20080.916015625,13121.150390625,29052.55078125,5433.2001953125,9602.0498046875,9627.599609375,1666.5999755859375,12581.9501953125,180.10000610351562,2635.199951171875,1129.0999755859375,1267.699951171875,10857.5498046875
2020-04-28,20670.859375,13133.650390625,28778.150390625,5447.10009765625,9386.2001953125,9951.2001953125,1661.6500244140625,12547.7001953125,181.5,2632.550048828125,1134.9000244140625,1283.5999755859375,11243.5498046875
2020-04-29,21089.953125,13424.9501953125,28665.0,5543.75,9385.4501953125,10292.900390625,1723.800048828125,12611.5498046875,183.14999389648438,2664.35009765625,1165.949951171875,1315.5999755859375,11455.7001953125
2020-04-30,21534.25,14108.400390625,28669.30078125,5901.39990234375,9327.099609375,10570.7998046875,1859.9000244140625,13154.7001953125,187.3000030517578,2753.14990234375,1159.75,1326.050048828125,11743.4501953125
2020-05-04,19743.521484375,13454.25,27599.0,5476.2001953125,9364.599609375,9679.9501953125,1713.800048828125,12726.650390625,174.3000030517578,2666.60009765625,1108.550048828125,1246.199951171875,10733.650390625
2020-05-05,19271.525390625,13388.0498046875,27138.599609375,5451.89990234375,9181.5,9483.150390625,1693.6500244140625,12897.900390625,169.3000030517578,2670.300048828125,1097.25,1205.3499755859375,10526.9501953125
2020-05-06,19694.322265625,13394.7001953125,26630.19921875,5552.39990234375,9227.150390625,9727.0,1697.949951171875,12912.400390625,171.0,2689.85009765625,1097.5,1194.75,10787.099609375
2020-05-07,19491.57421875,13292.7001953125,26254.55078125,5519.0,9148.099609375,9575.75,1695.550048828125,12829.400390625,170.64999389648438,2677.39990234375,1097.9000244140625,1195.4000244140625,10692.599609375
2020-05-08,19352.67578125,13403.599609375,26759.80078125,5447.75,9343.349609375,9559.349609375,1676.550048828125,12896.7001953125,169.5500030517578,2697.85009765625,1105.0999755859375,1171.9000244140625,10613.4501953125
2020-05-11,18950.279296875,13593.5498046875,26667.80078125,5679.7001953125,9307.2998046875,9386.0498046875,1697.9000244140625,12920.150390625,171.10000610351562,2726.550048828125,1134.949951171875,1164.550048828125,10379.25
2020-05-12,18862.630859375,13687.75,26857.150390625,5708.9501953125,9246.650390625,9365.849609375,1717.550048828125,12664.400390625,172.4499969482422,2700.800048828125,1154.25,1166.800048828125,10310.75
2020-05-13,19634.720703125,13776.9501953125,26746.5,5844.60009765625,9147.75,9679.599609375,1760.5999755859375,12911.4501953125,178.39999389648438,2762.300048828125,1171.0999755859375,1238.050048828125,10718.900390625
2020-05-14,19068.279296875,13293.75,26933.650390625,5804.0498046875,9172.2001953125,9355.650390625,1715.050048828125,12485.9501953125,175.1999969482422,2706.85009765625,1158.4000244140625,1205.9000244140625,10444.75
2020-05-15,18833.73046875,13196.349609375,26958.650390625,5745.7001953125,9093.0,9291.599609375,1742.5999755859375,12615.4501953125,172.5,2729.0,1137.3499755859375,1186.0999755859375,10315.099609375
2020-05-18,17572.994140625,13314.400390625,26694.650390625,5430.0498046875,9092.650390625,8675.400390625,1673.5,12214.5498046875,163.3000030517578,2624.89990234375,1060.3499755859375,1116.050048828125,9603.2001953125
2020-05-19,17486.046875,13446.599609375,26895.75,5486.14990234375,9084.599609375,8715.25,1693.550048828125,12247.7001953125,162.14999389648438,2671.199951171875,1081.550048828125,1087.199951171875,9568.849609375
2020-05-20,17839.9921875,13517.400390625,27290.349609375,5603.7998046875,9456.7998046875,8983.5,1711.5,12508.5,165.75,2721.550048828125,1107.6500244140625,1092.449951171875,9764.849609375
2020-05-21,17734.892578125,13647.900390625,27887.099609375,5749.89990234375,9520.5498046875,8924.349609375,1742.9000244140625,12502.599609375,165.5,2725.449951171875,1127.1500244140625,1099.6500244140625,9697.4501953125
2020-05-22,17278.69921875,13842.650390625,27786.099609375,5767.0,9600.650390625,8651.7001953125,1710.449951171875,12463.5498046875,163.5500030517578,2720.14990234375,1140.1500244140625,1090.1500244140625,9421.5498046875
2020-05-26,17440.146484375,13574.9501953125,28122.30078125,5854.2998046875,9483.5,8673.650390625,1756.3499755859375,12519.5498046875,165.5,2724.449951171875,1137.6500244140625,1090.25,9511.2001953125
2020-05-27,18710.333984375,13952.900390625,28222.400390625,5896.9501953125,9463.7001953125,9181.5,1801.25,12715.9501953125,168.39999389648438,2759.75,1137.1500244140625,1127.300048828125,10220.4501953125
2020-05-28,19169.578125,14028.599609375,28451.599609375,6112.2998046875,9464.5,9426.650390625,1844.5,12845.0,172.6999969482422,2815.10009765625,1178.3499755859375,1122.949951171875,10505.400390625
2020-05-29,19297.025390625,14010.5,29296.94921875,6218.7998046875,9768.599609375,9527.0498046875,1879.8499755859375,13060.5,180.10000610351562,2845.14990234375,1177.8499755859375,1129.8499755859375,10583.150390625
2020-06-01,19959.66796875,14307.099609375,29571.30078125,6419.5,9802.099609375,9873.5,1952.5,13345.599609375,185.60000610351562,2885.89990234375,1219.3499755859375,1215.4000244140625,10925.5
2020-06-02,20529.9609375,14422.400390625,29359.849609375,6471.2998046875,9833.599609375,10187.9501953125,1956.0999755859375,13479.900390625,194.75,2912.449951171875,1259.4000244140625,1221.8499755859375,11275.0498046875
2020-06-03,20940.455078125,14361.7001953125,29527.0,6498.64990234375,9864.0498046875,10384.5,1952.699951171875,13519.5498046875,200.85000610351562,2922.949951171875,1267.25,1284.449951171875,11485.099609375
2020-06-04,20390.212890625,14627.4501953125,29621.55078125,6511.35009765625,10077.849609375,10110.849609375,1972.9000244140625,13704.599609375,197.35000610351562,2948.800048828125,1319.449951171875,1297.9000244140625,11128.7001953125
2020-06-05,21034.255859375,14627.4501953125,29542.0,6628.75,10081.2998046875,10334.849609375,2049.699951171875,13925.400390625,202.0,3002.449951171875,1388.9000244140625,1386.75,11399.7001953125
2020-06-08,21187.103515625,14894.599609375,29502.150390625,6610.5498046875,9939.099609375,10360.2001953125,2044.8499755859375,14140.5498046875,202.64999389648438,3002.60009765625,1365.800048828125,1370.5999755859375,11545.599609375
2020-06-09,20724.66015625,14737.849609375,29524.900390625,6577.7001953125,10122.0498046875,10163.349609375,2022.5,13894.900390625,202.64999389648438,2959.550048828125,1320.8499755859375,1347.9000244140625,11312.900390625
2020-06-10,21099.853515625,14842.0498046875,29503.19921875,6502.64990234375,10149.25,10280.4501953125,2010.800048828125,13954.2998046875,206.60000610351562,2970.199951171875,1316.4000244140625,1395.050048828125,11546.349609375
2020-06-11,20524.912109375,14619.4501953125,29092.44921875,6373.60009765625,9933.400390625,10035.7001953125,1954.8499755859375,13745.7001953125,202.3000030517578,2908.75,1298.800048828125,1340.8499755859375,11313.25
2020-06-12,20654.310546875,14402.75,29145.599609375,6559.39990234375,9982.7998046875,10111.75,1966.0999755859375,13855.75,204.64999389648438,2954.199951171875,1287.550048828125,1352.050048828125,11383.5
2020-06-15,19912.66796875,14396.7001953125,28701.80078125,6443.0,9989.0498046875,9817.900390625,1928.550048828125,13815.4501953125,198.5,2925.949951171875,1298.800048828125,1371.5,10946.2998046875
2020-06-16,20296.462890625,14450.7998046875,28575.349609375,6451.0498046875,9926.400390625,10089.9501953125,1955.9000244140625,13780.5498046875,196.85000610351562,2918.699951171875,1314.949951171875,1358.5999755859375,11155.0
2020-06-17,20201.515625,14478.4501953125,28431.75,6503.5,9977.2001953125,10007.099609375,1940.449951171875,13742.9501953125,198.35000610351562,2919.25,1337.449951171875,1353.0,11114.5498046875
2020-06-18,20956.056640625,14551.25,28648.69921875,6535.89990234375,9975.2998046875,10372.0,1998.6500244140625,14023.4501953125,200.14999389648438,2957.60009765625,1360.6500244140625,1387.5,11513.75
2020-06-19,21337.8515625,14499.7998046875,28709.44921875,6634.5,10002.150390625,10534.75,1997.550048828125,14535.25,212.9499969482422,3038.64990234375,1387.550048828125,1418.4000244140625,11680.25
2020-06-22,21708.09765625,14463.7001953125,28865.44921875,6729.10009765625,10218.349609375,10662.5498046875,2049.800048828125,14675.599609375,215.0500030517578,3062.300048828125,1417.050048828125,1473.5999755859375,11902.400390625
2020-06-23,22264.642578125,14680.400390625,29355.19921875,6789.2001953125,10360.7998046875,10881.400390625,2085.800048828125,14837.5498046875,221.25,3105.5,1449.199951171875,1523.9000244140625,12230.0498046875
2020-06-24,21426.55078125,14581.4501953125,29487.400390625,6742.7998046875,10110.5,10556.7001953125,2042.3499755859375,14603.650390625,215.39999389648438,3059.25,1406.6500244140625,1496.800048828125,11739.4501953125
2020-06-25,21505.900390625,14411.2001953125,30113.25,6737.85009765625,10193.150390625,10585.599609375,2030.800048828125,14505.2001953125,213.1999969482422,3038.39990234375,1401.0999755859375,1489.1500244140625,11782.599609375
2020-06-26,21591.80078125,14994.650390625,29757.05078125,6731.4501953125,10137.849609375,10588.4501953125,2043.3499755859375,14832.650390625,211.1999969482422,3078.5,1402.0999755859375,1503.199951171875,11854.599609375
2020-06-29,21358.751953125,14768.0,29971.650390625,6645.85009765625,10135.900390625,10533.2001953125,1989.5,14588.5,203.6999969482422,3042.64990234375,1367.0999755859375,1453.449951171875,11718.7001953125
2020-06-30,21369.90234375,14754.2998046875,30063.25,6719.14990234375,9985.150390625,10561.900390625,1991.3499755859375,14396.5498046875,202.64999389648438,3032.35009765625,1343.3499755859375,1427.9000244140625,11721.25
2020-07-01,21977.34375,14732.150390625,30232.5,6718.60009765625,9882.849609375,10843.25,1997.3499755859375,14474.349609375,201.1999969482422,3031.39990234375,1367.6500244140625,1479.699951171875,12042.2998046875
2020-07-02,21952.943359375,15122.5498046875,30316.19921875,6907.10009765625,9943.650390625,10906.75,2017.0,14625.2001953125,201.0500030517578,3059.5,1373.1500244140625,1478.4000244140625,12043.5
2020-07-03,21852.146484375,15285.900390625,30529.099609375,6971.0498046875,9963.400390625,10870.900390625,2008.5,14771.0498046875,203.10000610351562,3106.10009765625,1370.449951171875,1464.449951171875,11987.650390625
2020-07-06,22198.69140625,15464.9501953125,30647.650390625,7171.75,9901.25,11023.7001953125,2058.14990234375,14997.849609375,209.1999969482422,3141.14990234375,1376.5999755859375,1482.9000244140625,12175.650390625
2020-07-07,22627.736328125,15784.9501953125,30518.19921875,7199.5498046875,9878.0,11193.900390625,2022.5999755859375,14696.7001953125,207.75,3092.64990234375,1390.0,1477.800048828125,12499.0
2020-07-08,22584.388671875,15513.650390625,30773.900390625,7059.35009765625,9948.5,11129.25,2054.300048828125,14554.349609375,203.6999969482422,3060.35009765625,1368.25,1512.449951171875,12460.150390625
2020-07-09,22906.93359375,15535.9501953125,30671.75,7085.60009765625,9987.5498046875,11305.2998046875,2094.300048828125,14620.849609375,204.75,3081.89990234375,1374.550048828125,1530.550048828125,12606.5498046875
2020-07-10,22398.189453125,15565.2001953125,30821.150390625,7041.10009765625,10072.25,11091.2001953125,2078.199951171875,14698.5,206.10000610351562,3084.0,1367.8499755859375,1489.75,12306.5498046875
2020-07-13,22088.994140625,15819.2001953125,31214.900390625,7084.4501953125,10106.599609375,10919.900390625,2105.14990234375,14835.099609375,202.8000030517578,3111.949951171875,1376.449951171875,1465.25,12143.5
2020-07-14,21391.951171875,15640.5498046875,30932.849609375,6916.0,10155.0498046875,10652.0,2052.449951171875,14581.900390625,199.6999969482422,3071.5,1366.550048828125,1419.199951171875,11740.150390625
2020-07-15,21340.501953125,16459.849609375,31140.44921875,6931.0498046875,10210.75,10616.099609375,2055.75,14302.9501953125,195.60000610351562,3013.75,1343.449951171875,1399.75,11713.0
2020-07-16,21596.8984375,16926.05078125,31182.349609375,7015.89990234375,10382.2998046875,10708.2998046875,2070.64990234375,14339.900390625,195.60000610351562,3015.85009765625,1321.3499755859375,1405.9000244140625,11855.75
2020-07-17,21966.544921875,16821.349609375,31439.30078125,7137.2998046875,10472.150390625,10915.7001953125,2103.0,14942.25,196.39999389648438,3091.85009765625,1336.5999755859375,1431.5999755859375,12057.7998046875
2020-07-20,22321.58984375,17258.30078125,31536.349609375,7175.85009765625,10304.599609375,11093.2001953125,2106.0,14936.0,197.25,3104.25,1343.9000244140625,1442.0,12245.25
2020-07-21,22781.734375,17273.19921875,31280.25,7295.75,10153.7998046875,11317.900390625,2118.60009765625,15457.349609375,201.10000610351562,3156.75,1360.300048828125,1472.0999755859375,12489.4501953125
2020-07-22,22882.333984375,17076.05078125,31051.599609375,7203.9501953125,10175.2001953125,11290.400390625,2113.949951171875,15565.400390625,199.0500030517578,3155.75,1367.300048828125,1449.199951171875,12571.400390625
2020-07-23,23083.6328125,17045.19921875,31101.900390625,7301.0498046875,10322.150390625,11380.349609375,2131.39990234375,15803.25,201.85000610351562,3179.800048828125,1371.449951171875,1467.050048828125,12643.0498046875
2020-07-24,22661.787109375,17286.0,31018.849609375,7218.64990234375,10237.9501953125,11184.900390625,2087.5,15895.849609375,198.39999389648438,3175.89990234375,1348.9000244140625,1438.449951171875,12457.7998046875
2020-07-27,21848.49609375,17626.75,30819.75,7186.4501953125,10062.0498046875,10909.150390625,2094.39990234375,15903.0498046875,195.10000610351562,3172.85009765625,1331.949951171875,1393.75,12004.400390625
2020-07-28,22104.94140625,18042.75,30910.900390625,7416.89990234375,10128.0498046875,11057.0498046875,2141.300048828125,16001.9501953125,198.25,3219.0,1329.25,1398.25,12155.7001953125
2020-07-29,22076.34375,17880.5,30948.5,7330.25,10441.150390625,10989.9501953125,2160.75,15737.5498046875,198.3000030517578,3200.25,1326.550048828125,1419.300048828125,12147.400390625
2020-07-30,21646.59765625,18003.55078125,30696.400390625,7287.85009765625,10766.0498046875,10795.099609375,2135.14990234375,15439.0,198.14999389648438,3162.199951171875,1296.3499755859375,1391.8499755859375,11906.9501953125
2020-07-31,21639.798828125,18071.849609375,30872.44921875,7279.75,11148.900390625,10728.849609375,2147.300048828125,15309.150390625,201.0,3153.39990234375,1285.0999755859375,1411.5999755859375,11874.75
2020-08-03,21071.85546875,17965.80078125,30759.80078125,7240.25,11128.400390625,10467.2001953125,2156.14990234375,15055.5498046875,198.5500030517578,3113.199951171875,1271.949951171875,1420.5,11493.0
2020-08-04,21490.25,17808.0,30901.650390625,7353.9501953125,11316.9501953125,10706.0,2177.35009765625,15408.150390625,202.25,3167.64990234375,1320.300048828125,1420.199951171875,11725.2001953125
2020-08-05,21509.69921875,17869.80078125,30863.599609375,7489.10009765625,11263.75,10685.349609375,2263.800048828125,15328.2998046875,202.39999389648438,3178.60009765625,1335.3499755859375,1417.5,11749.25
2020-08-06,21642.34765625,18188.75,31287.599609375,7498.25,11403.650390625,10797.349609375,2294.75,15408.150390625,204.60000610351562,3176.89990234375,1336.699951171875,1412.949951171875,11827.400390625
2020-08-07,21753.748046875,18004.150390625,31490.599609375,7554.4501953125,11333.0,10823.099609375,2314.35009765625,15498.0498046875,203.9499969482422,3188.25,1336.0,1427.0,11930.400390625
2020-08-10,21899.99609375,18159.55078125,31621.75,7621.2998046875,11941.400390625,10913.7998046875,2332.0,15515.349609375,209.75,3199.14990234375,1339.75,1437.9000244140625,11969.900390625
2020-08-11,22226.94140625,18057.099609375,31767.75,7630.35009765625,11772.25,11030.2001953125,2370.64990234375,15588.25,208.60000610351562,3196.800048828125,1366.4000244140625,1438.8499755859375,12169.900390625
2020-08-12,22263.7421875,18066.0,31636.69921875,7785.0498046875,11590.25,10996.099609375,2354.800048828125,15549.0,207.0500030517578,3196.75,1398.8499755859375,1477.699951171875,12124.4501953125
2020-08-13,22196.091796875,18107.19921875,31668.150390625,7879.75,11477.9501953125,10978.2001953125,2380.64990234375,15540.5498046875,208.9499969482422,3216.800048828125,1418.1500244140625,1462.800048828125,12090.4501953125
2020-08-14,21679.1484375,18022.650390625,31237.94921875,7677.64990234375,11640.400390625,10758.4501953125,2405.800048828125,15394.9501953125,207.10000610351562,3183.199951171875,1399.8499755859375,1425.1500244140625,11831.9501953125
2020-08-17,21700.59765625,18223.599609375,31545.150390625,7865.5498046875,11595.349609375,10783.599609375,2464.25,15588.4501953125,209.14999389648438,3203.300048828125,1440.449951171875,1415.8499755859375,11882.25
2020-08-18,22170.341796875,18270.349609375,31726.150390625,7941.85009765625,11581.7001953125,10995.599609375,2507.5,15634.349609375,217.60000610351562,3241.10009765625,1471.5999755859375,1428.75,12143.5498046875
2020-08-19,22285.640625,18210.849609375,31586.05078125,7941.35009765625,11537.900390625,11042.349609375,2513.14990234375,15712.0,220.35000610351562,3256.550048828125,1550.5,1462.449951171875,12192.150390625
2020-08-20,21999.193359375,18126.099609375,31439.900390625,7911.60009765625,11540.900390625,10897.5,2538.89990234375,15960.9501953125,221.3000030517578,3253.39990234375,1598.6500244140625,1457.0999755859375,12032.5
2020-08-21,22299.33984375,18065.30078125,31604.400390625,7934.7001953125,11614.900390625,11025.75,2523.60009765625,16085.349609375,224.0500030517578,3260.75,1575.9000244140625,1483.75,12185.7998046875
2020-08-24,22832.734375,18010.94921875,31642.0,7948.39990234375,11572.25,11256.599609375,2526.10009765625,16071.0,221.8000030517578,3260.199951171875,1586.4000244140625,1486.800048828125,12484.5
2020-08-25,23091.8828125,17973.69921875,31460.30078125,7983.60009765625,11500.0,11358.9501953125,2507.5,15980.2001953125,217.0500030517578,3246.199951171875,1591.6500244140625,1506.75,12596.2998046875
2020-08-26,23413.927734375,18128.0,31408.44921875,8100.5,11484.5498046875,11416.7001953125,2527.800048828125,16115.0498046875,218.8000030517578,3249.10009765625,1632.1500244140625,1511.050048828125,12818.5
2020-08-27,23600.076171875,18102.650390625,31314.44921875,8183.0,11588.0498046875,11483.400390625,2531.050048828125,15996.099609375,232.8000030517578,3238.0,1640.699951171875,1527.550048828125,12936.849609375
2020-08-28,24523.515625,18122.0,31253.44921875,8111.85009765625,11622.900390625,11720.349609375,2520.35009765625,15970.75,233.10000610351562,3254.449951171875,1670.25,1601.800048828125,13501.900390625
2020-08-31,23754.07421875,17928.849609375,30595.150390625,7840.35009765625,11079.7998046875,11389.0,2420.60009765625,15605.25,222.75,3163.5,1572.5,1525.3499755859375,13052.25
2020-09-01,23811.72265625,17814.05078125,30988.150390625,7885.9501953125,11339.5,11493.599609375,2496.75,15673.0498046875,224.5,3202.89990234375,1594.1500244140625,1521.699951171875,13045.599609375
2020-09-02,23874.2734375,18077.0,31084.349609375,7976.9501953125,11404.25,11490.5498046875,2541.35009765625,15857.25,225.75,3235.89990234375,1648.5999755859375,1515.3499755859375,13126.9501953125
2020-09-03,23530.576171875,18348.55078125,31316.849609375,8049.5498046875,11511.849609375,11371.349609375,2527.300048828125,15734.75,225.3000030517578,3234.14990234375,1648.699951171875,1502.5,12946.0
2020-09-04,23011.232421875,18073.94921875,30828.650390625,7996.5498046875,11281.4501953125,11157.75,2451.35009765625,15434.7001953125,220.0500030517578,3171.050048828125,1645.5,1462.25,12671.400390625
2020-09-07,22944.783203125,18176.80078125,31003.849609375,7957.85009765625,11269.849609375,11143.5,2450.050048828125,15356.4501953125,218.0,3155.75,1653.5999755859375,1460.800048828125,12608.150390625
2020-09-08,22744.13671875,18395.75,30818.44921875,7888.0,11093.2001953125,11086.2001953125,2376.85009765625,15336.4501953125,214.25,3121.60009765625,1604.0,1437.800048828125,12495.2001953125
2020-09-09,22266.740234375,18261.5,30633.599609375,7903.10009765625,11304.099609375,10887.599609375,2397.199951171875,15365.849609375,211.0500030517578,3132.89990234375,1622.8499755859375,1396.5,12271.0
2020-09-10,22465.9375,18395.849609375,30778.75,7945.0,11303.400390625,10968.0498046875,2369.800048828125,15978.0498046875,212.25,3204.25,1644.5,1430.9000244140625,12392.2001953125
2020-09-11,22479.6875,18633.25,30972.25,7956.7998046875,11313.2998046875,10966.9501953125,2384.300048828125,15942.2998046875,214.9499969482422,3201.75,1629.949951171875,1442.199951171875,12372.400390625
2020-09-14,22100.9921875,19505.099609375,30760.5,8035.35009765625,11233.2998046875,10782.650390625,2387.050048828125,15829.150390625,222.9499969482422,3182.10009765625,1658.8499755859375,1435.0,12205.5
2020-09-15,22465.388671875,19627.30078125,30712.19921875,8033.5,11450.5,10925.9501953125,2385.550048828125,15898.599609375,221.35000610351562,3212.949951171875,1651.800048828125,1435.550048828125,12431.900390625
2020-09-16,22573.2890625,19770.349609375,30837.55078125,8156.2001953125,11688.5498046875,11016.099609375,2396.35009765625,15829.4501953125,226.35000610351562,3218.25,1625.5,1428.050048828125,12485.25
2020-09-17,22320.08984375,19817.69921875,30651.75,8128.64990234375,11735.9501953125,10881.150390625,2363.300048828125,15688.4501953125,222.5,3193.300048828125,1629.699951171875,1409.449951171875,12354.650390625
2020-09-18,22030.794921875,19827.099609375,30460.849609375,8161.7001953125,12320.900390625,10746.849609375,2362.199951171875,15777.099609375,226.75,3218.5,1631.5999755859375,1386.5999755859375,12207.9501953125
2020-09-21,21366.552734375,19729.0,29541.75,7832.2001953125,11799.5498046875,10527.2001953125,2240.35009765625,15366.2998046875,213.9499969482422,3123.550048828125,1557.949951171875,1328.4000244140625,11797.2998046875
2020-09-22,21138.853515625,19866.099609375,29312.400390625,7695.25,11876.849609375,10414.849609375,2213.949951171875,15064.900390625,210.0,3073.75,1517.5,1310.0,11634.400390625
2020-09-23,21178.25390625,19805.650390625,29322.349609375,7690.89990234375,11685.900390625,10426.5,2205.25,14956.599609375,211.64999389648438,3037.75,1481.5,1290.4000244140625,11658.849609375
2020-09-24,20456.611328125,18973.05078125,29044.94921875,7418.85009765625,11334.599609375,10134.7998046875,2111.85009765625,14548.4501953125,205.10000610351562,2960.300048828125,1435.449951171875,1240.25,11247.2998046875
2020-09-25,20982.10546875,19629.349609375,29633.5,7669.5,11595.900390625,10332.25,2172.64990234375,14826.2998046875,209.39999389648438,3049.800048828125,1484.75,1276.199951171875,11540.9501953125
2020-09-28,21665.248046875,19783.05078125,29886.19921875,7902.5498046875,11796.599609375,10591.349609375,2237.0,15210.2001953125,215.75,3111.300048828125,1555.550048828125,1318.800048828125,11951.099609375
2020-09-29,21411.052734375,19831.80078125,29434.80078125,7925.2001953125,11709.5,10561.900390625,2280.89990234375,15175.099609375,213.14999389648438,3099.75,1549.699951171875,1290.0,11799.349609375
2020-09-30,21451.55078125,19951.349609375,29841.75,7908.10009765625,11772.849609375,10622.400390625,2242.550048828125,15026.9501953125,211.89999389648438,3080.949951171875,1547.800048828125,1277.4000244140625,11816.650390625
2020-10-01,22245.7421875,20110.400390625,30009.55078125,7966.10009765625,11822.900390625,10949.599609375,2261.25,15049.7001953125,215.6999969482422,3101.14990234375,1591.0999755859375,1292.25,12302.2001953125
2020-10-05,22370.689453125,20809.0,30112.150390625,7957.9501953125,12024.0,10963.25,2318.85009765625,14999.0498046875,216.25,3085.25,1588.25,1290.4000244140625,12399.75
2020-10-06,22853.43359375,20896.75,30054.69921875,8058.10009765625,12009.4501953125,11308.900390625,2302.699951171875,14966.7998046875,221.85000610351562,3096.60009765625,1617.300048828125,1299.1500244140625,12683.5498046875
2020-10-07,22964.533203125,21017.400390625,30168.80078125,8170.0498046875,11915.0,11340.900390625,2267.75,14914.400390625,217.75,3108.550048828125,1576.25,1284.1500244140625,12753.2998046875
2020-10-08,23191.080078125,21697.25,30136.05078125,8183.7001953125,12209.2001953125,11433.5,2272.39990234375,14780.150390625,219.0,3108.449951171875,1568.4000244140625,1293.300048828125,12876.099609375
2020-10-09,23846.5234375,21837.650390625,29923.900390625,8163.5,12043.9501953125,11648.4501953125,2260.85009765625,14833.7998046875,215.4499969482422,3119.10009765625,1554.8499755859375,1333.4000244140625,13211.2001953125
2020-10-12,23712.525390625,22202.099609375,30024.25,8102.5,12154.5498046875,11589.900390625,2240.85009765625,14754.599609375,213.10000610351562,3100.39990234375,1518.1500244140625,1310.75,13131.599609375
2020-10-13,23491.92578125,22492.599609375,29926.69921875,8052.85009765625,11937.099609375,11480.9501953125,2249.64990234375,14911.9501953125,212.4499969482422,3108.5,1492.9000244140625,1290.5,13006.5498046875
2020-10-14,23874.373046875,22204.05078125,29959.599609375,8031.0498046875,11857.25,11686.650390625,2251.949951171875,14755.0,214.6999969482422,3109.75,1496.550048828125,1303.25,13198.7001953125
2020-10-15,23072.1328125,21567.30078125,29644.80078125,7935.35009765625,11637.900390625,11341.599609375,2240.949951171875,14460.2001953125,209.60000610351562,3044.14990234375,1454.449951171875,1266.199951171875,12761.0
2020-10-16,23532.9765625,21538.150390625,29671.05078125,7959.4501953125,11814.099609375,11512.7998046875,2329.85009765625,14562.5498046875,215.10000610351562,3075.64990234375,1448.8499755859375,1270.449951171875,13023.2001953125
2020-10-19,24266.46875,21391.900390625,30068.849609375,7870.35009765625,11616.650390625,11803.75,2367.85009765625,14743.25,218.35000610351562,3090.75,1425.699951171875,1323.449951171875,13434.349609375
2020-10-20,24311.517578125,21694.349609375,29964.599609375,7896.7001953125,11644.400390625,11820.7998046875,2363.35009765625,14529.150390625,226.9499969482422,3093.14990234375,1453.699951171875,1304.5999755859375,13461.5498046875
2020-10-21,24634.763671875,21577.650390625,29684.099609375,7878.0498046875,11645.7001953125,11964.400390625,2416.050048828125,14643.5498046875,236.85000610351562,3122.050048828125,1444.8499755859375,1314.1500244140625,13630.599609375
2020-10-22,24483.865234375,21413.5,29715.349609375,7864.14990234375,11545.2998046875,11921.349609375,2432.5,14789.4501953125,237.6999969482422,3145.10009765625,1455.9000244140625,1313.5,13534.599609375
2020-10-23,24478.015625,21523.599609375,29782.19921875,8094.60009765625,11503.0498046875,11947.400390625,2443.0,14901.7001953125,235.10000610351562,3152.39990234375,1465.949951171875,1319.6500244140625,13529.849609375
2020-10-26,24075.169921875,21265.69921875,29774.650390625,7833.64990234375,11334.2001953125,11827.849609375,2357.550048828125,14613.4501953125,230.64999389648438,3113.199951171875,1425.75,1304.0,13338.7998046875
2020-10-27,24769.212890625,21023.400390625,30163.69921875,7930.64990234375,11511.5,12082.099609375,2359.60009765625,14752.25,229.0,3157.75,1445.6500244140625,1292.0,13755.9501953125
2020-10-28,24232.21875,20810.30078125,29948.099609375,7922.75,11325.099609375,11802.400390625,2325.39990234375,14688.349609375,224.35000610351562,3141.60009765625,1424.949951171875,1271.699951171875,13454.7001953125
2020-10-29,24091.720703125,20876.94921875,29663.44921875,7846.75,11226.0,11710.650390625,2307.699951171875,14722.150390625,223.39999389648438,3124.39990234375,1398.550048828125,1264.3499755859375,13378.650390625
2020-10-30,23900.623046875,20916.849609375,29428.44921875,7758.39990234375,11243.75,11636.0498046875,2343.60009765625,14977.7998046875,228.1999969482422,3129.64990234375,1419.050048828125,1260.5,13258.0
2020-11-02,24892.2109375,20732.30078125,29441.44921875,7732.25,11175.2998046875,12089.0498046875,2338.89990234375,14606.099609375,235.39999389648438,3098.699951171875,1417.9000244140625,1302.8499755859375,13820.25
2020-11-03,25682.501953125,20736.0,29526.349609375,7848.85009765625,11361.0,12468.2001953125,2391.199951171875,14528.4501953125,229.9499969482422,3110.25,1413.25,1325.550048828125,14246.2001953125
2020-11-04,25771.30078125,21104.55078125,29612.400390625,7901.75,11608.650390625,12458.25,2383.800048828125,14628.5,225.6999969482422,3120.14990234375,1415.5999755859375,1329.0,14303.599609375
2020-11-05,26312.79296875,21385.650390625,30180.05078125,7995.5,11704.9501953125,12659.349609375,2488.64990234375,15020.349609375,224.5500030517578,3183.050048828125,1472.5999755859375,1367.0999755859375,14574.349609375
2020-11-06,26798.638671875,21492.30078125,30150.650390625,8006.10009765625,11623.349609375,12893.7998046875,2500.35009765625,15180.75,226.9499969482422,3189.85009765625,1473.4000244140625,1374.75,14882.7001953125
2020-11-09,27533.779296875,21820.150390625,30453.69921875,8067.64990234375,11674.349609375,13158.25,2545.25,15491.5,230.3000030517578,3243.64990234375,1473.25,1388.949951171875,15371.2001953125
2020-11-10,28605.66796875,20978.5,30494.75,8127.25,11168.900390625,13698.599609375,2556.699951171875,15713.0498046875,235.0500030517578,3305.75,1488.550048828125,1439.75,15946.849609375
2020-11-11,28844.6640625,21330.5,30845.599609375,8255.2001953125,11570.349609375,13889.900390625,2645.050048828125,15773.5498046875,236.85000610351562,3338.85009765625,1484.550048828125,1432.949951171875,16018.75
2020-11-12,28278.47265625,21363.349609375,31240.19921875,8284.0498046875,11600.7998046875,13743.349609375,2636.89990234375,15743.2001953125,238.60000610351562,3344.10009765625,1494.300048828125,1400.199951171875,15727.849609375
2020-11-13,28465.369140625,21436.849609375,31222.099609375,8308.900390625,11726.4501953125,13779.75,2681.0,15869.25,241.8000030517578,3355.300048828125,1480.199951171875,1412.0,15846.5
2020-11-17,29180.9609375,21488.55078125,31291.44921875,8425.5498046875,11690.7998046875,14109.349609375,2761.35009765625,15925.2998046875,248.35000610351562,3390.449951171875,1467.0,1449.050048828125,16195.7998046875
2020-11-18,29749.50390625,21314.849609375,30952.849609375,8686.599609375,11612.9501953125,14301.4501953125,2772.5,15911.099609375,253.4499969482422,3421.5,1474.8499755859375,1500.800048828125,16513.19921875
2020-11-19,28902.71484375,21114.44921875,31085.19921875,8628.2998046875,11566.599609375,13973.5,2752.64990234375,15951.5498046875,250.0,3390.050048828125,1478.6500244140625,1454.300048828125,16081.0498046875
2020-11-20,29235.66015625,21409.25,31454.349609375,8684.75,11526.75,14210.5,2774.75,15959.75,251.3000030517578,3405.300048828125,1465.050048828125,1469.25,16216.4501953125
2020-11-23,29023.861328125,22007.05078125,31568.099609375,8738.599609375,11737.2001953125,14059.099609375,2808.60009765625,16405.55078125,253.75,3436.5,1477.300048828125,1466.8499755859375,16166.849609375
2020-11-24,29736.904296875,22064.30078125,31832.19921875,8887.9501953125,11880.7998046875,14275.25,2839.14990234375,16460.55078125,258.29998779296875,3446.0,1478.0,1483.0999755859375,16542.94921875
2020-11-25,29196.060546875,21705.900390625,31441.69921875,8738.4501953125,11635.2001953125,14011.7001953125,2816.550048828125,16388.0,252.5,3407.35009765625,1472.5,1509.8499755859375,16232.900390625
2020-11-26,29549.40625,21859.900390625,31701.30078125,8767.75,11801.25,14237.650390625,2925.050048828125,16346.0,254.4499969482422,3431.60009765625,1481.25,1539.050048828125,16390.400390625
2020-11-27,29608.70703125,21764.900390625,31718.80078125,8891.599609375,11839.150390625,14293.150390625,2925.75,16251.849609375,261.20001220703125,3424.75,1503.1500244140625,1558.4000244140625,16473.099609375
2020-12-01,29817.50390625,22170.900390625,31705.25,8987.150390625,12045.150390625,14352.0498046875,2974.050048828125,16475.349609375,269.8999938964844,3476.85009765625,1530.9000244140625,1603.25,16597.25
2020-12-02,29462.80859375,22319.0,31820.25,9093.7001953125,12088.599609375,14187.5,3050.199951171875,16701.05078125,277.8999938964844,3501.800048828125,1538.800048828125,1596.25,16402.55078125
2020-12-03,29448.408203125,22202.19921875,31908.650390625,9245.2998046875,12206.9501953125,14138.75,3126.10009765625,16941.25,280.20001220703125,3528.550048828125,1581.9000244140625,1673.050048828125,16321.599609375
2020-12-04,30052.05078125,22309.80078125,32356.75,9302.2001953125,12353.599609375,14286.4501953125,3161.35009765625,16923.55078125,283.3999938964844,3565.89990234375,1583.5,1697.949951171875,16648.099609375
2020-12-07,30211.19921875,22440.900390625,32866.8984375,9311.099609375,12555.9501953125,14360.25,3161.199951171875,16998.599609375,282.45001220703125,3604.300048828125,1627.699951171875,1733.949951171875,16722.900390625
2020-12-08,30261.548828125,22617.400390625,32849.8515625,9297.849609375,12407.2998046875,14384.7001953125,3122.35009765625,16967.55078125,284.79998779296875,3607.199951171875,1612.5,1857.550048828125,16685.69921875
2020-12-09,30709.04296875,22803.44921875,33125.5,9293.2998046875,12443.900390625,14554.2998046875,3105.89990234375,17087.75,289.0,3623.449951171875,1673.3499755859375,1838.550048828125,16962.0
2020-12-10,30509.994140625,22755.75,34054.80078125,9200.849609375,12440.599609375,14450.099609375,3113.050048828125,16931.599609375,290.25,3600.10009765625,1646.199951171875,1810.300048828125,16854.0
2020-12-11,30604.494140625,22664.0,34364.8515625,9188.9501953125,12366.0,14501.900390625,3146.10009765625,17204.05078125,292.5,3618.14990234375,1658.699951171875,1828.449951171875,16907.19921875
2020-12-14,30745.54296875,22746.69921875,34411.6484375,9093.099609375,12459.900390625,14561.5,3189.5,17351.349609375,289.8999938964844,3652.0,1691.8499755859375,1860.75,16986.80078125
2020-12-15,30690.693359375,22715.099609375,33967.8984375,9149.75,12432.599609375,14673.0,3214.14990234375,17281.349609375,289.0,3652.449951171875,1722.1500244140625,1833.5999755859375,16982.099609375
2020-12-16,30698.04296875,22906.25,34195.8515625,9239.099609375,12547.5,14789.2998046875,3271.75,17383.150390625,303.8500061035156,3682.699951171875,1727.3499755859375,1803.75,16999.599609375
2020-12-17,30846.69140625,22892.25,34013.55078125,9185.2001953125,12602.400390625,14963.5498046875,3227.699951171875,17323.55078125,305.6499938964844,3676.35009765625,1693.8499755859375,1778.0999755859375,17087.900390625
2020-12-18,30714.29296875,23256.599609375,34102.69921875,9168.650390625,12762.349609375,14879.150390625,3216.60009765625,17231.94921875,303.79998779296875,3666.89990234375,1691.75,1765.550048828125,16961.69921875
2020-12-21,29456.107421875,22844.599609375,33151.1015625,8745.0,12278.150390625,14392.599609375,3038.25,16377.4501953125,287.8500061035156,3511.5,1586.8499755859375,1643.25,16265.150390625
2020-12-22,29625.60546875,23611.599609375,33329.05078125,8818.599609375,12550.9501953125,14421.599609375,3079.64990234375,16569.0,289.1499938964844,3562.449951171875,1598.5,1659.25,16358.4501953125
2020-12-23,29882.953125,24167.75,33966.0,8935.9501953125,12753.25,14517.0498046875,3134.10009765625,16628.19921875,300.54998779296875,3584.85009765625,1650.75,1693.4000244140625,16515.19921875
2020-12-24,30401.845703125,24009.25,34115.6484375,8978.0498046875,12908.9501953125,14779.599609375,3144.300048828125,16860.69921875,299.25,3620.949951171875,1638.1500244140625,1703.800048828125,16777.80078125
2020-12-28,30880.58984375,24100.30078125,34181.1015625,9066.849609375,12874.349609375,14966.4501953125,3224.85009765625,17005.5,307.0,3656.35009765625,1654.3499755859375,1749.699951171875,17023.55078125
2020-12-29,31322.13671875,24274.05078125,34181.94921875,9043.900390625,12843.900390625,15120.0,3189.85009765625,16899.349609375,306.1000061035156,3645.449951171875,1630.300048828125,1765.3499755859375,17288.19921875
2020-12-30,31302.6875,24330.05078125,34313.69921875,9164.7998046875,12823.900390625,15162.900390625,3230.89990234375,16948.75,310.04998779296875,3669.25,1633.0,1761.3499755859375,17263.69921875
2020-12-31,31263.6875,24251.349609375,34177.1015625,9193.5,12915.900390625,15208.0,3254.64990234375,16922.5,313.8500061035156,3650.949951171875,1648.949951171875,1752.699951171875,17251.75
2021-01-01,31225.486328125,24456.099609375,,,13001.9501953125,,,,,,,,
2021-01-04,31212.0859375,25110.05078125,34619.69921875,9417.9501953125,13149.7998046875,15193.0498046875,3424.60009765625,17176.150390625,317.45001220703125,3716.10009765625,1675.5999755859375,1829.5999755859375,17181.650390625
2021-01-05,31721.880859375,25769.150390625,34720.25,9416.0498046875,13166.349609375,15380.5498046875,3376.25,17070.55078125,316.3500061035156,3706.699951171875,1686.9000244140625,1831.4000244140625,17513.80078125
2021-01-06,31797.53125,25419.150390625,34327.3515625,9379.5498046875,13118.099609375,15393.9501953125,3419.800048828125,17097.849609375,318.6000061035156,3728.89990234375,1691.0999755859375,1825.449951171875,17547.05078125
2021-01-07,31955.62890625,25251.19921875,34032.3515625,9429.650390625,13060.75,15424.5498046875,3550.449951171875,17042.75,322.8999938964844,3767.10009765625,1701.199951171875,1838.25,17677.75
2021-01-08,32083.826171875,26162.400390625,34276.75,9741.25,13271.5498046875,15511.150390625,3529.199951171875,17255.150390625,327.5,3833.449951171875,1756.5999755859375,1829.949951171875,17756.05078125
2021-01-11,31998.529296875,27027.75,34681.25,9995.599609375,13412.349609375,15605.099609375,3493.89990234375,17108.55078125,329.54998779296875,3819.35009765625,1729.5999755859375,1802.5,17699.349609375
2021-01-12,32338.625,26982.099609375,34488.6484375,10119.849609375,13244.7001953125,15711.9501953125,3509.89990234375,17329.599609375,338.6499938964844,3878.25,1753.4000244140625,1910.1500244140625,17784.05078125
2021-01-13,32574.271484375,27004.30078125,34617.6015625,10208.5498046875,13122.5498046875,15624.0498046875,3523.25,17430.150390625,337.6000061035156,3894.699951171875,1759.050048828125,1972.6500244140625,17803.30078125
2021-01-14,32519.37109375,26965.55078125,34885.69921875,10238.2998046875,13232.5498046875,15608.9501953125,3487.39990234375,17669.400390625,337.3999938964844,3922.60009765625,1754.949951171875,1978.0999755859375,17782.099609375
2021-01-15,32246.42578125,26362.80078125,34630.05078125,10178.2998046875,13014.25,15453.4501953125,3449.14990234375,17341.05078125,331.25,3890.449951171875,1732.5999755859375,1937.300048828125,17641.650390625
2021-01-18,31811.380859375,25916.25,34502.8515625,9961.099609375,12653.5,15246.150390625,3308.5,17200.75,324.54998779296875,3840.199951171875,1693.6500244140625,1889.949951171875,17401.349609375
2021-01-19,32424.47265625,26043.5,34659.8515625,10136.7998046875,12866.0498046875,15614.099609375,3405.199951171875,17518.55078125,338.1499938964844,3912.85009765625,1735.75,1940.699951171875,17752.849609375
2021-01-20,32543.3203125,26619.69921875,34605.3515625,10369.25,12881.2001953125,15663.0,3437.0,17596.30078125,338.3999938964844,3941.89990234375,1754.199951171875,1980.800048828125,17799.650390625
2021-01-21,32186.525390625,26450.150390625,34494.3984375,10367.75,12697.150390625,15546.7001953125,3362.14990234375,17564.150390625,329.75,3905.5,1718.449951171875,1916.050048828125,17622.25
2021-01-22,31166.888671875,26489.75,,,12542.099609375,,,,,,,,
2021-01-25,31198.037109375,26023.30078125,34178.6015625,10433.5,12756.75,15143.650390625,3236.35009765625,16772.30078125,317.8999938964844,3801.75,1680.050048828125,1843.9000244140625,17043.900390625
2021-01-27,30284.19921875,25865.30078125,34281.3984375,10210.25,12495.900390625,14723.900390625,3154.800048828125,16482.900390625,311.0,3748.5,1669.75,1815.9000244140625,16524.349609375
2021-01-28,30357.947265625,25301.25,33625.8515625,10105.599609375,12395.9501953125,14602.849609375,3138.10009765625,16459.75,304.1499938964844,3743.199951171875,1668.6500244140625,1783.8499755859375,16553.0
2021-01-29,30565.14453125,24645.75,33121.05078125,9813.150390625,12170.25,14593.2998046875,3077.449951171875,16159.2001953125,305.6499938964844,3671.85009765625,1650.0999755859375,1814.050048828125,16694.30078125
2021-02-01,33088.66796875,24922.69921875,33689.6484375,10227.9501953125,12103.5498046875,15702.4501953125,3227.25,16587.55078125,324.95001220703125,3853.39990234375,1706.5999755859375,1956.1500244140625,18040.05078125
2021-02-02,34267.5,25447.80078125,33730.8515625,10638.599609375,12361.5498046875,16208.900390625,3289.10009765625,16950.5,337.25,3989.0,1762.5,2023.949951171875,18587.599609375
2021-02-03,34758.046875,25680.900390625,33682.3515625,10749.150390625,12706.650390625,16403.650390625,3344.39990234375,17221.5,335.79998779296875,4017.25,1765.1500244140625,2076.699951171875,18902.69921875
2021-02-04,35344.390625,25570.05078125,34507.6484375,10867.099609375,12739.0498046875,16606.900390625,3409.550048828125,17462.94921875,339.0,4048.39990234375,1801.25,2198.75,19080.5
2021-02-05,35654.0859375,25331.599609375,34644.5,10723.9501953125,12950.650390625,16724.0,3443.14990234375,17415.5,341.29998779296875,4020.699951171875,1720.699951171875,2277.949951171875,18949.599609375
2021-02-08,35983.23046875,25915.599609375,34452.25,11061.150390625,12971.0,16862.30078125,3552.449951171875,17664.05078125,348.1499938964844,4100.64990234375,1739.300048828125,2254.300048828125,19133.05078125
2021-02-09,36056.08203125,25779.150390625,34231.30078125,10907.599609375,12812.7998046875,16904.900390625,3513.64990234375,17685.400390625,345.79998779296875,4113.64990234375,1706.800048828125,2245.300048828125,19167.05078125
2021-02-10,35782.6875,25885.30078125,34188.0,11010.849609375,12905.5498046875,16869.349609375,3510.85009765625,17706.400390625,351.45001220703125,4103.85009765625,1707.3499755859375,2248.449951171875,19029.80078125
2021-02-11,35751.6875,26043.44921875,34463.75,10965.25,12929.7998046875,16861.849609375,3546.699951171875,17945.900390625,350.54998779296875,4134.2001953125,1703.300048828125,2220.25,19045.80078125
2021-02-12,36108.48046875,26093.80078125,33928.30078125,10912.25,12785.75,17016.30078125,3486.25,17753.05078125,350.6000061035156,4108.10009765625,1687.0,2226.0,19228.69921875
2021-02-15,37305.81640625,26001.099609375,,,12745.099609375,,,,,,,,
2021-02-16,37097.96875,25613.94921875,33724.5,10944.900390625,12804.150390625,17448.30078125,3570.14990234375,18129.30078125,356.79998779296875,4177.60009765625,1668.9000244140625,2315.199951171875,19777.349609375
2021-02-17,36910.51953125,25282.94921875,,,12584.349609375,,,,,,,,
2021-02-18,36586.57421875,25618.55078125,33373.8984375,10827.0,12517.5,17000.599609375,3623.050048828125,18770.650390625,352.6499938964844,4204.25,1692.199951171875,2588.199951171875,19366.900390625
2021-02-19,35841.18359375,25503.19921875,33336.80078125,10540.349609375,12347.400390625,16747.099609375,3552.10009765625,18681.5,348.04998779296875,4159.85009765625,1677.6500244140625,2464.89990234375,19066.0
2021-02-22,35256.7890625,24766.44921875,32891.69921875,10300.0,12032.2998046875,16479.19921875,3609.10009765625,18336.849609375,338.29998779296875,4077.14990234375,1620.25,2399.699951171875,18732.80078125
2021-02-23,35116.54296875,24807.80078125,33025.94921875,10379.5498046875,12029.5,16394.80078125,3749.550048828125,18717.5,347.45001220703125,4123.0498046875,1622.699951171875,2396.300048828125,18644.75
2021-02-24,36451.87890625,24779.400390625,33091.69921875,10405.5,12035.849609375,16951.44921875,3778.64990234375,18782.400390625,350.45001220703125,4182.2998046875,1646.1500244140625,2462.800048828125,19366.05078125
2021-02-25,36548.57421875,24872.44921875,33001.80078125,10497.9501953125,12141.7001953125,16919.30078125,3928.60009765625,19355.69921875,356.3500061035156,4262.0498046875,1668.1500244140625,2491.199951171875,19461.0
2021-02-26,34803.1953125,24301.44921875,32443.150390625,10169.900390625,11927.900390625,16085.25,3822.64990234375,18793.349609375,349.79998779296875,4110.35009765625,1625.1500244140625,2392.35009765625,18551.75
2021-03-01,35295.58984375,24556.30078125,32797.6484375,10411.7998046875,12092.7001953125,16372.849609375,3896.949951171875,19159.099609375,354.45001220703125,4175.10009765625,1695.199951171875,2383.800048828125,18804.349609375
2021-03-02,35419.2890625,25301.849609375,33250.8984375,10744.0498046875,12257.2998046875,16398.599609375,3927.60009765625,19303.400390625,357.1000061035156,4220.2998046875,1708.9000244140625,2379.800048828125,18906.099609375
2021-03-03,36367.62890625,25772.650390625,33454.3984375,10673.099609375,12379.599609375,16854.400390625,4058.60009765625,19670.05078125,362.45001220703125,4282.35009765625,1719.75,2454.949951171875,19425.55078125
2021-03-04,35802.08203125,25631.849609375,33443.80078125,10625.75,12351.75,16550.599609375,3976.85009765625,19507.30078125,362.8500061035156,4279.89990234375,1747.25,2436.64990234375,19178.19921875
2021-03-05,35227.73828125,25229.599609375,33360.30078125,10524.400390625,12192.75,16345.9501953125,3869.39990234375,19428.19921875,357.70001220703125,4244.39990234375,1732.1500244140625,2341.0,18875.05078125
2021-03-08,35275.33984375,25347.94921875,33190.3515625,10507.349609375,12239.849609375,16285.4501953125,3900.800048828125,19650.349609375,353.95001220703125,4269.89990234375,1749.699951171875,2378.550048828125,18857.599609375
2021-03-09,35865.23046875,25582.349609375,33215.8515625,10464.25,12133.849609375,16649.75,3802.699951171875,19385.150390625,350.1000061035156,4247.5,1724.75,2355.550048828125,19192.5
2021-03-10,35937.8828125,26010.099609375,33402.75,10559.2998046875,12313.25,16689.69921875,3873.64990234375,19331.25,352.25,4256.2998046875,1730.0999755859375,2351.89990234375,19250.75
2021-03-12,35496.234375,25888.25,33068.5,10383.900390625,12184.25,16506.349609375,3840.199951171875,19318.30078125,349.3500061035156,4232.35009765625,1715.199951171875,2311.89990234375,19033.900390625
2021-03-15,35182.140625,26032.05078125,33058.8515625,10335.099609375,12024.5,16301.25,3880.050048828125,19322.900390625,347.95001220703125,4202.35009765625,1690.550048828125,2315.64990234375,18828.599609375
2021-03-16,34804.1953125,26363.849609375,33351.75,10350.7998046875,12013.0,16167.150390625,3847.25,19293.19921875,346.0,4198.0498046875,1689.25,2285.14990234375,18644.30078125
2021-03-17,34228.8515625,26183.5,33194.6015625,10159.099609375,11787.5,15977.400390625,3752.699951171875,18693.94921875,335.75,4100.75,1638.9000244140625,2199.050048828125,18356.55078125
2021-03-18,33856.40625,25373.349609375,33222.6015625,10143.9501953125,11514.4501953125,15848.599609375,3754.35009765625,18404.400390625,330.79998779296875,4067.64990234375,1638.5,2155.89990234375,18141.150390625
2021-03-19,34161.203125,25562.75,34028.3515625,10186.5,11667.099609375,15985.349609375,3832.5,18985.400390625,329.04998779296875,4131.5,1653.949951171875,2187.5,18305.80078125
2021-03-22,33603.05859375,26035.349609375,34608.0,10140.4501953125,11850.75,15802.25,3867.449951171875,18991.75,337.95001220703125,4133.75,1637.6500244140625,2163.800048828125,17993.80078125
2021-03-23,34184.0,26105.69921875,34473.75,10187.650390625,11907.2001953125,15944.400390625,3841.949951171875,19005.55078125,341.5,4161.7001953125,1632.8499755859375,2226.75,18305.900390625
2021-03-24,33292.86328125,25802.94921875,33987.1015625,9925.25,11916.2998046875,15604.4501953125,3717.550048828125,18676.75,331.45001220703125,4082.949951171875,1592.3499755859375,2153.199951171875,17838.099609375
2021-03-25,33006.06640625,25237.099609375,33213.1484375,9651.349609375,11816.7998046875,15474.75,3718.300048828125,18133.349609375,323.1499938964844,3994.0,1543.6500244140625,2097.699951171875,17699.150390625
2021-03-26,33317.8125,25385.099609375,33818.44921875,9771.5,11883.2001953125,15717.2001953125,3855.300048828125,18217.650390625,328.6000061035156,4043.050048828125,1544.5,2114.550048828125,17845.400390625
2021-03-30,33874.70703125,26121.099609375,34578.8515625,9865.0,12206.599609375,16037.849609375,3963.0,18418.900390625,328.5,4104.85009765625,1547.3499755859375,2129.60009765625,18099.25
2021-03-31,33303.51171875,25855.0,34931.69921875,9862.4501953125,12272.599609375,15715.599609375,3977.199951171875,18185.099609375,334.1499938964844,4087.800048828125,1545.3499755859375,2157.800048828125,17763.849609375
2021-04-01,33857.60546875,25980.400390625,34874.55078125,10022.599609375,12377.099609375,15909.25,4189.14990234375,18516.19921875,335.79998779296875,4149.25,1580.4000244140625,2214.64990234375,18093.0
2021-04-05,32678.470703125,26491.400390625,34304.55078125,9768.0498046875,12331.5,15392.099609375,4226.39990234375,18232.19921875,324.45001220703125,4092.89990234375,1532.4000244140625,2123.85009765625,17469.0
2021-04-06,32500.97265625,26532.19921875,34619.8515625,9781.349609375,12548.599609375,15394.849609375,4286.9501953125,18217.150390625,328.25,4109.14990234375,1527.1500244140625,2123.25,17398.75
2021-04-07,32990.81640625,26831.0,34835.30078125,9937.0,12616.349609375,15577.5498046875,4325.4501953125,18333.349609375,331.3999938964844,4138.35009765625,1538.949951171875,2164.699951171875,17664.849609375
2021-04-08,32782.46875,27148.400390625,34983.05078125,9959.349609375,12611.7001953125,15525.150390625,4494.9501953125,18275.55078125,334.1000061035156,4177.25,1544.3499755859375,2146.300048828125,17553.0
2021-04-09,32447.673828125,27367.05078125,35253.1015625,9922.9501953125,12995.349609375,15412.5,4467.2998046875,18077.150390625,332.04998779296875,4147.89990234375,1556.949951171875,2191.25,17392.150390625
2021-04-12,30791.642578125,26727.80078125,34561.3515625,9415.650390625,12961.849609375,14711.0,4196.0,17279.44921875,307.1499938964844,3955.39990234375,1430.8499755859375,1988.300048828125,16481.94921875
2021-04-13,31771.23046875,25851.30078125,34720.3515625,9818.2998046875,12807.5,15209.150390625,4337.89990234375,17672.80078125,315.6499938964844,4022.449951171875,1457.050048828125,2077.64990234375,17017.55078125
2021-04-15,32112.4765625,26010.849609375,34658.6015625,9691.4501953125,12987.0498046875,15387.400390625,4397.4501953125,17781.650390625,314.45001220703125,4025.0,1447.4000244140625,2050.800048828125,17157.349609375
2021-04-16,31977.078125,26324.900390625,34853.1484375,9808.9501953125,13234.25,15362.25,4434.0,17841.05078125,313.04998779296875,4042.85009765625,1474.4000244140625,2038.699951171875,17097.19921875
2021-04-19,31208.037109375,26236.900390625,34519.0,9532.150390625,13256.25,15006.5498046875,4366.10009765625,17357.75,300.29998779296875,3939.64990234375,1435.5,1950.8499755859375,16656.5
2021-04-20,31112.337890625,25877.599609375,34296.5,9630.7001953125,13426.900390625,14922.099609375,4384.39990234375,17342.0,301.25,3937.10009765625,1479.300048828125,1946.699951171875,16620.099609375
2021-04-22,31782.23046875,25826.69921875,34043.05078125,9644.5498046875,13378.9501953125,15239.5,4460.89990234375,17370.94921875,305.1499938964844,3946.949951171875,1506.550048828125,1961.25,16918.349609375
2021-04-23,31721.931640625,25609.099609375,33726.1015625,9596.9501953125,13319.75,15238.25,4446.85009765625,17537.69921875,301.79998779296875,3932.550048828125,1513.6500244140625,1967.199951171875,16911.0
2021-04-26,32274.775390625,25680.30078125,33865.69921875,9641.4501953125,13203.849609375,15436.900390625,4536.2998046875,17675.0,312.04998779296875,3976.199951171875,1516.050048828125,2001.949951171875,17211.900390625
2021-04-27,32734.96875,25815.75,34009.3515625,9708.2001953125,13296.75,15589.25,4659.25,17879.19921875,314.29998779296875,4040.0,1541.800048828125,2047.9000244140625,17451.75
2021-04-28,33722.41015625,25962.099609375,34129.1484375,9871.5,13252.9501953125,16039.75,4645.0498046875,17990.599609375,312.45001220703125,4065.64990234375,1557.949951171875,2100.699951171875,17973.80078125
2021-04-29,33714.109375,25874.30078125,34009.0,9773.7001953125,13298.650390625,16047.0498046875,4855.2998046875,18063.099609375,312.20001220703125,4067.35009765625,1553.550048828125,2076.800048828125,18006.30078125
2021-04-30,32781.41796875,25664.44921875,33623.44921875,9640.849609375,13469.25,15560.099609375,4847.9501953125,18031.099609375,309.6000061035156,4053.10009765625,1547.949951171875,2055.25,17582.44921875
2021-05-03,32465.373046875,25676.05078125,33994.19921875,9662.9501953125,13507.4501953125,15529.2001953125,4952.4501953125,17983.400390625,307.6499938964844,4071.89990234375,1527.0999755859375,2042.9000244140625,17387.400390625
2021-05-04,32269.974609375,25489.0,33822.75,9577.7001953125,13234.75,15401.599609375,4921.64990234375,17947.849609375,306.25,4045.199951171875,1525.6500244140625,2113.14990234375,17274.44921875
2021-05-05,32783.31640625,25786.94921875,,,13779.7001953125,,,,,,,,
2021-05-06,32827.41796875,26258.69921875,34048.5,9815.099609375,13747.75,15654.7001953125,5095.0,18178.19921875,305.3500061035156,4083.39990234375,1552.949951171875,2119.25,17532.30078125
2021-05-07,32904.1171875,26269.44921875,34123.5,9819.4501953125,13747.099609375,15771.0498046875,5335.85009765625,18295.599609375,307.6499938964844,4107.2998046875,1567.0,2116.25,17556.25
2021-05-10,33142.01171875,26273.44921875,34204.25,9973.0498046875,14131.849609375,15904.75,5503.35009765625,18590.05078125,310.04998779296875,4152.64990234375,1606.550048828125,2145.39990234375,17669.94921875
2021-05-11,32871.81640625,26106.69921875,,,14066.650390625,,,,,,,,
2021-05-12,32451.923828125,25855.44921875,34057.3984375,10013.650390625,14065.0498046875,15507.349609375,5290.4501953125,18717.400390625,310.3500061035156,4145.0498046875,1629.800048828125,2239.699951171875,17222.599609375
2021-05-14,32169.177734375,25588.19921875,34781.5,9810.4501953125,13885.5,15412.349609375,5091.35009765625,18652.94921875,300.45001220703125,4124.89990234375,1604.3499755859375,2194.199951171875,17073.650390625
2021-05-17,33458.859375,25703.55078125,34807.3984375,10001.7001953125,13858.7001953125,15905.2001953125,5207.75,18847.05078125,304.6499938964844,4148.75,1595.8499755859375,2277.699951171875,17722.900390625
2021-05-18,33922.00390625,25958.25,34741.44921875,10324.0,13832.400390625,16140.150390625,5294.39990234375,19201.55078125,307.20001220703125,4198.0498046875,1622.6500244140625,2248.699951171875,17993.150390625
2021-05-19,33684.80859375,25982.80078125,34729.69921875,10249.099609375,14001.349609375,15981.4501953125,5245.9501953125,19308.099609375,313.79998779296875,4191.0498046875,1655.199951171875,2254.0,17847.849609375
2021-05-20,33334.1640625,25894.5,,,13970.2001953125,,,,,,,,
2021-05-21,34606.49609375,26105.30078125,34690.55078125,10312.400390625,13993.7001953125,16339.849609375,5099.14990234375,19326.30078125,320.6499938964844,4194.64990234375,1667.5999755859375,2348.14990234375,18310.69921875
2021-05-24,34943.1953125,26144.19921875,34572.5,10315.75,14034.650390625,16444.599609375,5068.60009765625,19583.55078125,325.0,4213.14990234375,1687.550048828125,2398.14990234375,18445.55078125
2021-05-25,34661.59765625,26393.900390625,,,14090.099609375,,,,,,,,
2021-05-26,34683.796875,26857.349609375,34815.69921875,10437.7998046875,14127.25,16413.30078125,5004.75,19321.0,335.45001220703125,4217.5,1773.5,2359.85009765625,18278.650390625
2021-05-27,35094.64453125,27164.80078125,34812.30078125,10486.0,14100.0498046875,16438.900390625,5043.2998046875,19295.349609375,331.45001220703125,4230.0498046875,1791.050048828125,2427.0,18433.69921875
2021-05-28,35141.0390625,27122.80078125,34890.5,10510.25,13934.099609375,16495.30078125,5055.75,19566.80078125,331.6000061035156,4280.64990234375,1785.75,2443.199951171875,18492.55078125
2021-05-31,35526.234375,27115.05078125,,,14051.75,,,,,,,,
2021-06-01,35336.7890625,27144.400390625,35241.19921875,10457.849609375,14058.0498046875,16646.0,5121.64990234375,19976.80078125,334.3999938964844,4332.5498046875,1767.0,2412.449951171875,18521.599609375
2021-06-02,35373.33984375,26939.650390625,35058.6015625,10647.75,14151.849609375,16621.349609375,5233.2998046875,20223.5,339.25,4364.0498046875,1770.550048828125,2485.550048828125,18543.05078125
2021-06-03,35648.5859375,26987.900390625,35266.5,10647.650390625,14114.400390625,16780.650390625,5268.0498046875,20328.400390625,352.1000061035156,4414.4501953125,1799.6500244140625,2495.75,18674.30078125
2021-06-04,35291.23828125,26996.75,35138.0,10735.75,14101.5498046875,16744.19921875,5339.14990234375,20368.05078125,353.79998779296875,4432.64990234375,1817.949951171875,2491.64990234375,18523.349609375
2021-06-07,35443.23828125,27295.650390625,35375.3515625,10806.5498046875,14069.0,16702.849609375,5315.5,20743.94921875,352.79998779296875,4505.14990234375,1839.0999755859375,2500.64990234375,18690.599609375
2021-06-08,35084.89453125,27623.80078125,35672.44921875,10873.900390625,14189.849609375,16576.0,5258.89990234375,20745.0,355.79998779296875,4506.2998046875,1854.75,2464.5,18506.94921875
2021-06-09,34800.09375,27539.0,35588.94921875,10734.400390625,14118.900390625,16467.349609375,5209.4501953125,20669.19921875,349.8999938964844,4455.7001953125,1815.800048828125,2429.25,18346.349609375
2021-06-10,35130.7890625,27798.0,35731.30078125,10722.7001953125,14313.900390625,16667.25,5265.2001953125,20712.80078125,361.6000061035156,4473.0498046875,1900.0999755859375,2487.64990234375,18511.80078125
2021-06-11,35046.9921875,28217.5,35646.94921875,10765.5,14464.0498046875,16639.400390625,5406.7998046875,20797.19921875,357.8500061035156,4471.89990234375,1881.800048828125,2474.300048828125,18435.80078125
2021-06-14,34950.1953125,28314.099609375,35659.94921875,10753.099609375,14449.599609375,16581.69921875,5371.60009765625,20902.69921875,352.3999938964844,4472.35009765625,1869.8499755859375,2488.75,18352.69921875
2021-06-15,35247.33984375,28377.849609375,35921.5,10754.400390625,14322.650390625,16676.80078125,5368.9501953125,20900.099609375,357.04998779296875,4475.89990234375,1907.300048828125,2482.39990234375,18549.94921875
2021-06-16,35003.09375,28448.849609375,36131.25,10669.4501953125,14215.7001953125,16576.650390625,5216.2001953125,20773.349609375,352.54998779296875,4422.39990234375,1886.5,2457.25,18416.900390625
2021-06-17,34604.99609375,28611.349609375,36183.55078125,10523.0,14081.599609375,16409.55078125,5095.10009765625,20564.5,346.75,4391.0498046875,1865.949951171875,2422.25,18199.900390625
2021-06-18,34557.59765625,28445.599609375,36287.1484375,10443.75,14030.599609375,16419.25,5048.64990234375,20164.19921875,343.8500061035156,4376.64990234375,1853.949951171875,2379.449951171875,18209.69921875
2021-06-21,34870.89453125,28367.0,36377.6015625,10401.150390625,14082.9501953125,16534.650390625,5105.2001953125,20439.5,351.8500061035156,4407.10009765625,1863.4000244140625,2477.25,18373.5
2021-06-22,34744.59765625,28523.55078125,36299.6484375,10540.4501953125,14095.0,16509.30078125,5119.39990234375,20491.0,349.45001220703125,4425.7998046875,1864.75,2478.64990234375,18308.900390625
2021-06-23,34573.59765625,28258.5,36188.75,10588.5,14018.0498046875,16430.44921875,5061.7998046875,20353.55078125,348.20001220703125,4392.64990234375,1855.5999755859375,2477.5,18191.599609375
2021-06-24,34826.59375,29048.0,36242.55078125,10618.4501953125,13967.9501953125,16520.30078125,5090.89990234375,20078.94921875,345.54998779296875,4367.10009765625,1834.5,2442.699951171875,18335.75
2021-06-25,35364.23828125,29210.55078125,36006.55078125,10706.7998046875,14069.599609375,16722.349609375,5223.9501953125,19961.05078125,346.54998779296875,4371.5,1835.75,2507.25,18586.400390625
2021-06-28,35359.0390625,29068.55078125,36054.44921875,10709.900390625,14247.599609375,16667.400390625,5290.7998046875,19858.5,346.70001220703125,4362.10009765625,1824.050048828125,2567.35009765625,18599.150390625
2021-06-29,35009.89453125,28986.25,36234.55078125,10612.25,14330.2001953125,16545.69921875,5226.0498046875,19849.150390625,345.45001220703125,4350.0498046875,1811.800048828125,2529.25,18406.69921875
2021-06-30,34771.796875,29168.0,36093.19921875,10600.349609375,14308.900390625,16444.099609375,5215.7998046875,19822.400390625,343.95001220703125,4339.25,1797.5,2518.800048828125,18293.5
2021-07-01,34683.59765625,29003.099609375,36234.8984375,10687.7001953125,14442.4501953125,16376.849609375,5207.39990234375,19708.55078125,342.79998779296875,4327.35009765625,1794.75,2522.199951171875,18232.099609375
2021-07-02,34809.4921875,29007.94921875,36216.69921875,10685.5,14529.650390625,16438.30078125,5130.0498046875,19684.099609375,344.6000061035156,4338.2998046875,1805.0999755859375,2521.85009765625,18274.19921875
2021-07-05,35211.58984375,28950.599609375,,,14528.5,,,,,,,,
2021-07-06,35578.734375,28649.400390625,36238.5,10559.7001953125,14406.9501953125,16771.900390625,5172.7001953125,19726.05078125,352.79998779296875,4371.5,1832.699951171875,2513.39990234375,18635.849609375
2021-07-07,35770.88671875,28734.650390625,36447.05078125,10552.5,14453.2001953125,16874.44921875,5286.4501953125,19693.80078125,359.70001220703125,4377.14990234375,1829.5,2524.39990234375,18738.5
2021-07-08,35273.69140625,28749.0,36179.1015625,10456.0,14269.2998046875,16669.099609375,5170.5,19597.44921875,357.6499938964844,4351.0498046875,1808.0,2475.0,18499.650390625
2021-07-09,35071.54296875,28662.19921875,36184.3984375,10420.2998046875,14360.2001953125,16590.0,5273.60009765625,19501.19921875,366.1499938964844,4358.4501953125,1824.949951171875,2468.949951171875,18376.80078125
2021-07-12,35198.48828125,28532.349609375,36176.6484375,10438.2001953125,14372.2001953125,16606.150390625,5262.5498046875,19467.30078125,379.3500061035156,4374.5498046875,1821.449951171875,2473.39990234375,18454.0
2021-07-13,35672.984375,28439.75,36110.30078125,10497.7998046875,14460.0498046875,16852.150390625,5295.60009765625,19570.599609375,380.79998779296875,4398.25,1810.75,2492.64990234375,18708.55078125
2021-07-14,35667.8359375,29339.849609375,36073.19921875,10467.900390625,14507.0,16823.05078125,5299.9501953125,19524.75,377.20001220703125,4402.14990234375,1814.25,2480.14990234375,18694.0
2021-07-15,35907.23046875,29718.05078125,36182.94921875,10426.0,14467.4501953125,16926.30078125,5335.39990234375,19436.5,393.04998779296875,4420.9501953125,1807.8499755859375,2471.949951171875,18810.0
2021-07-16,35751.38671875,29400.25,36253.55078125,10428.4501953125,14635.0498046875,16884.099609375,5391.2998046875,19567.900390625,397.54998779296875,4456.75,1800.9000244140625,2462.64990234375,18710.0
2021-07-19,35078.79296875,29264.0,36180.3984375,10310.900390625,14669.900390625,16555.75,5317.85009765625,19517.30078125,399.25,4438.5,1791.449951171875,2435.050048828125,18330.19921875
2021-07-20,34415.05078125,29252.5,36230.25,10222.2001953125,14479.2001953125,16293.099609375,5193.64990234375,19309.94921875,389.1499938964844,4412.5,1745.300048828125,2388.050048828125,17966.849609375
2021-07-22,34676.8984375,29779.94921875,36263.6015625,10235.7998046875,14575.400390625,16499.19921875,5348.9501953125,19600.05078125,395.95001220703125,4484.5498046875,1771.4000244140625,2410.14990234375,18126.599609375
2021-07-23,35033.9921875,29894.30078125,36558.6484375,10201.349609375,14597.849609375,16611.05078125,5353.7998046875,19503.80078125,401.04998779296875,4456.35009765625,1754.0,2428.050048828125,18287.150390625
2021-07-26,34949.29296875,29940.400390625,36486.75,10137.9501953125,14652.5498046875,16574.849609375,5387.39990234375,19300.099609375,397.20001220703125,4446.5,1759.550048828125,2408.550048828125,18270.80078125
2021-07-27,34797.04296875,29892.55078125,36360.80078125,10094.349609375,14018.650390625,16529.150390625,5465.89990234375,19116.150390625,394.29998779296875,4416.0,1751.0,2417.60009765625,18116.0
2021-07-28,34532.49609375,29954.150390625,36360.3515625,10000.400390625,13964.75,16444.75,5532.7998046875,19011.75,391.20001220703125,4417.5,1746.6500244140625,2372.10009765625,18023.0
2021-07-29,34691.09765625,30371.400390625,35990.05078125,9956.650390625,13920.349609375,16513.599609375,5810.75,18975.349609375,397.5,4420.2001953125,1761.699951171875,2449.300048828125,18005.94921875
2021-07-30,34583.94921875,30480.05078125,36051.8984375,10048.5,14425.2998046875,16468.650390625,5770.35009765625,18934.150390625,398.6499938964844,4432.2998046875,1796.0,2441.35009765625,17975.849609375
2021-08-02,34709.59765625,30803.05078125,36199.94921875,10183.4501953125,14474.9501953125,16539.55078125,5781.2998046875,19229.150390625,417.75,4500.0,1796.699951171875,2461.89990234375,18036.650390625
2021-08-03,35207.0390625,31165.849609375,36826.05078125,10342.599609375,14647.849609375,16818.05078125,5778.2001953125,19385.30078125,418.8500061035156,4551.7001953125,1781.800048828125,2490.10009765625,18290.55078125
2021-08-04,36027.6328125,30977.150390625,36482.44921875,10246.7998046875,14594.349609375,17253.05078125,5759.89990234375,19405.19921875,411.8500061035156,4520.35009765625,1760.25,2497.699951171875,18645.25
2021-08-05,35834.33203125,31211.19921875,36701.44921875,10224.900390625,14579.849609375,17193.30078125,5834.39990234375,19432.44921875,407.3500061035156,4543.2998046875,1732.6500244140625,2442.050048828125,18576.69921875
2021-08-06,35808.83203125,31303.30078125,36669.80078125,10249.5,14517.5,17136.150390625,5841.35009765625,19411.80078125,403.45001220703125,4518.0498046875,1715.8499755859375,2443.0,18621.05078125
2021-08-09,36028.53125,31441.0,36691.8984375,10239.0,14533.4501953125,17202.55078125,5732.0,19272.75,400.5,4476.14990234375,1734.550048828125,2404.89990234375,18748.849609375
2021-08-10,36033.68359375,31713.400390625,36537.25,10158.75,14502.900390625,17254.44921875,5573.2998046875,19135.75,392.3999938964844,4464.2998046875,1692.75,2342.25,18739.150390625
2021-08-11,35805.98046875,31670.0,36425.8515625,10140.400390625,14291.150390625,17147.650390625,5748.2998046875,19400.75,393.45001220703125,4489.0,1683.5,2353.75,18613.80078125
2021-08-12,35936.6328125,32245.099609375,36521.8515625,10180.5498046875,14133.0498046875,17233.5,5769.25,19599.05078125,398.20001220703125,4528.75,1721.8499755859375,2383.449951171875,18660.599609375
2021-08-13,36168.9296875,32678.80078125,36842.05078125,10178.2998046875,14049.0498046875,17350.150390625,5799.2998046875,19677.05078125,394.54998779296875,4565.5498046875,1705.8499755859375,2388.199951171875,18736.55078125
2021-08-16,36094.08203125,32577.94921875,36954.25,10088.7998046875,13965.400390625,17421.30078125,5884.89990234375,19786.05078125,393.0,4569.7998046875,1681.3499755859375,2364.449951171875,18704.599609375
2021-08-17,35867.03125,33414.75,37478.55078125,10088.2998046875,14041.25,17371.150390625,5749.39990234375,19722.44921875,390.25,4568.7998046875,1670.8499755859375,2322.14990234375,18551.099609375
2021-08-18,35554.0859375,33448.8984375,37738.30078125,10067.9501953125,14071.349609375,17273.0,5702.60009765625,19685.0,387.25,4573.39990234375,1666.9000244140625,2328.60009765625,18382.75
2021-08-20,35033.4453125,33351.3515625,38596.05078125,9904.7001953125,13711.150390625,17152.55078125,5335.9501953125,19348.69921875,373.3999938964844,4490.89990234375,1604.1500244140625,2248.5,18120.650390625
2021-08-23,35123.98828125,33919.80078125,38489.5,9759.150390625,13700.599609375,17220.94921875,5291.25,19332.150390625,369.70001220703125,4473.14990234375,1576.9000244140625,2236.699951171875,18119.150390625
2021-08-24,35711.6875,33838.3984375,38232.80078125,9832.7998046875,13876.0498046875,17461.099609375,5444.7998046875,19562.5,376.45001220703125,4526.2001953125,1607.75,2277.550048828125,18397.44921875
2021-08-25,35585.8359375,34083.94921875,38448.1015625,9808.650390625,13830.5,17403.650390625,5474.0498046875,19757.25,373.5,4526.0,1596.699951171875,2276.949951171875,18335.5
2021-08-26,35617.13671875,34041.1015625,38670.69921875,9763.099609375,13758.599609375,17441.400390625,5404.7001953125,19865.05078125,374.5,4509.5,1578.050048828125,2258.449951171875,18373.349609375
2021-08-27,35627.38671875,34309.80078125,38819.5,9793.849609375,13948.7001953125,17520.25,5492.7001953125,19942.44921875,377.25,4563.2998046875,1593.449951171875,2272.89990234375,18406.25
2021-08-30,36347.2265625,34109.25,39150.19921875,9957.900390625,14222.5,17843.900390625,5628.10009765625,20243.650390625,384.54998779296875,4640.64990234375,1603.6500244140625,2319.35009765625,18774.650390625
2021-08-31,36424.1796875,34570.25,39529.69921875,10034.4501953125,14344.75,18070.69921875,5714.60009765625,20289.69921875,386.79998779296875,4709.85009765625,1601.6500244140625,2335.10009765625,18837.650390625
2021-09-01,36573.875,34110.5,39644.69921875,10043.900390625,14319.849609375,18036.0,5612.4501953125,20356.55078125,408.3500061035156,4727.75,1610.550048828125,2355.14990234375,18923.0
2021-09-02,36830.87109375,34680.30078125,40296.3984375,10022.4501953125,14458.5,18181.80078125,5653.2998046875,20466.0,413.45001220703125,4773.7001953125,1615.9000244140625,2344.449951171875,19068.599609375
2021-09-03,36760.72265625,34891.19921875,40226.25,10124.75,14485.650390625,18130.55078125,5719.35009765625,20934.0,417.8500061035156,4830.7001953125,1639.75,2361.10009765625,19024.150390625
2021-09-06,36591.92578125,35415.1015625,40169.05078125,10167.25,14481.5498046875,18077.19921875,5742.7001953125,21008.55078125,431.04998779296875,4840.7998046875,1661.4000244140625,2356.64990234375,18921.900390625
2021-09-07,36468.375,34951.30078125,40289.8515625,10152.7001953125,14387.349609375,18103.94921875,5708.35009765625,20934.5,421.0,4846.60009765625,1663.0999755859375,2327.300048828125,18869.19921875
2021-09-08,36767.7734375,34678.19921875,40263.44921875,10100.400390625,14349.4501953125,18207.44921875,5720.75,21004.69921875,420.70001220703125,4833.0,1652.449951171875,2343.75,19017.30078125
2021-09-09,36682.7734375,34802.30078125,40577.94921875,10112.599609375,14329.849609375,18160.55078125,5765.14990234375,21148.349609375,417.6000061035156,4852.10009765625,1701.449951171875,2350.0,18972.650390625
2021-09-13,36471.375,35129.6015625,40592.3515625,10120.150390625,14377.0498046875,18126.599609375,5839.2998046875,20988.599609375,420.29998779296875,4842.60009765625,1724.25,2340.35009765625,18872.099609375
2021-09-14,36612.625,35431.5,40469.55078125,10209.599609375,14410.9501953125,18103.849609375,5810.35009765625,21034.900390625,422.04998779296875,4862.0,1972.5,2344.60009765625,19066.900390625
2021-09-15,36851.8203125,36075.19921875,40504.5,10297.0,14487.900390625,18158.25,5859.0498046875,21350.650390625,422.70001220703125,4931.7001953125,1942.0,2411.0,19185.69921875
2021-09-16,37668.1640625,35852.44921875,41007.6015625,10351.4501953125,14491.349609375,18356.75,5822.5,21665.25,423.5,4954.2998046875,1908.75,2541.949951171875,19698.5
2021-09-17,37811.5078125,35646.5,40798.8984375,10351.4501953125,14355.150390625,18476.25,5683.85009765625,21444.650390625,413.54998779296875,4931.14990234375,1927.5,2466.60009765625,19745.69921875
2021-09-20,37145.265625,35400.05078125,41169.69921875,10202.650390625,14097.25,18177.94921875,5309.0,21213.44921875,404.70001220703125,4876.4501953125,1918.8499755859375,2363.39990234375,19399.099609375
2021-09-21,37235.41796875,36086.05078125,41619.94921875,10155.9501953125,14278.9501953125,18310.05078125,5444.4501953125,21324.5,419.1499938964844,4909.85009765625,1941.3499755859375,2362.199951171875,19514.05078125
2021-09-22,36944.21875,36422.44921875,41507.25,10284.599609375,14334.25,18152.099609375,5524.64990234375,21499.25,454.54998779296875,4936.64990234375,2204.75,2373.449951171875,19382.19921875
2021-09-23,37771.26171875,36816.8984375,41548.80078125,10372.9501953125,14380.5,18566.19921875,5616.0498046875,21893.25,493.8999938964844,5020.2001953125,2167.14990234375,2401.64990234375,19789.55078125
2021-09-24,37829.859375,37103.25,41090.8984375,10429.0498046875,14289.150390625,18630.0,5498.2001953125,21716.44921875,501.29998779296875,4998.64990234375,2153.25,2357.60009765625,19835.94921875
2021-09-27,38170.8046875,36034.3984375,40720.6015625,10765.150390625,14156.7001953125,18706.849609375,5504.4501953125,22006.05078125,516.2999877929688,5021.60009765625,2188.449951171875,2369.0,19958.5
2021-09-28,37944.55859375,35239.94921875,40682.94921875,10695.9501953125,14171.599609375,18534.75,5534.60009765625,22449.349609375,500.70001220703125,5024.5,2152.10009765625,2398.300048828125,19811.80078125
2021-09-29,37742.5625,35282.6484375,40472.1484375,10655.5,14404.9501953125,18371.30078125,5661.25,22864.55078125,506.3500061035156,5043.89990234375,2157.949951171875,2463.449951171875,19597.25
2021-09-30,37424.66796875,35028.0,40426.55078125,10598.4501953125,14466.5,18303.80078125,5611.25,22858.55078125,513.7999877929688,5025.35009765625,2138.300048828125,2483.050048828125,19447.94921875
2021-10-01,37225.46484375,34780.6015625,40399.0,10596.9501953125,14587.650390625,18137.80078125,5638.7998046875,23000.19921875,506.04998779296875,5023.0,2154.300048828125,2500.800048828125,19339.400390625
2021-10-04,37579.2109375,35126.1484375,40445.44921875,10641.150390625,14812.400390625,18312.44921875,5807.35009765625,23334.599609375,517.0499877929688,5068.9501953125,2210.35009765625,2553.39990234375,19498.650390625
2021-10-05,37740.5625,35544.30078125,40427.5,10692.0,14738.25,18367.05078125,5800.2998046875,24006.150390625,510.0,5125.2998046875,2228.64990234375,2542.050048828125,19623.5
2021-10-06,37521.11328125,35075.80078125,40167.44921875,10567.5498046875,14461.9501953125,18309.150390625,5627.35009765625,23898.0,501.75,5060.4501953125,2213.39990234375,2492.800048828125,19497.400390625
2021-10-07,37752.76171875,35703.8515625,40226.3984375,11031.7998046875,14562.2001953125,18336.94921875,5659.9501953125,23804.400390625,532.6500244140625,5087.7001953125,2234.39990234375,2508.64990234375,19706.150390625
2021-10-08,37774.8125,36402.0,39993.3515625,11079.349609375,14514.7998046875,18274.099609375,5681.4501953125,23902.30078125,520.9000244140625,5122.85009765625,2254.050048828125,2550.0,19764.30078125
2021-10-11,38293.35546875,35179.94921875,40318.05078125,11375.5498046875,14615.349609375,18527.650390625,5766.39990234375,24161.55078125,529.9000244140625,5147.2001953125,2285.800048828125,2569.949951171875,19955.75
2021-10-12,38521.05078125,34869.75,40808.75,11476.099609375,14629.2001953125,18589.5,5829.35009765625,24265.94921875,533.75,5150.0,2319.35009765625,2649.0,20025.44921875
2021-10-13,38635.30078125,35285.6015625,41149.3984375,11870.0,14679.400390625,18652.5,5914.64990234375,24604.400390625,532.4500122070312,5215.0498046875,2325.85009765625,2670.14990234375,20113.650390625
2021-10-14,39340.44140625,35744.8515625,41377.19921875,11800.2998046875,14728.650390625,18947.650390625,6019.2001953125,24766.349609375,539.25,5269.85009765625,2350.85009765625,2716.550048828125,20456.400390625
2021-10-18,39684.33984375,36306.3515625,41564.1484375,11814.7998046875,14598.2001953125,19034.30078125,6253.10009765625,25148.69921875,541.7999877929688,5296.0498046875,2334.0,2824.550048828125,20628.44921875
2021-10-19,39540.0390625,37106.3515625,40237.30078125,11626.849609375,14384.349609375,19068.44921875,6099.35009765625,24785.650390625,516.0999755859375,5248.75,2310.64990234375,2719.199951171875,20531.150390625
2021-10-20,39517.73828125,36846.80078125,39696.3515625,11493.2998046875,14177.349609375,18957.55078125,5974.0,24381.849609375,504.95001220703125,5201.35009765625,2334.449951171875,2761.14990234375,20487.25
2021-10-21,40029.734375,35913.6015625,39354.44921875,11557.400390625,14169.9501953125,19188.849609375,5868.39990234375,24306.400390625,497.8500061035156,5159.9501953125,2333.800048828125,2836.60009765625,20747.400390625
2021-10-22,40323.1796875,35394.6484375,38874.80078125,11433.9501953125,13949.650390625,19302.94921875,5690.10009765625,24280.5,510.6000061035156,5141.14990234375,2281.550048828125,2823.25,20951.80078125
2021-10-25,41191.91796875,35005.3984375,38491.0,11228.2001953125,13943.849609375,19559.5,5679.64990234375,24160.19921875,496.45001220703125,5098.85009765625,2276.5,2854.300048828125,21404.25
2021-10-26,41237.8203125,35162.3515625,38826.8515625,11452.25,13970.650390625,19651.099609375,5830.64990234375,24372.44921875,514.4000244140625,5169.2998046875,2335.60009765625,2879.25,21373.099609375
2021-10-27,40873.875,35503.8984375,38946.1015625,11395.150390625,14094.25,19504.75,5741.89990234375,24184.849609375,515.9500122070312,5145.75,2288.199951171875,2938.199951171875,21079.30078125
2021-10-28,39508.48828125,34913.6015625,38208.55078125,11260.900390625,13780.599609375,18987.55078125,5544.5498046875,23580.849609375,496.5,5082.2001953125,2232.0,2784.85009765625,20482.94921875
2021-10-29,39115.1484375,34408.75,38222.1015625,11297.4501953125,13879.349609375,18792.849609375,5563.39990234375,23236.099609375,498.70001220703125,5045.10009765625,2246.0,2825.14990234375,20192.19921875
2021-11-01,39763.2890625,35290.0,38663.6484375,11421.0,14049.4501953125,19009.650390625,5733.75,23504.5,518.7999877929688,5135.75,2303.75,2860.10009765625,20568.44921875
2021-11-02,39937.984375,35177.3515625,38616.19921875,11521.25,13993.2001953125,19074.849609375,5643.14990234375,23421.69921875,536.3499755859375,5123.89990234375,2325.64990234375,2927.89990234375,20676.099609375
2021-11-03,39401.59375,35177.1015625,38370.1015625,11401.2001953125,13888.2998046875,18930.099609375,5695.4501953125,23489.44921875,546.75,5157.7001953125,2301.050048828125,2913.5,20295.80078125
2021-11-04,39573.23828125,35334.25,38710.1015625,11569.7998046875,13948.2001953125,18994.19921875,5697.9501953125,23584.05078125,548.0499877929688,5186.0,2334.800048828125,2952.949951171875,20393.19921875
2021-11-08,39437.79296875,35782.3515625,39094.75,11645.75,13851.25,19216.19921875,5780.4501953125,23938.80078125,555.5999755859375,5265.7998046875,2368.050048828125,3016.449951171875,20198.900390625
2021-11-09,39368.34375,35815.1015625,38964.25,11766.25,13878.7001953125,19085.30078125,5761.60009765625,24004.30078125,556.1500244140625,5289.89990234375,2372.550048828125,3040.60009765625,20176.0
2021-11-10,39022.796875,35722.94921875,38917.3515625,11829.150390625,13911.2998046875,19010.25,5660.4501953125,24041.30078125,548.5999755859375,5312.4501953125,2353.89990234375,2969.14990234375,19985.69921875
2021-11-11,38559.75,35583.6484375,38542.55078125,11690.150390625,13717.7998046875,18772.80078125,5681.0,23894.75,535.7999877929688,5265.39990234375,2325.89990234375,2914.449951171875,19800.099609375
2021-11-12,38732.90234375,36332.30078125,38912.75,11706.5,13774.650390625,18976.19921875,5728.7001953125,24209.30078125,544.6500244140625,5323.0498046875,2322.949951171875,2912.0,19890.05078125
2021-11-15,38701.90234375,36465.30078125,39278.30078125,11687.650390625,13974.349609375,18955.25,5624.2998046875,24268.849609375,545.8499755859375,5334.0,2317.300048828125,2870.300048828125,19896.150390625
2021-11-16,38306.65625,36643.8984375,39014.6484375,11977.2998046875,13798.7998046875,18805.75,5586.35009765625,23944.650390625,545.0999755859375,5273.7998046875,2311.75,2808.89990234375,19704.0
2021-11-17,38041.109375,36660.8984375,39013.44921875,12061.7998046875,13621.900390625,18679.94921875,5568.10009765625,23837.900390625,536.1500244140625,5245.60009765625,2320.949951171875,2810.199951171875,19542.19921875
2021-11-18,37975.80859375,36007.0,38866.5,11747.4501953125,13481.400390625,18606.349609375,5423.89990234375,23794.349609375,526.9000244140625,5177.14990234375,2273.25,2812.10009765625,19418.5
2021-11-22,37128.37109375,35478.94921875,38351.6484375,11379.75,13245.349609375,18177.19921875,5421.60009765625,23118.30078125,505.1000061035156,5075.0498046875,2184.449951171875,2685.35009765625,19028.400390625
2021-11-23,37272.3671875,35504.3984375,38560.1015625,11455.7001953125,13489.9501953125,18261.5,5600.39990234375,23586.94921875,516.0,5146.5498046875,2235.050048828125,2749.5,19064.099609375
2021-11-24,37441.515625,34966.25,38178.19921875,11308.849609375,13408.099609375,18304.349609375,5602.60009765625,23650.05078125,515.6500244140625,5134.0498046875,2279.64990234375,2758.949951171875,19153.650390625
2021-11-25,37364.31640625,35300.25,38259.75,11247.75,13566.5,18264.44921875,5624.0,24218.25,525.7000122070312,5200.10009765625,2311.64990234375,2744.25,19119.80078125
2021-11-26,36025.08203125,34606.1484375,37547.1484375,10759.599609375,13797.099609375,17614.69921875,5323.75,23349.400390625,492.79998779296875,5003.0,2229.89990234375,2628.75,18384.44921875
2021-11-29,35976.03125,34870.75,37324.8515625,10704.150390625,13648.7998046875,17629.94921875,5304.7001953125,23052.150390625,484.6000061035156,4979.10009765625,2180.050048828125,2575.050048828125,18348.19921875
2021-11-30,35694.88671875,35043.75,37386.94921875,10603.5498046875,13662.7998046875,17534.75,5201.7001953125,22823.44921875,487.6000061035156,4959.35009765625,2171.10009765625,2560.14990234375,18213.849609375
2021-12-01,36364.4765625,35429.0,37457.8515625,10758.150390625,13442.099609375,17758.849609375,5322.2001953125,23110.80078125,494.6499938964844,4993.0,2193.699951171875,2628.25,18566.5
2021-12-02,36507.82421875,36157.8515625,37892.6015625,10873.150390625,13557.0,17982.900390625,5405.0498046875,23491.599609375,497.3500061035156,5048.7001953125,2227.64990234375,2640.800048828125,18642.0
2021-12-03,36196.7265625,35848.05078125,37498.1015625,10788.75,13443.849609375,17779.5,5392.39990234375,23258.349609375,496.29998779296875,4997.10009765625,2266.14990234375,2633.64990234375,18500.69921875
2021-12-06,35735.484375,34879.3984375,36821.8515625,10589.7998046875,13192.25,17596.69921875,5327.89990234375,22900.5,489.5,4903.89990234375,2240.5,2594.35009765625,18241.650390625
2021-12-07,36617.97265625,35272.30078125,37175.8515625,10759.0,13234.349609375,17979.349609375,5494.4501953125,23172.5,500.45001220703125,4960.7001953125,2273.0,2654.300048828125,18694.099609375
2021-12-08,37284.265625,35959.05078125,37659.94921875,11007.7001953125,13433.849609375,18284.94921875,5594.89990234375,23362.80078125,509.04998779296875,5031.64990234375,2330.14990234375,2722.550048828125,18985.099609375
2021-12-09,37082.01953125,35946.3515625,38201.6484375,11058.75,13449.400390625,18202.44921875,5629.7998046875,23408.30078125,507.6499938964844,5070.2001953125,2413.39990234375,2725.14990234375,18909.05078125
2021-12-10,37105.21875,35939.6015625,38189.55078125,11080.0498046875,13446.099609375,18165.55078125,5658.89990234375,23429.94921875,519.4000244140625,5083.39990234375,2473.050048828125,2796.449951171875,18910.349609375
2021-12-13,36924.8203125,36050.55078125,37823.55078125,11047.150390625,13432.900390625,18006.900390625,5642.7998046875,23177.349609375,512.4000244140625,5039.35009765625,2428.35009765625,2758.89990234375,18842.599609375
2021-12-14,36893.51953125,36102.55078125,37642.6015625,10972.150390625,13575.900390625,17905.19921875,5666.7998046875,23361.400390625,509.20001220703125,5030.5,2466.199951171875,2739.64990234375,18817.75
2021-12-15,36789.125,35737.19921875,37424.6484375,11026.0,13512.0498046875,17776.94921875,5604.10009765625,23185.69921875,499.6000061035156,5000.2001953125,2432.949951171875,2702.64990234375,18761.55078125
2021-12-16,36548.22265625,36160.30078125,37244.3515625,10945.75,13393.650390625,17713.849609375,5597.14990234375,23175.150390625,495.3999938964844,5005.5,2389.800048828125,2676.89990234375,18624.849609375
2021-12-17,35618.234375,36647.8984375,36438.0,10678.650390625,13230.7001953125,17280.69921875,5476.7998046875,22755.75,475.95001220703125,4891.35009765625,2276.5,2579.35009765625,18122.69921875
2021-12-20,34439.453125,35916.44921875,36084.6484375,10405.2998046875,13184.4501953125,16779.19921875,5269.60009765625,22070.44921875,452.6499938964844,4754.14990234375,2186.800048828125,2463.89990234375,17527.94921875
2021-12-21,34607.44921875,36627.1484375,36336.80078125,10483.900390625,13282.849609375,16841.44921875,5424.60009765625,22325.69921875,459.95001220703125,4822.9501953125,2242.39990234375,2463.949951171875,17628.599609375
2021-12-22,35029.09375,36989.1484375,36505.55078125,10652.5498046875,13547.7001953125,16992.75,5521.10009765625,22580.30078125,473.5,4888.4501953125,2272.800048828125,2506.800048828125,17853.94921875
2021-12-23,35190.73828125,37362.8515625,36995.1015625,10731.0498046875,13644.5,17116.55078125,5519.89990234375,22869.650390625,484.45001220703125,4925.0498046875,2247.800048828125,2546.0,17910.75
2021-12-24,34856.64453125,37727.80078125,36913.75,10620.75,13491.25,16956.75,5492.7001953125,22588.849609375,477.29998779296875,4880.64990234375,2241.35009765625,2496.60009765625,17733.0
2021-12-27,35057.4921875,37988.5,36883.3984375,10641.650390625,13710.150390625,17111.30078125,5489.4501953125,22561.44921875,479.6000061035156,4883.14990234375,2217.64990234375,2501.800048828125,17793.900390625
2021-12-28,35183.390625,38357.80078125,37162.69921875,10783.849609375,13836.150390625,17178.599609375,5538.7001953125,22816.599609375,483.3999938964844,4942.35009765625,2221.449951171875,2527.699951171875,17864.94921875
2021-12-29,35044.9921875,38274.6484375,37028.69921875,10829.5498046875,14072.900390625,17130.0,5480.5498046875,22745.349609375,483.04998779296875,4933.2998046875,2199.800048828125,2508.89990234375,17844.5
2021-12-30,35063.1953125,38658.80078125,37075.6484375,10755.650390625,14135.5,17116.55078125,5416.64990234375,22485.400390625,478.3500061035156,4904.89990234375,2197.25,2490.199951171875,17854.80078125
2021-12-31,35481.28515625,38701.05078125,37579.94921875,10936.900390625,14223.0,17330.849609375,5521.75,22631.94921875,484.1499938964844,4949.89990234375,2218.800048828125,2530.39990234375,18041.849609375
2022-01-03,36421.4765625,39123.80078125,37606.05078125,11114.5498046875,14156.400390625,17761.05078125,5628.10009765625,22849.25,489.6499938964844,5010.2998046875,2251.199951171875,2584.699951171875,18531.849609375
2022-01-04,36839.71875,39370.69921875,37800.3515625,11139.400390625,14040.650390625,17972.94921875,5606.85009765625,23370.349609375,487.04998779296875,5068.7001953125,2251.39990234375,2616.75,18682.19921875
2022-01-05,37695.4609375,38609.1484375,37910.94921875,11256.849609375,13999.849609375,18336.650390625,5684.14990234375,23518.0,492.8999938964844,5103.14990234375,2241.449951171875,2658.35009765625,19078.5
2022-01-06,37489.8125,38009.0,37622.5,11316.599609375,13912.25,18174.80078125,5656.0,23370.599609375,485.6499938964844,5061.64990234375,2261.800048828125,2671.050048828125,18998.0
2022-01-07,37739.1640625,38139.8515625,37864.44921875,11290.900390625,13857.9501953125,18206.05078125,5684.85009765625,23577.69921875,485.79998779296875,5090.7001953125,2243.10009765625,2673.550048828125,19113.55078125
2022-01-10,38347.453125,38212.19921875,37984.05078125,11501.7001953125,13858.9501953125,18483.849609375,5718.7998046875,23712.349609375,495.1499938964844,5133.39990234375,2293.60009765625,2759.85009765625,19410.44921875
2022-01-11,38441.75390625,38605.44921875,37849.8984375,11479.7001953125,13854.25,18538.80078125,5610.35009765625,24003.30078125,497.95001220703125,5149.64990234375,2292.64990234375,2753.75,19419.75
2022-01-12,38727.1015625,38604.75,37992.94921875,11645.900390625,13833.7001953125,18684.75,5685.0,24515.80078125,507.45001220703125,5227.39990234375,2311.39990234375,2770.60009765625,19613.94921875
2022-01-13,38469.50390625,38607.0,38087.25,11686.150390625,14051.150390625,18611.80078125,5882.75,24817.55078125,503.79998779296875,5261.85009765625,2323.800048828125,2786.89990234375,19493.599609375
2022-01-14,38369.953125,38826.8515625,37816.0,11643.0498046875,13964.150390625,18566.099609375,5871.39990234375,24867.849609375,509.6000061035156,5276.85009765625,2316.75,2783.35009765625,19450.650390625
2022-01-17,38215.703125,38804.94921875,37988.8984375,11881.25,13862.4501953125,18521.650390625,5888.39990234375,25184.5,516.0999755859375,5324.75,2328.300048828125,2791.050048828125,19353.0
2022-01-18,38209.85546875,38091.75,37503.1484375,11598.75,13697.599609375,18468.69921875,5755.14990234375,25054.94921875,502.6499938964844,5209.64990234375,2301.39990234375,2741.199951171875,19334.599609375
2022-01-19,38040.91015625,37281.69921875,37106.3984375,11681.400390625,13682.7001953125,18269.94921875,5801.10009765625,25293.94921875,501.8999938964844,5192.7001953125,2324.60009765625,2801.64990234375,19209.75
2022-01-20,37850.41015625,36662.19921875,36681.3984375,11583.2001953125,13454.900390625,18137.94921875,5831.14990234375,25270.099609375,503.04998779296875,5185.5,2308.300048828125,2794.949951171875,19105.099609375
2022-01-21,37573.86328125,36054.6015625,36812.8984375,11561.75,13243.0498046875,18047.05078125,5719.5498046875,25055.849609375,491.20001220703125,5100.4501953125,2228.25,2709.60009765625,18929.55078125
2022-01-24,36947.12109375,34821.6015625,35941.3515625,11261.2001953125,12998.599609375,17633.44921875,5420.4501953125,24425.25,462.20001220703125,4952.25,2126.050048828125,2654.60009765625,18643.599609375
2022-01-25,37706.3125,34707.44921875,36382.8515625,11522.75,13092.099609375,17789.80078125,5485.14990234375,24716.400390625,470.6000061035156,5000.7001953125,2172.75,2767.10009765625,19036.05078125
2022-01-27,37981.66015625,33475.05078125,35966.80078125,11561.599609375,12847.900390625,17763.150390625,5445.89990234375,24557.0,462.1000061035156,4950.39990234375,2185.5,2907.300048828125,19132.900390625
2022-01-28,37688.9609375,33851.94921875,36188.30078125,11493.400390625,12983.0498046875,17673.55078125,5466.0498046875,24677.0,465.6499938964844,4977.9501953125,2204.449951171875,2896.949951171875,19020.599609375
2022-01-31,37974.91015625,34824.55078125,36467.25,11703.5,13179.900390625,17836.25,5473.4501953125,24983.94921875,480.25,5056.75,2235.35009765625,2982.25,19037.150390625
2022-02-01,38505.05078125,35371.6484375,37183.80078125,11616.099609375,13477.5,18060.25,5719.39990234375,24888.44921875,488.6499938964844,5109.89990234375,2247.199951171875,2964.949951171875,19405.400390625
2022-02-02,39330.04296875,35788.75,37581.5,11632.400390625,13643.650390625,18408.80078125,5779.7001953125,24998.94921875,495.5,5120.14990234375,2286.949951171875,3066.10009765625,19857.150390625
2022-02-03,39009.546875,35056.80078125,37467.19921875,11683.400390625,13617.599609375,18153.30078125,5761.60009765625,24728.94921875,486.8999938964844,5053.89990234375,2273.550048828125,3050.75,19668.94921875
2022-02-04,38788.90234375,35080.1015625,37508.3984375,11560.599609375,13580.2998046875,18071.69921875,5829.5,24699.150390625,473.45001220703125,5036.89990234375,2230.550048828125,2992.300048828125,19589.849609375
2022-02-07,37995.0078125,34621.25,36764.94921875,11407.25,13381.7001953125,17607.849609375,5829.0,24825.0,468.20001220703125,4994.85009765625,2197.39990234375,3019.949951171875,19132.0
2022-02-08,38028.0078125,34521.55078125,36765.94921875,11429.7998046875,13444.7001953125,17632.55078125,5875.60009765625,24500.900390625,464.25,4982.10009765625,2174.800048828125,3044.85009765625,19159.650390625
2022-02-09,38609.80078125,34983.30078125,36852.8515625,11680.150390625,13570.2998046875,17860.349609375,5985.0,24514.349609375,467.0,5030.75,2215.300048828125,3026.0,19479.69921875
2022-02-10,39010.49609375,35341.8515625,36982.55078125,11674.0498046875,13613.0498046875,18068.349609375,6059.4501953125,24685.55078125,471.20001220703125,5048.75,2252.10009765625,3024.550048828125,19673.099609375
2022-02-11,38516.80078125,34379.05078125,36671.6484375,11552.900390625,13510.2998046875,17803.0,6023.7998046875,24549.69921875,461.8500061035156,4991.9501953125,2221.449951171875,2963.64990234375,19474.150390625
2022-02-14,36908.12109375,33880.6484375,35661.25,11107.150390625,13252.150390625,17059.099609375,5719.0,23899.80078125,437.3999938964844,4832.39990234375,2127.699951171875,2787.39990234375,18689.400390625
2022-02-15,38169.65625,34913.30078125,36438.69921875,11552.2998046875,13356.900390625,17584.44921875,5845.5,24363.80078125,450.70001220703125,4982.0,2208.0,2898.550048828125,19297.75
2022-02-16,37953.359375,34801.94921875,36460.75,11509.7001953125,13425.099609375,17544.25,5812.14990234375,24392.94921875,455.79998779296875,4977.10009765625,2194.75,2864.5,19217.099609375
2022-02-17,37531.2109375,34634.1015625,36571.69921875,11492.849609375,13324.400390625,17479.349609375,5793.39990234375,24757.94921875,454.70001220703125,4979.2001953125,2178.35009765625,2830.300048828125,18990.0
2022-02-18,37598.7109375,34483.1015625,36498.69921875,11420.4501953125,13208.7998046875,17524.94921875,5778.39990234375,24540.69921875,449.0,4942.85009765625,2163.35009765625,2825.5,19002.099609375
2022-02-21,37685.1640625,34472.05078125,36200.30078125,11361.599609375,13029.900390625,17530.150390625,5658.9501953125,24174.400390625,442.8999938964844,4893.25,2104.75,2786.550048828125,19050.5
2022-02-22,37371.21484375,34129.55078125,35879.8515625,11343.0498046875,12954.5,17462.69921875,5595.89990234375,24166.349609375,430.0,4855.89990234375,2035.199951171875,2745.39990234375,18926.150390625
2022-02-23,37391.6171875,34114.30078125,35933.1015625,11318.7001953125,12976.2998046875,17428.75,5608.89990234375,24164.75,443.54998779296875,4842.39990234375,2050.10009765625,2773.89990234375,18964.69921875
2022-02-24,35227.69140625,32547.900390625,34735.1484375,10609.7998046875,12500.099609375,16531.55078125,5313.64990234375,22928.099609375,411.75,4581.64990234375,1907.5999755859375,2544.699951171875,17829.69921875
2022-02-25,36430.328125,33476.94921875,35292.55078125,10895.2998046875,12899.849609375,17028.900390625,5618.7001953125,23590.599609375,433.75,4699.75,1997.0999755859375,2664.14990234375,18497.5
2022-02-28,36204.87890625,33847.8515625,35515.3984375,10820.5498046875,12927.599609375,16936.30078125,5896.85009765625,24212.099609375,436.3999938964844,4798.75,2010.6500244140625,2667.60009765625,18397.849609375
2022-03-02,35372.390625,33720.0,35364.44921875,10500.4501953125,12689.5498046875,16551.900390625,6136.7001953125,24520.650390625,431.25,4774.75,2048.199951171875,2639.199951171875,17959.650390625
2022-03-03,34943.89453125,34130.30078125,35019.6015625,10261.099609375,12643.75,16359.0498046875,6210.25,24968.25,429.0,4741.7998046875,2056.14990234375,2620.550048828125,17774.0
2022-03-04,34407.40234375,34177.69921875,34627.8515625,9896.650390625,12600.150390625,16080.150390625,6010.14990234375,24491.349609375,416.45001220703125,4655.7001953125,1997.0999755859375,2579.0,17478.849609375
2022-03-07,32870.8671875,34135.8984375,33657.44921875,9480.4501953125,12546.849609375,15391.150390625,6136.14990234375,24207.599609375,393.6499938964844,4578.5,1987.800048828125,2460.949951171875,16644.69921875
2022-03-08,33157.71484375,35055.55078125,34006.8984375,9560.0,12844.849609375,15528.849609375,6045.2998046875,24229.0,406.45001220703125,4620.7001953125,2042.5999755859375,2524.10009765625,16833.19921875
2022-03-09,33815.0546875,35440.55078125,34486.94921875,9832.349609375,13059.25,15845.5,6024.60009765625,24459.099609375,418.8500061035156,4708.5498046875,2125.35009765625,2572.64990234375,17165.25
2022-03-10,34475.19921875,35399.1015625,35530.30078125,10019.349609375,13077.0498046875,16134.9501953125,6161.9501953125,24816.650390625,428.20001220703125,4773.9501953125,2132.25,2632.64990234375,17473.80078125
2022-03-11,34545.84765625,35348.69921875,35613.6484375,9979.7001953125,13399.0,16165.2001953125,6190.0498046875,25004.30078125,430.20001220703125,4797.4501953125,2131.550048828125,2656.949951171875,17482.150390625
2022-03-14,35311.73828125,36028.0,35589.3984375,10074.2998046875,13351.900390625,16514.25,6161.0498046875,24889.80078125,422.95001220703125,4811.0498046875,2183.699951171875,2709.699951171875,17828.19921875
2022-03-15,35022.2421875,35097.8515625,35649.94921875,10131.2998046875,13318.849609375,16352.099609375,5910.10009765625,24347.94921875,421.70001220703125,4754.2998046875,2133.449951171875,2682.89990234375,17650.5
2022-03-16,35747.8359375,35729.6484375,36273.6015625,10350.099609375,13374.5,16675.5,6065.7001953125,24783.80078125,437.04998779296875,4843.35009765625,2147.449951171875,2720.60009765625,18080.650390625
2022-03-17,36428.12890625,35643.6015625,36782.69921875,10576.0,13546.0498046875,17137.400390625,6183.7998046875,25304.80078125,450.75,4917.39990234375,2171.75,2745.14990234375,18415.349609375
2022-03-21,36018.08203125,35377.75,36149.3515625,10448.400390625,13549.5498046875,16936.900390625,6276.35009765625,24936.650390625,447.6000061035156,4834.14990234375,2181.75,2711.800048828125,18194.900390625
2022-03-22,36348.12890625,36070.44921875,35887.05078125,10572.900390625,13513.150390625,17087.150390625,6323.7001953125,25359.5,443.1000061035156,4890.9501953125,2187.64990234375,2716.35009765625,18375.69921875
2022-03-23,36146.9296875,36082.0,35789.8515625,10463.4501953125,13569.650390625,16936.75,6399.9501953125,25569.75,441.54998779296875,4882.85009765625,2192.25,2702.89990234375,18289.599609375
2022-03-24,35526.6875,36516.75,35797.1484375,10412.400390625,13724.5,16672.0,6498.2001953125,25789.099609375,443.75,4916.7998046875,2321.75,2690.64990234375,17962.94921875
2022-03-25,35409.69140625,36152.30078125,35522.75,10354.150390625,13607.0498046875,16616.69921875,6500.2001953125,25833.55078125,449.1499938964844,4921.14990234375,2322.75,2703.85009765625,17906.849609375
2022-03-28,35710.0859375,36026.05078125,35659.44921875,10421.599609375,13562.25,16667.94921875,6559.39990234375,25989.30078125,451.0,4949.2001953125,2336.449951171875,2736.89990234375,18031.94921875
2022-03-29,35846.98046875,36146.75,35640.1484375,10416.25,13771.400390625,16836.650390625,6571.85009765625,25889.94921875,455.3999938964844,4981.35009765625,2307.949951171875,2714.199951171875,18099.05078125
2022-03-30,36333.87890625,36463.55078125,35858.25,10542.150390625,13745.599609375,17167.05078125,6428.9501953125,25856.19921875,462.3500061035156,5029.5498046875,2360.5,2746.89990234375,18367.099609375
2022-03-31,36373.1796875,36317.19921875,36287.75,10552.099609375,13584.099609375,17147.150390625,6423.7001953125,25822.0,463.54998779296875,5018.5498046875,2379.60009765625,2725.64990234375,18420.80078125
2022-04-01,37148.06640625,36343.3984375,36712.1484375,10676.849609375,13579.900390625,17467.150390625,6477.2001953125,26454.5,474.54998779296875,5095.75,2420.60009765625,2834.5,18831.05078125
2022-04-04,38634.75,36442.8984375,37191.75,10803.849609375,13789.25,18277.19921875,6606.10009765625,26841.0,476.1499938964844,5152.2998046875,2454.64990234375,2861.60009765625,19570.05078125
2022-04-05,38067.45703125,36466.55078125,37656.80078125,10936.5,13809.25,17989.30078125,6640.4501953125,27150.650390625,474.8999938964844,5183.5,2448.199951171875,2875.050048828125,19269.69921875
2022-04-06,37632.36328125,35871.5,37588.8984375,10906.7998046875,13758.4501953125,17703.5,6730.0,27472.05078125,473.70001220703125,5218.60009765625,2427.39990234375,2932.300048828125,19023.099609375
2022-04-07,37556.9140625,35423.25,37561.69921875,10820.7001953125,13815.0,17577.400390625,6618.35009765625,27005.150390625,473.8500061035156,5149.75,2396.60009765625,2921.800048828125,18979.80078125
2022-04-08,37751.61328125,35394.44921875,38322.6484375,10894.2998046875,13838.599609375,17667.30078125,6755.5498046875,27512.69921875,474.5,5209.64990234375,2412.5,2945.14990234375,19076.849609375
2022-04-11,37613.36328125,34895.8984375,38236.25,10882.099609375,13837.849609375,17567.80078125,6774.89990234375,28235.25,479.8500061035156,5214.5,2445.35009765625,2932.10009765625,19022.150390625
2022-04-12,37746.9609375,34379.5,37931.3984375,10788.7998046875,13744.650390625,17572.150390625,6589.25,28059.05078125,466.6000061035156,5130.89990234375,2408.300048828125,2896.14990234375,19108.75
2022-04-13,37462.96484375,34354.80078125,38191.3984375,10698.2998046875,13772.75,17419.599609375,6627.0,28193.69921875,464.1000061035156,5142.60009765625,2389.699951171875,2900.699951171875,18942.69921875
2022-04-18,36728.57421875,32780.05078125,38422.1015625,10745.75,13717.2998046875,17034.650390625,6648.9501953125,28423.19921875,458.20001220703125,5110.39990234375,2355.0,2828.39990234375,18619.400390625
2022-04-19,36341.1796875,31804.19921875,37337.3984375,10615.150390625,13522.4501953125,16708.900390625,6578.0,28440.849609375,446.8999938964844,5102.85009765625,2309.75,2820.199951171875,18376.19921875
2022-04-20,36314.4765625,32173.400390625,37722.80078125,10848.7001953125,13660.650390625,16702.400390625,6556.10009765625,28690.69921875,449.3500061035156,5169.2998046875,2299.199951171875,2814.89990234375,18377.5
2022-04-21,36815.671875,32611.599609375,38005.8984375,11090.5498046875,13821.2998046875,16959.94921875,6570.2001953125,29026.0,454.3999938964844,5237.85009765625,2296.449951171875,2846.449951171875,18655.099609375
2022-04-22,36044.33203125,32426.69921875,37775.44921875,11028.150390625,13569.849609375,16664.44921875,6440.64990234375,28877.650390625,448.1000061035156,5197.0498046875,2290.60009765625,2786.75,18288.69921875
2022-04-25,36081.93359375,31744.0,37167.3984375,10916.5,13296.75,16639.94921875,6256.7998046875,28155.099609375,431.25,5090.25,2241.0,2750.35009765625,18306.5
2022-04-26,36404.37890625,31840.05078125,37866.69921875,11221.75,13444.099609375,16804.80078125,6336.85009765625,28902.599609375,446.6499938964844,5195.2998046875,2283.60009765625,2814.14990234375,18478.55078125
2022-04-27,36028.43359375,31594.349609375,37634.5,11158.849609375,13358.150390625,16557.69921875,6321.5498046875,28527.599609375,445.29998779296875,5149.39990234375,2285.199951171875,2790.89990234375,18302.44921875
2022-04-28,36421.77734375,31914.349609375,38460.25,11192.0498046875,13480.0,16713.150390625,6362.39990234375,29046.099609375,449.1000061035156,5207.5498046875,2213.14990234375,2805.35009765625,18479.599609375
2022-04-29,36087.73046875,31622.400390625,38204.1484375,11078.099609375,13462.849609375,16636.55078125,6327.2998046875,28594.150390625,443.75,5127.85009765625,2149.699951171875,2758.550048828125,18326.30078125
2022-05-02,36163.328125,31138.80078125,38285.30078125,10938.2998046875,13460.25,16671.94921875,6363.10009765625,28573.650390625,444.70001220703125,5122.10009765625,2158.64990234375,2745.89990234375,18414.599609375
2022-05-04,35264.140625,30794.599609375,37621.80078125,10661.0,13108.7998046875,16236.9501953125,6158.5498046875,28201.400390625,430.1499938964844,5014.85009765625,2066.050048828125,2668.800048828125,17969.150390625
2022-05-05,35232.44140625,31432.44921875,37408.05078125,10705.7001953125,13008.5,16261.5498046875,6196.60009765625,28284.900390625,423.20001220703125,4980.85009765625,2060.64990234375,2649.75,17897.150390625
2022-05-06,34590.796875,30719.44921875,37279.30078125,10518.4501953125,12820.900390625,15895.349609375,6066.0,28339.0,408.1499938964844,4932.25,2020.699951171875,2635.89990234375,17507.0
2022-05-09,34275.0,30733.30078125,36732.0,10483.5,12785.0,15844.099609375,5942.7998046875,27570.25,402.95001220703125,4872.2998046875,1967.0999755859375,2574.300048828125,17349.30078125
2022-05-10,34482.24609375,30427.19921875,36911.8984375,10472.4501953125,12596.2998046875,15929.900390625,5633.85009765625,26581.349609375,391.1000061035156,4819.14990234375,1960.1500244140625,2553.85009765625,17480.099609375
2022-05-11,34692.74609375,30050.25,36658.3984375,10377.400390625,12557.650390625,15974.7001953125,5634.14990234375,26464.69921875,393.95001220703125,4783.64990234375,1955.75,2540.300048828125,17573.599609375
2022-05-12,33531.7578125,29756.849609375,36221.75,10164.349609375,12424.4501953125,15487.5,5425.89990234375,25719.150390625,385.5,4678.7998046875,1924.5,2403.449951171875,16957.900390625
2022-05-13,33120.96484375,29624.849609375,36887.1484375,10412.349609375,12629.5,15291.7001953125,5313.0498046875,25347.650390625,384.45001220703125,4669.14990234375,1945.3499755859375,2404.35009765625,16830.05078125
2022-05-16,33597.2109375,29403.5,36759.5,10649.099609375,12608.25,15492.849609375,5359.9501953125,25657.400390625,394.5,4696.39990234375,1952.199951171875,2474.199951171875,17090.0
2022-05-17,34301.5,30218.75,37518.75,10911.150390625,12745.9501953125,15810.5,5727.4501953125,26455.849609375,402.20001220703125,4835.2001953125,2010.949951171875,2524.14990234375,17455.0
2022-05-18,34163.30078125,30077.69921875,37989.05078125,10909.4501953125,12881.5498046875,15765.900390625,5708.9501953125,26314.900390625,395.1499938964844,4797.10009765625,2006.9000244140625,2484.5,17420.5
2022-05-19,33315.26171875,28352.150390625,37740.44921875,10618.0,12600.849609375,15397.900390625,5476.25,25839.75,384.8500061035156,4700.7001953125,1931.75,2416.75,16947.44921875
2022-05-20,34276.0,28789.400390625,38546.3515625,10914.599609375,13065.5,15793.599609375,5706.35009765625,26433.5,401.04998779296875,4828.9501953125,2018.1500244140625,2489.64990234375,17410.5
2022-05-23,34247.203125,29079.30078125,38510.80078125,11115.2001953125,12889.2001953125,15759.5498046875,5241.60009765625,26052.0,396.79998779296875,4804.5,1998.4000244140625,2481.10009765625,17405.099609375
2022-05-24,34289.75,28531.5,38010.8515625,11116.2998046875,12691.599609375,15809.849609375,5180.2998046875,25824.19921875,392.0,4772.2998046875,1947.050048828125,2475.35009765625,17406.599609375
2022-05-25,34339.1015625,27566.099609375,37930.94921875,11011.5,12543.849609375,15918.099609375,5079.25,25778.0,380.70001220703125,4733.39990234375,1891.300048828125,2425.199951171875,17453.349609375
2022-05-26,35094.4921875,27932.55078125,37849.19921875,11097.150390625,12557.5,16231.2998046875,5214.75,25760.44921875,386.0,4748.39990234375,1911.0,2501.85009765625,17779.0
2022-05-27,35612.88671875,28641.599609375,38242.69921875,11270.25,12669.9501953125,16476.05078125,5211.5,25511.849609375,387.8500061035156,4744.35009765625,1958.5,2521.5,18106.900390625
2022-05-30,35826.53125,29753.30078125,38610.3984375,11491.400390625,12671.150390625,16629.19921875,5264.0498046875,25921.099609375,403.6000061035156,4863.39990234375,2021.449951171875,2602.35009765625,18252.150390625
2022-05-31,35486.984375,29679.05078125,38713.44921875,11586.599609375,12604.4501953125,16475.69921875,5332.75,25641.099609375,411.70001220703125,4877.2998046875,2052.64990234375,2575.60009765625,18112.400390625
2022-06-01,35620.38671875,29260.75,38434.55078125,11563.0,12443.75,16502.30078125,5336.7001953125,25456.44921875,407.1000061035156,4853.7998046875,2037.3499755859375,2593.550048828125,18170.94921875
2022-06-02,35613.234375,29792.400390625,38497.30078125,11491.400390625,12500.349609375,16447.400390625,5397.5498046875,25968.650390625,410.79998779296875,4887.0,2060.10009765625,2620.0,18172.150390625
2022-06-03,35274.640625,29903.80078125,38273.8984375,11282.150390625,12418.7998046875,16330.400390625,5328.7998046875,25882.400390625,406.8500061035156,4852.7998046875,2028.8499755859375,2582.699951171875,17982.75
2022-06-06,35309.7890625,29819.80078125,38238.44921875,11303.150390625,12412.400390625,16324.599609375,5388.64990234375,25830.349609375,403.5,4830.85009765625,2003.550048828125,2574.60009765625,18019.849609375
2022-06-07,34995.59375,29351.69921875,37648.8515625,11362.2001953125,12279.650390625,16152.0,5340.85009765625,26101.900390625,396.75,4821.85009765625,1971.550048828125,2566.800048828125,17860.30078125
2022-06-08,34945.7421875,29472.150390625,37254.3515625,11382.349609375,12317.7998046875,16146.7998046875,5348.2001953125,25976.25,404.25,4783.35009765625,2000.9000244140625,2585.0,17782.75
2022-06-09,35085.04296875,29761.55078125,37440.6484375,11419.25,12465.900390625,16209.849609375,5278.2001953125,26287.69921875,405.29998779296875,4831.9501953125,2007.800048828125,2577.60009765625,17898.44921875
2022-06-10,34483.3984375,29114.30078125,37428.69921875,11394.0,12419.2001953125,15847.2998046875,5199.9501953125,25808.5,400.45001220703125,4784.10009765625,1980.25,2564.800048828125,17588.25
2022-06-13,33405.46484375,27914.599609375,37078.1015625,11165.650390625,12191.849609375,15356.400390625,5000.0,25317.400390625,387.8500061035156,4671.5,1901.550048828125,2473.0,16960.400390625
2022-06-14,33310.96484375,27953.349609375,36999.1484375,11104.150390625,12218.5,15292.150390625,5018.2998046875,25177.69921875,391.0,4674.25,1898.4000244140625,2462.64990234375,16883.75
2022-06-15,33338.61328125,27812.44921875,36830.8984375,11206.75,12261.349609375,15333.2998046875,4982.2998046875,24877.0,388.6000061035156,4663.9501953125,1892.8499755859375,2453.35009765625,16867.19921875
2022-06-16,32616.720703125,27136.44921875,36621.1484375,10956.599609375,12066.650390625,15002.0,4721.2998046875,24370.0,377.70001220703125,4542.9501953125,1832.25,2387.199951171875,16464.349609375
2022-06-17,32742.669921875,26732.44921875,36264.55078125,10830.900390625,11803.9501953125,15059.2998046875,4724.85009765625,24155.150390625,377.6499938964844,4498.10009765625,1833.800048828125,2368.199951171875,16531.94921875
2022-06-20,32684.419921875,26966.19921875,36915.75,10754.7001953125,11847.900390625,15203.9501953125,4540.5498046875,23701.30078125,370.75,4444.5498046875,1786.3499755859375,2309.300048828125,16417.900390625
2022-06-21,33191.36328125,27810.650390625,37317.75,10974.2001953125,12098.349609375,15436.349609375,4720.75,24355.94921875,384.29998779296875,4537.7001953125,1884.3499755859375,2403.10009765625,16649.55078125
2022-06-22,32844.91796875,27488.400390625,36963.30078125,10881.400390625,11939.0498046875,15271.4501953125,4490.75,23792.05078125,375.8999938964844,4466.7998046875,1818.4000244140625,2401.85009765625,16451.75
2022-06-23,33134.61328125,28027.80078125,37316.5,11359.5,12127.2001953125,15391.650390625,4523.0,23692.55078125,382.1499938964844,4481.39990234375,1846.050048828125,2412.60009765625,16596.099609375
2022-06-24,33627.05859375,27777.80078125,37778.8515625,11583.25,12178.400390625,15595.5,4596.60009765625,24021.30078125,383.20001220703125,4522.14990234375,1892.9000244140625,2460.39990234375,16887.349609375
2022-06-27,33810.85546875,28345.94921875,38103.19921875,11686.0498046875,12221.5498046875,15651.0,4666.2998046875,24238.150390625,386.5,4572.5,1893.0999755859375,2472.050048828125,17010.19921875
2022-06-28,33642.05859375,28509.099609375,38173.1015625,11832.5498046875,12214.5498046875,15559.0498046875,4744.0,24477.94921875,389.1000061035156,4603.39990234375,1903.300048828125,2483.5,16885.400390625
2022-06-29,33269.51171875,28140.099609375,37688.3515625,11850.5,12210.9501953125,15409.349609375,4755.39990234375,24972.650390625,389.95001220703125,4633.39990234375,1899.699951171875,2460.550048828125,16696.099609375
2022-06-30,33424.71484375,27843.349609375,37664.55078125,11701.150390625,12159.349609375,15474.400390625,4660.89990234375,25108.5,385.29998779296875,4619.7998046875,1897.550048828125,2434.75,16720.94921875
2022-07-01,33539.05859375,28064.25,38725.8515625,11711.9501953125,12260.900390625,15620.75,4696.5,24122.849609375,391.3999938964844,4540.35009765625,1910.4000244140625,2447.89990234375,16834.05078125
2022-07-04,33940.50390625,27890.650390625,39755.6484375,11692.099609375,12218.2001953125,15766.5,4649.9501953125,24078.19921875,392.6000061035156,4561.7998046875,1918.6500244140625,2488.449951171875,17091.900390625
2022-07-05,33815.50390625,27695.150390625,39690.6015625,11649.7998046875,12233.75,15729.150390625,4663.75,24229.0,391.8500061035156,4568.35009765625,1901.4000244140625,2488.300048828125,17017.599609375
2022-07-06,34323.8515625,28007.599609375,40740.1484375,11952.2001953125,12331.150390625,15980.25,4665.2998046875,24079.19921875,400.75,4582.60009765625,1936.449951171875,2514.64990234375,17259.05078125
2022-07-07,34919.89453125,28196.349609375,40708.69921875,12114.099609375,12389.7001953125,16179.0,4842.2001953125,24109.150390625,411.25,4616.0498046875,1945.9000244140625,2600.75,17565.599609375
2022-07-08,35123.640625,28250.30078125,40925.25,12124.599609375,12449.4501953125,16260.2001953125,4799.5498046875,24347.650390625,411.0,4669.64990234375,1947.050048828125,2609.949951171875,17636.25
2022-07-11,35469.234375,27380.55078125,41043.1484375,12252.5,12564.849609375,16365.599609375,4893.89990234375,25005.5,417.04998779296875,4657.39990234375,1951.4000244140625,2659.050048828125,17849.849609375
2022-07-12,35131.83984375,27063.75,40574.80078125,12107.349609375,12450.650390625,16200.599609375,4834.0498046875,25098.44921875,417.45001220703125,4642.0498046875,1929.050048828125,2656.35009765625,17679.44921875
2022-07-13,34827.39453125,26949.75,40954.3984375,12099.349609375,12622.2998046875,16043.849609375,4872.5498046875,24727.19921875,418.6000061035156,4613.10009765625,1938.699951171875,2658.10009765625,17494.55078125
2022-07-14,34650.796875,26523.30078125,40897.30078125,12115.2998046875,12721.0,15998.75,4870.35009765625,24975.349609375,417.6499938964844,4621.60009765625,1931.5999755859375,2599.449951171875,17451.099609375
2022-07-15,34682.24609375,26484.75,41498.80078125,12361.650390625,12732.0,16112.75,4830.7001953125,24964.5,420.0,4661.64990234375,1938.1500244140625,2588.35009765625,17462.5
2022-07-18,35358.2890625,27322.94921875,41460.30078125,12408.7001953125,12713.4501953125,16341.4501953125,4950.9501953125,25279.150390625,425.1000061035156,4722.75,1963.1500244140625,2660.14990234375,17862.599609375
2022-07-19,35719.9375,27346.150390625,41479.8515625,12538.900390625,12682.2001953125,16436.19921875,4991.0,25372.69921875,435.95001220703125,4744.0,1956.4000244140625,2721.199951171875,18072.19921875
2022-07-20,35971.68359375,28146.349609375,41950.1484375,12511.2998046875,12711.5,16530.099609375,5046.7001953125,25608.19921875,435.20001220703125,4776.14990234375,1947.9000244140625,2726.949951171875,18141.5
2022-07-21,36200.578125,28342.900390625,42283.0,12581.349609375,12651.75,16600.5,5090.10009765625,25719.599609375,438.0,4814.7001953125,1971.0,2771.35009765625,18354.150390625
2022-07-22,36738.5234375,28168.150390625,42502.75,12634.2001953125,12617.5498046875,16858.55078125,5094.10009765625,25621.650390625,439.5,4830.14990234375,1976.9000244140625,2787.89990234375,18616.599609375
2022-07-25,36725.97265625,28216.0,42386.94921875,12423.7001953125,12488.7998046875,16837.55078125,5168.5498046875,25360.849609375,437.5,4797.35009765625,1962.9000244140625,2771.25,18602.849609375
2022-07-26,36408.078125,27418.849609375,41799.05078125,12276.5,12341.900390625,16734.099609375,5153.39990234375,25273.349609375,433.1000061035156,4773.4501953125,1979.8499755859375,2752.10009765625,18427.75
2022-07-27,36783.32421875,27878.80078125,42036.30078125,12326.349609375,12628.9501953125,16880.30078125,5193.64990234375,25278.650390625,437.75,4805.7998046875,2021.9000244140625,2807.39990234375,18591.349609375
2022-07-28,37377.71484375,28663.05078125,42271.6484375,12383.7001953125,12660.650390625,17280.0,5282.10009765625,25555.55078125,446.79998779296875,4825.35009765625,2049.85009765625,2818.050048828125,18936.599609375
2022-07-29,37490.9609375,29152.30078125,42487.3984375,12543.2001953125,12776.5498046875,17437.80078125,5485.7998046875,26018.400390625,450.95001220703125,4890.5498046875,2079.050048828125,2784.949951171875,19045.69921875
2022-08-01,37902.7578125,29220.0,42526.75,12953.650390625,12766.849609375,17584.19921875,5578.14990234375,26746.44921875,452.6499938964844,4979.2998046875,2126.89990234375,2831.199951171875,19257.599609375
2022-08-02,38023.55859375,29024.650390625,42798.5,13023.650390625,12780.400390625,17538.80078125,5563.4501953125,27038.5,445.0,4976.89990234375,2125.199951171875,2906.949951171875,19332.94921875
2022-08-03,37988.80859375,29416.94921875,42624.1484375,12919.400390625,12682.0,17551.69921875,5553.14990234375,27052.25,441.6000061035156,4971.0,2116.199951171875,2891.60009765625,19302.599609375
2022-08-04,37755.11328125,29782.900390625,42830.25,12945.7001953125,12982.349609375,17472.05078125,5620.35009765625,26803.75,436.54998779296875,4934.85009765625,2097.449951171875,2841.0,19171.900390625
2022-08-05,37920.16015625,29973.55078125,42930.8984375,12804.349609375,12939.75,17534.55078125,5595.85009765625,26418.650390625,437.8999938964844,4950.64990234375,2086.550048828125,2829.39990234375,19251.150390625
2022-08-08,38236.953125,29967.69921875,42978.5,12927.9501953125,12940.25,17697.599609375,5668.0,26728.849609375,438.6000061035156,4974.60009765625,2103.199951171875,2816.800048828125,19488.150390625
2022-08-10,38287.40625,29701.150390625,42821.6015625,12951.650390625,12950.7001953125,17699.099609375,5759.60009765625,26664.75,434.79998779296875,4986.25,2092.949951171875,2803.800048828125,19593.75
2022-08-11,38879.3984375,30233.69921875,42478.5,12923.5498046875,13014.2001953125,17977.400390625,5758.85009765625,26661.75,440.3999938964844,4983.75,2072.550048828125,2870.64990234375,19866.099609375
2022-08-12,39041.84765625,29885.900390625,42457.30078125,12923.75,12864.0,18055.150390625,5853.4501953125,27163.94921875,443.25,5020.60009765625,2043.25,2879.60009765625,19940.349609375
2022-08-16,39239.19140625,29909.0,42964.1015625,13250.0,12933.849609375,18191.349609375,5893.39990234375,27462.30078125,452.0,5064.64990234375,2037.199951171875,2868.85009765625,20075.099609375
2022-08-17,39461.2421875,30256.900390625,43275.8515625,13194.25,12979.25,18348.25,5922.7998046875,27609.25,452.3500061035156,5094.0,2066.949951171875,2933.550048828125,20177.05078125
2022-08-18,39655.6875,30018.900390625,43522.30078125,13131.900390625,12935.75,18406.05078125,5977.14990234375,27630.80078125,459.3500061035156,5122.5498046875,2065.39990234375,2926.699951171875,20306.099609375
2022-08-19,38985.49609375,30036.099609375,42945.3515625,12946.4501953125,12799.9501953125,18114.900390625,5883.25,27468.05078125,450.3999938964844,5097.10009765625,2063.60009765625,2848.89990234375,19932.900390625
2022-08-22,38297.3046875,29478.900390625,42890.6484375,12695.75,12588.25,17763.400390625,5708.10009765625,27234.5,439.1000061035156,5009.64990234375,2058.60009765625,2788.60009765625,19592.150390625
2022-08-23,38697.19921875,28957.849609375,42937.6484375,12925.75,12683.5498046875,17897.349609375,5789.2001953125,27492.25,440.8500061035156,5056.5,2062.5,2853.85009765625,19814.150390625
2022-08-24,39038.046875,28859.849609375,42999.69921875,12913.349609375,12644.0,17987.0,5830.0498046875,27561.5,448.8500061035156,5078.0,2098.35009765625,2867.800048828125,20129.44921875
2022-08-25,38950.296875,28608.650390625,42830.05078125,12877.900390625,12593.25,17916.349609375,5800.10009765625,27514.900390625,455.45001220703125,5060.89990234375,2097.39990234375,2946.300048828125,20100.25
2022-08-26,38986.6953125,28691.599609375,42768.94921875,12929.150390625,12580.4501953125,17933.900390625,5902.7001953125,27724.650390625,453.75,5096.39990234375,2083.550048828125,2975.25,20043.44921875
2022-08-29,38276.25390625,27678.94921875,42933.8984375,12886.400390625,12545.75,17631.69921875,5812.25,27557.44921875,447.6000061035156,5045.39990234375,2041.1500244140625,2926.85009765625,19671.44921875
2022-08-30,39536.2890625,28407.900390625,43821.1484375,13217.349609375,12699.400390625,18235.05078125,5934.60009765625,28104.5,463.20001220703125,5127.5498046875,2069.199951171875,3003.35009765625,20320.5
2022-09-01,39300.79296875,27846.80078125,43497.3515625,13266.150390625,12555.0,18056.0,5878.9501953125,27565.80078125,468.20001220703125,5089.5,2071.75,3024.64990234375,20186.849609375
2022-09-02,39420.54296875,27745.80078125,43666.55078125,13220.650390625,12506.150390625,18147.25,5887.7001953125,27358.849609375,467.3500061035156,5078.10009765625,2082.199951171875,3004.25,20220.55078125
2022-09-05,39805.2890625,27836.599609375,43755.8515625,13246.099609375,12565.5498046875,18264.900390625,5985.75,27531.69921875,471.5,5113.60009765625,2139.5,3032.89990234375,20447.25
2022-09-06,39666.0390625,27742.80078125,43528.8984375,13225.2998046875,12598.0,18197.900390625,6064.7001953125,27885.5,473.20001220703125,5164.10009765625,2130.949951171875,3048.25,20350.650390625
2022-09-07,39455.44140625,27832.400390625,43614.94921875,13072.650390625,12696.2998046875,18140.5,6066.39990234375,27718.80078125,473.6000061035156,5184.64990234375,2162.0,3043.199951171875,20223.849609375
2022-09-08,40208.48046875,28102.400390625,43786.44921875,13151.400390625,12689.9501953125,18409.44921875,6011.5,27783.599609375,472.25,5229.4501953125,2152.300048828125,3119.64990234375,20603.30078125
2022-09-09,40415.23046875,28724.05078125,43837.69921875,13219.599609375,12689.2998046875,18383.94921875,6025.2998046875,27692.94921875,470.04998779296875,5205.25,2148.10009765625,3134.60009765625,20720.0
2022-09-12,40573.52734375,29131.19921875,43921.8515625,13256.099609375,12715.25,18437.599609375,6080.9501953125,27946.599609375,480.3999938964844,5256.75,2190.64990234375,3172.85009765625,20794.5
2022-09-13,40872.625,29116.849609375,44251.55078125,13264.150390625,12745.599609375,18605.349609375,6158.89990234375,28047.69921875,479.54998779296875,5299.0,2198.75,3172.60009765625,20961.849609375
2022-09-14,41404.91796875,28137.650390625,44182.6484375,13222.25,12682.2001953125,18745.599609375,6256.2998046875,27954.75,476.25,5290.2998046875,2217.800048828125,3227.64990234375,21276.05078125
2022-09-15,41208.71875,27734.349609375,44041.6015625,13315.5,12518.849609375,18654.900390625,6263.89990234375,28172.099609375,471.8999938964844,5302.7998046875,2169.550048828125,3227.699951171875,21145.19921875
2022-09-16,40776.328125,26706.44921875,43192.6484375,12954.4501953125,12346.849609375,18372.05078125,6137.64990234375,27728.80078125,454.3500061035156,5174.9501953125,2081.35009765625,3152.0,20985.650390625
2022-09-19,40903.921875,26810.150390625,43655.6484375,13074.0,12369.599609375,18492.599609375,6110.10009765625,27586.75,450.04998779296875,5180.35009765625,2107.64990234375,3215.949951171875,20998.900390625
2022-09-20,41467.8203125,27020.599609375,43981.25,13291.349609375,12750.7001953125,18750.75,6205.60009765625,27724.349609375,457.20001220703125,5222.60009765625,2127.25,3231.449951171875,21349.44921875
2022-09-21,41202.96875,26843.25,44500.1484375,13223.4501953125,12573.5498046875,18662.150390625,6076.10009765625,27310.099609375,451.29998779296875,5139.60009765625,2121.199951171875,3208.449951171875,21172.150390625
2022-09-22,40630.12890625,26782.650390625,45080.44921875,13320.75,12612.849609375,18403.69921875,6100.75,27223.349609375,450.04998779296875,5119.2001953125,2160.35009765625,3179.89990234375,20872.150390625
2022-09-23,39545.7890625,26592.349609375,44854.6484375,13093.5,12610.650390625,17947.25,6027.35009765625,26500.099609375,436.75,5004.89990234375,2086.050048828125,3053.699951171875,20324.849609375
2022-09-26,38615.80078125,26743.650390625,43937.3984375,12594.349609375,12475.5,17565.30078125,5778.25,25684.19921875,418.20001220703125,4888.39990234375,2022.4000244140625,2941.14990234375,19796.80078125
2022-09-27,38358.703125,27004.150390625,44218.1484375,12529.7998046875,12598.0,17424.05078125,5728.64990234375,25682.30078125,417.04998779296875,4904.4501953125,2029.4000244140625,2935.0,19717.05078125
2022-09-28,37759.4140625,27067.650390625,43964.6484375,12537.349609375,12705.400390625,17210.05078125,5617.64990234375,25281.25,414.25,4861.75,2009.0999755859375,2874.14990234375,19432.349609375
2022-09-29,37647.3125,26819.05078125,44356.25,12497.349609375,12874.2998046875,17123.0,5645.9501953125,25070.400390625,415.79998779296875,4867.4501953125,2033.300048828125,2907.35009765625,19391.69921875
2022-09-30,38631.5,26981.150390625,44405.6484375,12699.2998046875,12971.900390625,17506.650390625,5768.2001953125,25581.30078125,424.0,4957.85009765625,2062.89990234375,2995.0,19932.44921875
2022-10-03,38029.20703125,26729.099609375,43477.30078125,12441.0498046875,13118.9501953125,17270.19921875,5593.9501953125,25192.599609375,418.75,4917.89990234375,2039.0999755859375,2914.89990234375,19629.849609375
2022-10-04,39109.59765625,27496.94921875,44287.05078125,12690.5498046875,13233.4501953125,17741.05078125,5769.2998046875,25717.650390625,428.25,5007.7001953125,2095.449951171875,3001.60009765625,20249.55078125
2022-10-06,39282.39453125,27928.75,44097.19921875,12784.5498046875,13188.0,17749.05078125,5956.9501953125,25865.25,437.1499938964844,5018.35009765625,2152.60009765625,3026.050048828125,20324.75
2022-10-07,39177.59375,27733.599609375,43813.30078125,12761.9501953125,13134.7001953125,17707.0,5931.5498046875,25884.0,438.54998779296875,5036.25,2160.800048828125,3019.0,20347.05078125
2022-10-10,39092.6484375,28027.599609375,43329.19921875,12693.599609375,13028.400390625,17626.5,5916.39990234375,25621.599609375,434.25,4998.5,2137.64990234375,2988.5,20293.400390625
2022-10-11,38712.0,27469.5,42564.6484375,12488.349609375,12826.7998046875,17455.19921875,5785.9501953125,25209.75,420.8999938964844,4912.25,2094.5,2938.10009765625,20072.0
2022-10-12,39118.09765625,27694.650390625,43196.8515625,12598.2998046875,12839.349609375,17603.849609375,5798.14990234375,25455.400390625,427.70001220703125,4961.14990234375,2093.10009765625,2982.550048828125,20329.55078125
2022-10-13,38623.55078125,27506.19921875,43036.6484375,12562.75,12867.150390625,17389.44921875,5804.25,25319.900390625,423.45001220703125,4922.0498046875,2098.699951171875,2935.300048828125,20111.75
2022-10-14,39305.14453125,27954.05078125,43153.05078125,12478.25,12950.4501953125,17705.5,5767.2001953125,25066.94921875,420.04998779296875,4923.85009765625,2082.10009765625,2948.75,20454.30078125
2022-10-17,39919.984375,28019.150390625,43182.8984375,12562.5498046875,12982.400390625,17908.900390625,5711.39990234375,25449.150390625,418.25,4944.85009765625,2065.5,3050.949951171875,20743.75
2022-10-18,40318.28125,28315.19921875,43715.75,12732.650390625,13008.25,18021.30078125,5775.0498046875,25779.55078125,425.45001220703125,5004.75,2109.75,3172.050048828125,20882.69921875
2022-10-19,40372.73046875,28060.349609375,43890.55078125,12721.0498046875,13021.75,18093.75,5736.14990234375,25721.44921875,427.1499938964844,5022.4501953125,2103.800048828125,3153.75,20942.94921875
2022-10-20,40099.0859375,28432.19921875,44281.1484375,12729.599609375,13089.2001953125,18057.25,5801.7001953125,26080.349609375,426.6000061035156,5048.89990234375,2104.10009765625,3213.10009765625,20733.19921875
2022-10-21,40783.578125,28336.94921875,44269.19921875,12695.650390625,12979.400390625,18194.099609375,5748.35009765625,25907.55078125,426.79998779296875,5018.9501953125,2063.550048828125,3272.699951171875,21077.650390625
2022-10-24,41304.41796875,28534.30078125,44210.1015625,12794.650390625,13061.099609375,18424.75,5789.0498046875,26056.25,428.0,5054.4501953125,2070.39990234375,3311.0,21308.599609375
2022-10-25,41122.2734375,28722.849609375,43752.8515625,12952.7998046875,13112.2001953125,18280.900390625,5812.4501953125,25793.150390625,425.3500061035156,5058.85009765625,2059.14990234375,3427.0,21129.5
2022-10-27,41298.8203125,28572.19921875,43954.6015625,12979.400390625,13228.0498046875,18334.05078125,5970.25,26130.19921875,437.95001220703125,5115.2998046875,2073.050048828125,3454.449951171875,21257.75
2022-10-28,40990.375,28318.349609375,43944.1015625,13190.900390625,13048.2998046875,18284.30078125,5883.35009765625,26493.25,436.1499938964844,5164.5498046875,2055.550048828125,3438.89990234375,21116.650390625
2022-10-31,41307.41796875,28727.599609375,44296.30078125,13381.650390625,13212.25,18538.30078125,5896.35009765625,26672.650390625,438.6499938964844,5234.7001953125,2062.35009765625,3461.050048828125,21193.900390625
2022-11-01,41289.0703125,29270.650390625,44564.8984375,13416.900390625,13492.0498046875,18606.400390625,6036.9501953125,26899.650390625,442.70001220703125,5272.89990234375,2056.75,3437.699951171875,21162.80078125
2022-11-02,41146.171875,29138.650390625,44533.3515625,13318.25,13556.900390625,18577.150390625,6075.7001953125,26917.900390625,439.1499938964844,5243.85009765625,2074.25,3410.199951171875,21089.650390625
2022-11-03,41297.87109375,28795.75,44661.8515625,13262.650390625,13559.9501953125,18582.25,6068.75,26769.44921875,441.70001220703125,5236.10009765625,2078.5,3496.14990234375,21162.349609375
2022-11-04,41257.96875,28693.05078125,44509.55078125,13271.7001953125,13422.150390625,18599.69921875,6324.14990234375,26896.05078125,443.04998779296875,5268.14990234375,2100.699951171875,3532.550048828125,21108.44921875
2022-11-07,41686.21484375,28741.30078125,44709.44921875,13443.900390625,13230.0,18739.25,6423.85009765625,27102.349609375,447.70001220703125,5301.7998046875,2105.050048828125,3690.14990234375,21218.900390625
2022-11-09,41782.71484375,28626.80078125,44826.55078125,13341.400390625,13079.5,18689.349609375,6364.0498046875,26941.599609375,441.54998779296875,5263.89990234375,2098.699951171875,3835.199951171875,21219.099609375
2022-11-10,41603.265625,28505.75,44586.8984375,13080.75,12983.099609375,18604.599609375,6318.75,26712.25,440.8999938964844,5222.0,2088.800048828125,3786.0,21146.44921875
2022-11-11,42136.5625,29591.94921875,44520.5,13040.900390625,13015.650390625,19007.900390625,6447.2001953125,26955.650390625,448.25,5265.2998046875,2104.25,3760.800048828125,21447.900390625
2022-11-14,42076.26171875,29849.30078125,43919.1484375,13071.400390625,13019.849609375,18970.849609375,6558.5,26866.30078125,453.29998779296875,5272.5498046875,2053.85009765625,3738.39990234375,21444.400390625
2022-11-15,42372.20703125,29865.30078125,43911.05078125,13155.5498046875,13036.900390625,19083.599609375,6589.5498046875,26994.94921875,452.79998779296875,5298.5,2049.699951171875,3750.800048828125,21588.75
2022-11-16,42534.8046875,29951.5,43910.30078125,13105.9501953125,12998.5,19148.349609375,6461.60009765625,26760.099609375,448.1499938964844,5277.2001953125,2020.1500244140625,3761.60009765625,21644.849609375
2022-11-17,42457.55859375,29681.400390625,43845.1015625,12927.400390625,12948.25,19077.0,6455.7001953125,26584.19921875,448.3500061035156,5283.89990234375,1999.9000244140625,3791.25,21616.80078125
2022-11-18,42436.95703125,29669.25,43747.0,12774.900390625,12861.400390625,19070.94921875,6444.39990234375,26489.30078125,448.79998779296875,5262.5498046875,1991.1500244140625,3849.25,21530.650390625
2022-11-21,42346.05859375,29209.55078125,43611.0,12696.099609375,12794.599609375,18949.599609375,6392.25,26141.900390625,443.1000061035156,5240.9501953125,1996.0999755859375,3903.449951171875,21499.05078125
2022-11-22,42456.55859375,29446.900390625,43854.1484375,12745.5,12836.349609375,18973.19921875,6448.85009765625,26050.150390625,437.70001220703125,5262.2998046875,2008.0,3968.39990234375,21563.75
2022-11-23,42728.60546875,29405.650390625,43854.19921875,12774.75,12876.9501953125,19069.099609375,6422.85009765625,26080.19921875,438.79998779296875,5260.5498046875,2030.949951171875,4008.800048828125,21670.30078125
2022-11-24,43074.8984375,30178.650390625,44241.75,12845.599609375,12888.150390625,19277.0,6440.7001953125,26312.94921875,439.75,5315.85009765625,2047.449951171875,4046.89990234375,21813.849609375
2022-11-25,42983.44921875,30334.599609375,44102.6015625,12958.0,12968.4501953125,19216.900390625,6455.14990234375,26452.599609375,444.8999938964844,5352.7998046875,2099.10009765625,4048.800048828125,21821.5
2022-11-28,43019.94921875,30309.650390625,44251.05078125,13036.400390625,12993.9501953125,19200.19921875,6381.35009765625,26804.80078125,445.20001220703125,5396.5498046875,2097.949951171875,4056.89990234375,21879.349609375
2022-11-29,43052.94921875,30345.650390625,45078.55078125,13007.650390625,13087.349609375,19231.44921875,6447.35009765625,26884.44921875,443.70001220703125,5383.9501953125,2100.60009765625,4055.449951171875,21897.349609375
2022-11-30,43230.49609375,30391.69921875,45536.55078125,13231.849609375,13144.2001953125,19358.849609375,6564.2001953125,27354.0,450.1499938964844,5447.39990234375,2116.550048828125,4000.75,22018.599609375
2022-12-01,43260.14453125,31120.5,45370.6484375,13191.75,13120.650390625,19369.05078125,6664.85009765625,27183.150390625,459.04998779296875,5471.10009765625,2160.5,4085.300048828125,21991.650390625
2022-12-02,43103.25,31052.099609375,45154.19921875,13046.349609375,13086.9501953125,19249.55078125,6694.5,27028.05078125,463.3500061035156,5467.0,2186.89990234375,4102.60009765625,21925.94921875
2022-12-05,43332.4453125,30891.5,45151.1484375,13007.5498046875,13052.900390625,19297.30078125,6819.75,26931.650390625,466.54998779296875,5451.2001953125,2191.5,4151.89990234375,22056.849609375
2022-12-06,43138.05078125,30443.0,45287.8515625,12973.7998046875,12955.349609375,19242.30078125,6768.85009765625,27021.05078125,463.3999938964844,5450.0,2169.10009765625,4204.35009765625,21961.19921875
2022-12-07,43098.19921875,30187.05078125,45724.6015625,12870.650390625,12869.7998046875,19180.44921875,6709.2998046875,26714.5,457.8999938964844,5431.5498046875,2137.64990234375,4215.25,21882.55078125
2022-12-08,43596.34375,30115.0,45767.05078125,12908.150390625,12728.7001953125,19292.400390625,6756.9501953125,26643.19921875,454.3500061035156,5450.0,2153.75,4375.85009765625,22138.69921875
2022-12-09,43632.94140625,29168.44921875,46159.5,12869.400390625,12774.7001953125,19290.349609375,6681.5498046875,26370.44921875,447.54998779296875,5412.64990234375,2139.89990234375,4298.4501953125,22105.25
2022-12-12,43708.2421875,29050.5,46215.19921875,12874.349609375,12758.0498046875,19313.80078125,6708.14990234375,26450.30078125,449.6000061035156,5431.25,2143.199951171875,4358.7998046875,22169.5
2022-12-13,43946.0390625,29376.55078125,46145.55078125,12931.0,12797.75,19409.849609375,6722.0,26482.349609375,446.0,5448.75,2142.39990234375,4525.0,22331.849609375
2022-12-14,44048.58984375,29713.900390625,45949.3515625,13004.099609375,12883.599609375,19466.0,6805.85009765625,26648.0,452.45001220703125,5472.5,2164.89990234375,4550.14990234375,22427.900390625
2022-12-15,43497.6953125,29087.94921875,45544.55078125,12912.900390625,12816.099609375,19216.0,6708.5498046875,26489.19921875,446.54998779296875,5420.39990234375,2119.89990234375,4464.5,22189.69921875
2022-12-16,43218.99609375,28702.19921875,45320.75,12775.25,12636.2001953125,19111.94921875,6657.7001953125,26302.0,439.79998779296875,5363.7001953125,2092.39990234375,4334.0498046875,22054.44921875
2022-12-19,43413.24609375,28556.44921875,45981.44921875,12978.7998046875,12646.4501953125,19277.69921875,6742.4501953125,26578.69921875,443.04998779296875,5425.14990234375,2099.10009765625,4328.7998046875,22164.30078125
2022-12-20,43358.99609375,28612.5,45694.69921875,12879.400390625,12618.4501953125,19222.30078125,6750.2998046875,26619.5,437.70001220703125,5405.64990234375,2082.0,4313.7998046875,22108.400390625
2022-12-21,42617.453125,28764.25,45284.69921875,12695.4501953125,12920.400390625,18925.19921875,6593.64990234375,26125.30078125,430.6000061035156,5326.9501953125,2018.8499755859375,4190.7998046875,21693.55078125
2022-12-22,42408.30859375,28763.900390625,45085.55078125,12554.7001953125,12892.75,18858.599609375,6519.25,25879.19921875,424.5,5298.14990234375,2004.25,4139.2998046875,21512.19921875
2022-12-23,41667.56640625,28237.05078125,44314.8984375,12236.0,12784.4501953125,18595.599609375,6228.0,24879.94921875,409.8500061035156,5157.0,1904.199951171875,3888.60009765625,21122.150390625
2022-12-26,42629.65234375,28385.69921875,,,12677.099609375,,,,,,,,
2022-12-27,42859.0,28636.25,44559.3984375,12522.75,12694.75,19011.19921875,6633.9501953125,25641.69921875,425.04998779296875,5274.89990234375,1981.800048828125,4225.7001953125,21769.05078125
2022-12-28,42827.203125,28583.44921875,44589.1484375,12605.4501953125,12624.150390625,18982.849609375,6615.75,25725.349609375,427.1499938964844,5264.64990234375,1994.0,4224.14990234375,21754.400390625
2022-12-29,43251.84765625,28687.19921875,44508.0,12634.599609375,12634.2998046875,19090.599609375,6687.10009765625,25863.599609375,427.75,5267.5,1981.1500244140625,4254.4501953125,21978.150390625
2022-12-30,42985.94921875,28621.69921875,44171.44921875,12611.7001953125,12597.599609375,18981.19921875,6723.39990234375,25869.849609375,431.79998779296875,5252.10009765625,1992.050048828125,4318.5498046875,21862.0
2023-01-02,43203.1015625,28737.30078125,44192.8515625,12667.75,12551.400390625,19074.44921875,6886.64990234375,26031.0,436.1000061035156,5293.60009765625,2015.3499755859375,4348.85009765625,21999.5
2023-01-03,43425.25,28962.30078125,44013.6484375,12614.75,12641.75,19196.05078125,6850.0498046875,26005.30078125,436.6499938964844,5291.0498046875,2001.1500244140625,4380.2001953125,22139.0
2023-01-04,42958.80078125,28677.80078125,43723.55078125,12512.0498046875,12622.75,19007.0,6705.85009765625,25605.55078125,427.70001220703125,5231.5498046875,1971.199951171875,4300.14990234375,21915.55078125
2023-01-05,42608.69921875,28527.75,44401.5,12656.650390625,12753.2001953125,18782.19921875,6761.2001953125,25717.849609375,428.70001220703125,5256.5,1975.0999755859375,4309.9501953125,21742.599609375
2023-01-06,42188.80078125,27956.44921875,44412.8515625,12627.7998046875,12654.9501953125,18603.75,6697.2998046875,25728.849609375,425.8500061035156,5245.14990234375,1946.4000244140625,4273.5498046875,21499.94921875
2023-01-09,42582.75,28748.150390625,44796.6484375,12783.0,12770.599609375,18731.55078125,6792.89990234375,26163.94921875,428.45001220703125,5317.64990234375,1955.800048828125,4322.2001953125,21700.400390625
2023-01-10,42014.75,28502.69921875,44626.05078125,12819.099609375,12766.599609375,18474.05078125,6741.7001953125,26092.900390625,425.1499938964844,5259.89990234375,1936.949951171875,4206.7001953125,21455.30078125
2023-01-11,42232.69921875,28596.349609375,44123.0,12753.0498046875,12682.25,18566.599609375,6792.14990234375,25876.599609375,424.95001220703125,5230.75,1945.050048828125,4236.2001953125,21543.900390625
2023-01-12,42082.25,28720.30078125,43966.3515625,12769.400390625,12671.4501953125,18540.05078125,6783.64990234375,25699.599609375,425.1499938964844,5214.5,1960.5999755859375,4223.10009765625,21441.69921875
2023-01-13,42371.25,28933.75,43955.6015625,12832.400390625,12668.7998046875,18646.19921875,6869.7998046875,25862.55078125,426.3999938964844,5231.25,1972.3499755859375,4279.9501953125,21600.80078125
2023-01-16,42167.55078125,29264.650390625,44006.75,12748.7998046875,12659.400390625,18506.25,6779.25,26026.900390625,425.79998779296875,5202.5498046875,1945.5,4347.0,21487.30078125
2023-01-17,42235.05078125,29498.0,44536.1015625,12821.849609375,12648.0,18604.25,6793.5,26331.099609375,430.79998779296875,5258.4501953125,1928.8499755859375,4267.10009765625,21515.30078125
2023-01-18,42458.0,29617.80078125,44711.44921875,12817.599609375,12734.5,18753.5,6905.7998046875,26272.55078125,430.95001220703125,5294.25,1933.5999755859375,4213.89990234375,21631.599609375
2023-01-19,42328.8515625,29632.349609375,44326.05078125,12763.0,12699.0498046875,18739.69921875,6867.2998046875,26163.0,430.54998779296875,5293.0498046875,1914.3499755859375,4227.7001953125,21532.5
2023-01-20,42506.80078125,29529.650390625,43899.6015625,12691.7001953125,12606.4501953125,18772.400390625,6805.25,26135.05078125,427.45001220703125,5257.35009765625,1888.300048828125,4229.64990234375,21612.94921875
2023-01-23,42821.25,30086.0,44261.8984375,12797.0498046875,12718.4501953125,18887.5,6777.85009765625,26137.44921875,424.75,5238.39990234375,1891.0,4248.2001953125,21739.150390625
2023-01-24,42733.44921875,30316.900390625,44324.3515625,12960.849609375,12593.849609375,18890.0,6717.60009765625,25962.25,420.45001220703125,5205.2001953125,1898.75,4190.2998046875,21700.0
2023-01-25,41647.6484375,30043.900390625,44284.1484375,12957.150390625,12440.099609375,18488.55078125,6703.7998046875,25450.30078125,412.75,5124.9501953125,1874.75,4040.300048828125,21200.75
2023-01-27,40345.30078125,29766.44921875,44486.6484375,13089.7001953125,12508.0498046875,18030.849609375,6389.25,24169.94921875,407.54998779296875,5020.25,1861.199951171875,3821.050048828125,20629.599609375
2023-01-30,40387.44921875,30094.849609375,44220.3515625,13076.849609375,12484.0,18091.25,6371.64990234375,23434.69921875,407.0,5012.14990234375,1854.699951171875,3842.10009765625,20645.69921875
2023-01-31,40655.05078125,29740.349609375,44456.8984375,13323.900390625,12360.25,18095.0,6468.39990234375,23713.5,411.54998779296875,5061.35009765625,1898.5999755859375,4006.550048828125,20731.349609375
2023-02-01,40513.0,30018.25,44958.30078125,13206.849609375,12355.7998046875,18084.80078125,6177.0498046875,23402.75,407.70001220703125,5009.4501953125,1847.300048828125,3778.89990234375,20712.25
2023-02-02,40669.30078125,30566.75,45981.55078125,13213.25,12306.2998046875,18022.150390625,5908.2001953125,22874.0,409.25,4997.2998046875,1856.5,3772.64990234375,20852.650390625
2023-02-03,41499.69921875,30597.650390625,46037.19921875,13377.9501953125,12184.599609375,18447.650390625,5901.9501953125,22638.400390625,405.8999938964844,5042.39990234375,1848.3499755859375,3888.60009765625,21195.25
2023-02-06,41374.6484375,30411.099609375,46293.6015625,13360.150390625,12193.099609375,18371.599609375,5772.39990234375,22478.05078125,408.0,5055.64990234375,1862.800048828125,3898.199951171875,21168.55078125
2023-02-07,41490.94921875,30310.69921875,45758.1015625,13226.0498046875,12191.400390625,18395.650390625,5757.35009765625,22386.5,411.6000061035156,5055.10009765625,1853.25,3890.25,21208.849609375
2023-02-08,41537.6484375,30774.05078125,45771.6015625,13257.349609375,12357.2998046875,18485.94921875,5975.14990234375,22559.80078125,411.6499938964844,5079.85009765625,1863.5999755859375,3906.949951171875,21241.69921875
2023-02-09,41554.30078125,30990.849609375,45671.25,13187.849609375,12302.5,18511.80078125,5880.7001953125,22499.75,409.25,5064.14990234375,1874.8499755859375,3903.550048828125,21255.25
2023-02-10,41559.3984375,30870.19921875,45488.1015625,13235.0498046875,12327.0,18516.19921875,5773.60009765625,22325.849609375,414.79998779296875,5075.10009765625,1882.25,3919.5,21254.5
2023-02-13,41282.19921875,30289.650390625,45508.3984375,13154.349609375,12268.099609375,18428.94921875,5704.75,22258.94921875,407.8500061035156,5062.64990234375,1836.050048828125,3820.75,21088.80078125
2023-02-14,41648.3515625,30588.75,45976.94921875,13106.5498046875,12248.7998046875,18595.69921875,5762.85009765625,22273.849609375,400.3500061035156,5074.60009765625,1833.199951171875,3860.35009765625,21251.69921875
2023-02-15,41731.05078125,30934.349609375,45799.19921875,13235.2001953125,12237.099609375,18636.94921875,5789.64990234375,22349.150390625,405.54998779296875,5118.4501953125,1840.9000244140625,3878.800048828125,21289.69921875
2023-02-16,41631.3515625,31434.849609375,45758.19921875,13206.0498046875,12298.599609375,18587.80078125,5860.75,22427.650390625,410.95001220703125,5138.7001953125,1844.199951171875,3871.050048828125,21256.25
2023-02-17,41131.75,31054.849609375,45617.30078125,13140.0,12154.0498046875,18434.099609375,5807.7001953125,22469.19921875,403.6499938964844,5161.5,1830.0999755859375,3810.949951171875,20978.55078125
2023-02-20,40701.69921875,31222.349609375,45501.19921875,13177.400390625,12055.400390625,18252.55078125,5762.9501953125,22249.05078125,400.8500061035156,5152.25,1819.050048828125,3768.550048828125,20778.900390625
2023-02-21,40673.6015625,30947.25,45551.94921875,13148.75,12019.5,18262.44921875,5744.14990234375,22339.0,396.04998779296875,5161.14990234375,1803.3499755859375,3701.199951171875,20763.599609375
2023-02-22,39995.8984375,30608.19921875,45412.8515625,12989.9501953125,11991.849609375,17941.25,5592.2998046875,21916.44921875,389.45001220703125,5065.5498046875,1768.550048828125,3630.39990234375,20415.75
2023-02-23,40001.55078125,30598.400390625,45530.1015625,12982.25,11968.2001953125,17912.099609375,5611.7998046875,21801.80078125,382.5,5039.64990234375,1737.25,3649.75,20416.80078125
2023-02-24,39909.3984375,30514.900390625,45372.5,12869.099609375,11996.2001953125,17864.099609375,5443.60009765625,21946.650390625,380.45001220703125,5050.25,1731.199951171875,3617.550048828125,20383.349609375
2023-02-27,40307.1015625,29919.19921875,45040.75,12675.2998046875,11902.5,18001.400390625,5313.75,21900.599609375,388.75,5031.5498046875,1663.8499755859375,3643.949951171875,20558.0
2023-02-28,40269.05078125,29663.94921875,44940.44921875,12731.7998046875,11747.099609375,17989.650390625,5269.10009765625,21682.25,393.20001220703125,5016.89990234375,1704.800048828125,3658.35009765625,20587.0
2023-03-01,40698.1484375,30097.75,45062.55078125,12849.2998046875,11764.599609375,18100.30078125,5477.7001953125,21874.599609375,397.75,5051.60009765625,1737.5999755859375,3767.199951171875,20795.849609375
2023-03-02,40389.80078125,29717.44921875,44831.6015625,12738.7998046875,11761.099609375,17946.94921875,5473.35009765625,21900.05078125,405.95001220703125,5049.5,1728.4000244140625,3766.75,20639.349609375
2023-03-03,41251.3515625,29817.05078125,45410.0,12787.0498046875,11781.7998046875,18264.5,5667.89990234375,22268.75,412.0,5131.7001953125,1750.4000244140625,3970.14990234375,20978.599609375
2023-03-06,41350.3984375,30179.75,45552.1015625,12909.5,11807.900390625,18369.55078125,5679.5498046875,22698.5,409.8500061035156,5163.5498046875,1750.5,3961.199951171875,21022.94921875
2023-03-08,41577.1015625,30065.75,45722.0,13019.5,11750.150390625,18393.19921875,5679.25,22887.75,407.04998779296875,5201.7998046875,1759.949951171875,3988.699951171875,21165.55078125
2023-03-09,41256.75,29742.349609375,45260.44921875,12781.2001953125,11700.400390625,18255.5,5682.75,22682.150390625,402.29998779296875,5168.2001953125,1745.5999755859375,3943.5,20995.900390625
2023-03-10,40485.44921875,29545.5,45334.75,12741.599609375,11683.9501953125,17927.75,5635.7001953125,22696.75,398.1499938964844,5139.60009765625,1727.9000244140625,3857.10009765625,20608.650390625
2023-03-13,39564.69921875,29267.0,44953.6015625,12456.0,11597.349609375,17635.0,5585.25,22561.650390625,390.25,5068.0,1684.449951171875,3746.550048828125,20104.849609375
2023-03-14,39411.3984375,28784.69921875,44714.94921875,12345.5498046875,11597.9501953125,17545.75,5517.35009765625,22403.30078125,386.29998779296875,5054.0,1687.0999755859375,3675.449951171875,20023.0
2023-03-15,39051.5,28716.5,44464.3515625,12282.0,11633.9501953125,17410.75,5616.5,22393.69921875,383.0,5053.4501953125,1666.449951171875,3630.949951171875,19852.80078125
2023-03-16,39132.6015625,28517.25,44971.19921875,12304.900390625,11743.2001953125,17463.900390625,5471.75,22621.349609375,387.25,5068.2001953125,1735.8499755859375,3651.5,19838.55078125
2023-03-17,39598.1015625,28854.44921875,44858.30078125,12245.9501953125,11676.150390625,17671.400390625,5602.60009765625,22659.0,399.0,5090.25,1720.6500244140625,3681.949951171875,20063.30078125
2023-03-20,39361.94921875,28442.94921875,45213.05078125,12131.7001953125,11663.2998046875,17549.75,5470.85009765625,22585.69921875,395.0,5057.10009765625,1722.75,3618.050048828125,19956.69921875
2023-03-21,39894.69921875,28164.849609375,44913.3984375,12141.9501953125,11633.75,17806.80078125,5494.5,22792.900390625,394.70001220703125,5099.9501953125,1743.949951171875,3677.64990234375,20243.599609375
2023-03-22,39999.05078125,28217.599609375,45109.5,12201.349609375,11754.7001953125,17863.44921875,5492.35009765625,22835.75,394.29998779296875,5103.9501953125,1738.3499755859375,3708.300048828125,20320.80078125
2023-03-23,39616.8984375,27999.25,45267.44921875,12205.7001953125,11780.849609375,17746.55078125,5497.85009765625,22821.75,390.04998779296875,5086.9501953125,1737.050048828125,3643.60009765625,20147.80078125
2023-03-24,39395.3515625,27935.650390625,45060.0,12113.400390625,11755.349609375,17623.400390625,5372.89990234375,22613.400390625,380.95001220703125,5024.35009765625,1695.6500244140625,3565.64990234375,20031.05078125
2023-03-27,39431.30078125,27948.75,45188.0,12035.099609375,11882.75,17616.05078125,5372.85009765625,22514.55078125,376.54998779296875,5019.64990234375,1677.3499755859375,3574.89990234375,19996.80078125
2023-03-28,39567.8984375,27702.80078125,45044.25,11917.9501953125,11873.2001953125,17664.44921875,5330.2998046875,22388.849609375,372.0,4981.4501953125,1649.0999755859375,3567.35009765625,20065.05078125
2023-03-29,39910.1484375,28011.30078125,45421.6484375,12121.2998046875,11942.5,17793.849609375,5460.2001953125,22373.05078125,381.1499938964844,5013.5498046875,1692.800048828125,3682.199951171875,20229.25
2023-03-31,40608.6484375,28698.599609375,45904.8984375,12243.7998046875,12017.0498046875,18058.69921875,5497.4501953125,22814.44921875,387.3500061035156,5090.9501953125,1700.0999755859375,3716.14990234375,20618.099609375
2023-04-03,40813.05078125,28633.0,45738.44921875,12425.849609375,12067.9501953125,18164.75,5477.85009765625,22805.900390625,390.8500061035156,5105.7998046875,1711.699951171875,3755.5,20774.19921875
2023-04-05,40999.1484375,28977.19921875,46361.25,12357.650390625,12181.849609375,18372.150390625,5496.2998046875,22707.900390625,392.8500061035156,5142.0,1723.1500244140625,3725.699951171875,20829.80078125
2023-04-06,41041.0,28764.55078125,46109.1484375,12469.349609375,12274.349609375,18462.150390625,5528.10009765625,22816.05078125,404.0,5164.2998046875,1732.800048828125,3738.0,20829.75
2023-04-10,40834.6484375,29041.599609375,45909.6484375,12616.75,12298.75,18390.69921875,5570.25,23060.05078125,421.3500061035156,5207.75,1734.9000244140625,3714.5,20723.900390625
2023-04-11,41366.5,28675.75,46269.69921875,12742.0498046875,12300.0,18588.55078125,5668.25,23297.19921875,420.1499938964844,5224.7001953125,1745.4000244140625,3774.35009765625,20962.349609375
2023-04-12,41557.94921875,28980.349609375,46112.6015625,12862.2001953125,12574.2001953125,18702.05078125,5695.5498046875,23233.099609375,420.45001220703125,5221.7998046875,1735.3499755859375,3750.25,21065.0
2023-04-13,42132.55078125,28342.80078125,46211.94921875,12918.650390625,12478.900390625,18854.30078125,5710.0498046875,23215.650390625,425.20001220703125,5209.89990234375,1722.5,3804.75,21289.30078125
2023-04-17,42262.55078125,27008.19921875,46688.6015625,12996.150390625,12403.599609375,18827.25,5734.5,23363.75,429.3999938964844,5209.64990234375,1715.800048828125,3923.89990234375,21366.400390625
2023-04-18,42265.19921875,27166.94921875,46536.3515625,13005.099609375,12607.349609375,18764.599609375,5749.0,23211.849609375,433.8500061035156,5185.25,1710.0999755859375,3953.550048828125,21396.05078125
2023-04-19,42154.0,26687.44921875,46421.44921875,13002.5498046875,12625.2998046875,18768.650390625,5779.64990234375,23159.400390625,434.54998779296875,5177.89990234375,1680.8499755859375,3920.199951171875,21336.19921875
2023-04-20,42269.5,26637.150390625,46256.05078125,13032.349609375,12485.25,18790.30078125,5756.9501953125,23185.25,432.70001220703125,5192.39990234375,1684.199951171875,3916.0,21402.900390625
2023-04-21,42118.0,26822.099609375,46669.69921875,12898.75,12545.75,18753.75,5677.89990234375,23185.44921875,423.5,5170.0498046875,1706.6500244140625,3883.0,21322.30078125
2023-04-24,42635.75,27013.650390625,46943.05078125,12893.349609375,12454.349609375,18992.94921875,5703.2998046875,23207.400390625,428.0,5194.0,1684.300048828125,3984.199951171875,21557.349609375
2023-04-25,42678.5,26985.80078125,47051.8515625,12904.5498046875,12456.599609375,18961.849609375,5738.25,23385.75,430.1000061035156,5226.5498046875,1672.25,4036.35009765625,21582.25
2023-04-26,42829.8984375,27065.0,47387.5,12972.75,12457.849609375,19003.0,5713.2001953125,23365.80078125,435.95001220703125,5246.5,1675.5,4057.449951171875,21681.25
2023-04-27,43000.8515625,27355.25,47360.1484375,13071.7998046875,12519.349609375,19097.150390625,5753.75,23443.650390625,442.6000061035156,5279.10009765625,1684.3499755859375,4068.0,21812.25
2023-04-28,43233.8984375,27708.19921875,47814.1015625,13189.25,12613.9501953125,19162.55078125,5799.39990234375,23734.55078125,445.1000061035156,5356.2001953125,1714.8499755859375,4167.64990234375,21885.75
2023-05-02,43352.1015625,28025.0,47750.19921875,13283.150390625,12590.2998046875,19208.05078125,5882.0,24046.94921875,444.95001220703125,5387.2001953125,1723.0999755859375,4184.10009765625,21953.5
2023-05-03,43312.69921875,27743.75,48120.6484375,13278.599609375,12586.7998046875,19182.25,5824.25,23901.150390625,446.20001220703125,5363.60009765625,1727.9000244140625,4143.2001953125,21966.94921875
2023-05-04,43685.44921875,27883.19921875,48057.3515625,13292.5498046875,12654.650390625,19479.349609375,5895.0498046875,24042.400390625,446.3999938964844,5396.14990234375,1737.949951171875,4194.35009765625,22102.599609375
2023-05-05,42661.19921875,27719.94921875,48186.1484375,13345.7998046875,12608.349609375,19023.849609375,5807.0498046875,23946.75,445.04998779296875,5405.89990234375,1707.6500244140625,4153.60009765625,21478.94921875
2023-05-08,43284.0,27920.94921875,48538.44921875,13584.25,12663.099609375,19303.94921875,5845.64990234375,24129.650390625,452.3500061035156,5454.0,1697.449951171875,4115.10009765625,21843.30078125
2023-05-09,43198.1484375,28125.5,48369.1015625,13648.5,12716.7001953125,19274.69921875,5836.85009765625,24099.099609375,448.5,5454.5,1693.550048828125,4001.800048828125,21874.94921875
2023-05-10,43331.05078125,28091.75,48643.3515625,13750.849609375,12716.900390625,19337.150390625,5822.10009765625,24268.94921875,452.3500061035156,5480.5498046875,1716.550048828125,3959.300048828125,21989.150390625
2023-05-11,43475.30078125,28102.0,48865.0,13803.75,12557.0498046875,19401.5,5797.2998046875,24316.5,454.5,5442.7998046875,1720.75,3967.60009765625,22068.150390625
2023-05-12,43793.55078125,28028.400390625,48950.75,13910.5,12486.7001953125,19507.150390625,5690.89990234375,24040.19921875,452.8999938964844,5408.89990234375,1701.449951171875,3975.89990234375,22204.30078125
2023-05-15,44072.1015625,28165.400390625,49506.55078125,14007.849609375,12487.400390625,19583.19921875,5701.75,24040.19921875,472.45001220703125,5436.89990234375,1736.550048828125,4020.800048828125,22375.650390625
2023-05-16,43903.69921875,28216.0,49406.1015625,13877.7001953125,12454.5,19439.0,5683.4501953125,24027.80078125,472.1000061035156,5411.64990234375,1712.5999755859375,4049.699951171875,22245.099609375
2023-05-17,43698.69921875,27942.94921875,49434.0,13889.900390625,12398.5498046875,19301.349609375,5632.85009765625,23901.150390625,465.79998779296875,5397.2001953125,1676.8499755859375,4035.800048828125,22143.599609375
2023-05-18,43752.30078125,27892.55078125,48889.30078125,13767.7001953125,12241.349609375,19363.75,5601.64990234375,23692.150390625,454.75,5348.0498046875,1662.9000244140625,3959.14990234375,22214.599609375
2023-05-19,43969.3984375,28303.650390625,48874.25,13863.5498046875,12124.25,19420.19921875,5618.0498046875,23723.349609375,458.70001220703125,5361.5,1666.550048828125,3971.550048828125,22314.900390625
2023-05-22,43885.1015625,29007.30078125,49052.25,13890.5,12244.2001953125,19386.19921875,5797.5,23898.19921875,461.95001220703125,5401.0,1665.0,3991.550048828125,22257.25
2023-05-23,43954.44921875,28873.69921875,49118.80078125,13982.599609375,12314.2001953125,19397.80078125,5947.7001953125,24028.44921875,461.6000061035156,5396.75,1683.6500244140625,4007.800048828125,22306.400390625
2023-05-24,43677.8515625,28890.80078125,49355.25,13989.599609375,12440.4501953125,19243.0,5855.14990234375,24085.25,461.54998779296875,5379.5498046875,1692.949951171875,3987.300048828125,22170.400390625
2023-05-25,43681.3984375,28928.75,49657.0,14029.5,12455.5,19239.30078125,5872.5498046875,24071.69921875,466.70001220703125,5415.7001953125,1692.0,3969.25,22189.349609375
2023-05-26,44018.0,29355.900390625,50388.0,14130.4501953125,12601.5498046875,19370.5,5935.39990234375,24238.900390625,472.54998779296875,5459.89990234375,1729.949951171875,4017.199951171875,22361.80078125
2023-05-29,44311.8984375,29240.19921875,50626.3984375,14219.599609375,12624.2001953125,19532.69921875,5991.2001953125,24261.30078125,476.20001220703125,5475.0,1738.449951171875,4040.64990234375,22452.44921875
2023-05-30,44436.3515625,29297.650390625,50927.19921875,14177.849609375,12604.7001953125,19606.05078125,5936.5498046875,24218.150390625,475.20001220703125,5473.25,1750.3499755859375,4039.449951171875,22583.599609375
2023-05-31,44128.1484375,29319.75,51042.75,14199.0,12678.400390625,19445.75,5890.0498046875,23875.55078125,478.79998779296875,5459.7998046875,1755.8499755859375,4029.699951171875,22470.69921875
2023-06-01,43790.19921875,29446.25,50998.94921875,14257.0,12812.7998046875,19322.69921875,5884.2001953125,23825.30078125,484.0,5446.75,1768.25,4053.60009765625,22311.19921875
2023-06-02,43937.8515625,29328.150390625,51288.6484375,14388.599609375,12900.599609375,19368.19921875,5956.0,23785.69921875,490.8500061035156,5472.39990234375,1784.5,4093.199951171875,22357.19921875
2023-06-05,44101.6484375,29238.75,51058.3984375,14570.25,12934.5,19438.5,5975.89990234375,23901.69921875,492.54998779296875,5495.75,1800.1500244140625,4075.39990234375,22509.44921875
2023-06-06,44164.55078125,28689.05078125,51038.3984375,14729.5,13012.900390625,19479.650390625,5967.4501953125,23867.30078125,498.3999938964844,5521.9501953125,1797.550048828125,4067.449951171875,22559.5
2023-06-07,44275.30078125,28913.69921875,51609.3984375,14819.4501953125,13045.650390625,19538.099609375,6057.75,24125.150390625,506.29998779296875,5583.2998046875,1805.699951171875,4096.89990234375,22586.55078125
2023-06-08,43995.25,28591.099609375,51143.5,14692.0,12911.349609375,19436.349609375,6067.7001953125,24215.0,498.25,5570.9501953125,1778.25,4084.800048828125,22414.05078125
2023-06-09,43989.0,28355.349609375,50674.8515625,14626.0,12861.0498046875,19411.80078125,6039.35009765625,24169.5,498.45001220703125,5574.25,1763.5,4035.300048828125,22465.75
2023-06-12,43944.19921875,28784.0,50762.55078125,14673.849609375,12856.0498046875,19399.75,6076.2998046875,24269.05078125,505.5,5588.2998046875,1783.5,4054.60009765625,22457.900390625
2023-06-13,44079.8515625,28899.30078125,51462.69921875,14658.2998046875,12993.75,19469.0,6127.64990234375,24399.19921875,520.7000122070312,5624.2998046875,1815.25,4062.949951171875,22558.69921875
2023-06-14,43988.0,28855.05078125,51767.8984375,14682.7001953125,12976.7998046875,19418.30078125,6214.75,24638.599609375,522.1500244140625,5662.64990234375,1805.0,4064.300048828125,22476.349609375
2023-06-15,43443.6015625,28699.0,52046.44921875,14707.849609375,13160.599609375,19228.650390625,6203.0498046875,24633.349609375,518.2000122070312,5668.5,1786.9000244140625,3983.550048828125,22206.30078125
2023-06-16,43938.1484375,28588.80078125,52440.19921875,14768.4501953125,13241.9501953125,19456.900390625,6231.5,24733.150390625,517.0999755859375,5702.10009765625,1806.199951171875,4041.550048828125,22492.05078125
2023-06-19,43633.75,28708.30078125,52123.8515625,14676.7001953125,13264.650390625,19425.900390625,6203.5,24539.099609375,513.3499755859375,5661.0,1790.0999755859375,4080.35009765625,22291.099609375
2023-06-20,43766.5,28930.80078125,52164.69921875,14785.650390625,13238.849609375,19502.900390625,6246.64990234375,24659.0,515.8499755859375,5680.10009765625,1768.300048828125,4090.60009765625,22375.0
2023-06-21,43859.19921875,29025.69921875,51934.25,14777.7001953125,13247.7001953125,19635.94921875,6187.75,24865.44921875,514.1500244140625,5709.5,1777.949951171875,4108.5498046875,22390.900390625
2023-06-22,43724.8515625,28811.150390625,51557.80078125,14702.099609375,13166.849609375,19594.349609375,6190.9501953125,24607.900390625,510.04998779296875,5672.25,1778.699951171875,4040.10009765625,22297.30078125
2023-06-23,43622.8984375,28554.30078125,51283.75,14550.2001953125,13186.2998046875,19515.05078125,6037.2001953125,24332.19921875,506.8999938964844,5620.35009765625,1740.8499755859375,3992.25,22292.849609375
2023-06-26,43641.05078125,28590.099609375,51635.0,14717.849609375,13388.599609375,19521.75,6083.10009765625,24226.650390625,508.54998779296875,5609.39990234375,1742.4000244140625,3984.89990234375,22302.900390625
2023-06-27,44121.5,28800.150390625,51598.6015625,14729.900390625,13426.900390625,19788.5,6127.64990234375,24284.849609375,514.8499755859375,5634.85009765625,1753.5,4025.699951171875,22550.05078125
2023-06-28,44327.80078125,28843.0,51893.3984375,14840.5498046875,13622.75,19895.150390625,6211.0498046875,24554.44921875,517.25,5698.64990234375,1741.699951171875,4027.35009765625,22658.69921875
2023-06-30,44747.3515625,29563.0,52194.75,15147.650390625,13767.5,20057.69921875,6209.10009765625,24696.5,520.0,5738.7001953125,1743.800048828125,4110.2001953125,22923.150390625
2023-07-03,45158.1015625,29424.80078125,52741.5,15106.849609375,13614.0,20253.75,6275.4501953125,25020.900390625,523.9000244140625,5784.7998046875,1752.75,4258.5498046875,23064.599609375
2023-07-04,45301.44921875,29729.849609375,52814.80078125,15035.0498046875,13675.4501953125,20413.400390625,6275.2001953125,24940.19921875,522.9500122070312,5753.14990234375,1767.1500244140625,4339.0,23057.25
2023-07-05,45151.80078125,29841.849609375,53776.19921875,15281.900390625,13772.0,20246.19921875,6292.2998046875,25034.80078125,525.9000244140625,5776.14990234375,1793.5,4383.60009765625,23037.900390625
2023-07-06,45339.8984375,29805.19921875,53765.6484375,15453.7001953125,13871.599609375,20270.150390625,6325.35009765625,25575.25,537.75,5856.14990234375,1824.199951171875,4415.64990234375,23122.05078125
2023-07-07,44925.0,29560.44921875,52942.44921875,15498.849609375,13769.0,20086.900390625,6279.25,25331.400390625,531.4000244140625,5794.2001953125,1895.550048828125,4459.10009765625,22868.5
2023-07-10,44860.8515625,29194.75,52536.1484375,15403.2001953125,13751.7998046875,20057.30078125,6385.10009765625,25496.900390625,526.9000244140625,5829.39990234375,1877.550048828125,4433.5,22842.19921875
2023-07-11,44745.05078125,29324.80078125,53184.3984375,15617.4501953125,13895.400390625,19969.349609375,6369.10009765625,25720.150390625,526.8499755859375,5888.25,1881.0,4425.25,22854.099609375
2023-07-12,44639.44921875,29118.05078125,53279.5,15614.900390625,13936.7001953125,19924.099609375,6363.25,25700.650390625,528.2000122070312,5882.25,1889.8499755859375,4462.0,22787.25
2023-07-13,44665.05078125,29628.19921875,53029.94921875,15519.7001953125,13876.5498046875,20021.5,6379.7001953125,25334.400390625,533.5999755859375,5829.25,1854.3499755859375,4355.64990234375,22792.650390625
2023-07-14,44819.30078125,30945.5,53453.69921875,15576.099609375,13945.650390625,20050.5,6469.4501953125,25332.5,539.7999877929688,5842.39990234375,1927.4000244140625,4390.2998046875,22920.900390625
2023-07-17,45449.75,31041.599609375,53471.6015625,15526.7998046875,14053.7001953125,20301.25,6500.5498046875,25521.400390625,539.6500244140625,5870.0,1988.1500244140625,4489.14990234375,23224.94921875
2023-07-18,45410.8515625,31371.150390625,53340.6484375,15513.7998046875,14017.150390625,20262.55078125,6446.75,25612.75,535.0499877929688,5868.4501953125,1951.550048828125,4433.9501953125,23236.30078125
2023-07-19,45669.30078125,31353.55078125,53517.30078125,15513.150390625,14092.599609375,20377.30078125,6474.5498046875,25820.69921875,536.1500244140625,5910.7001953125,1973.5999755859375,4520.4501953125,23327.0
2023-07-20,46186.8984375,31145.94921875,54239.69921875,15577.0,14299.0498046875,20584.349609375,6485.25,26003.0,536.2999877929688,5940.64990234375,1974.8499755859375,4553.0498046875,23596.349609375
2023-07-21,46075.19921875,29871.05078125,53697.44921875,15590.349609375,14274.0,20534.30078125,6442.2998046875,25843.099609375,536.0999755859375,5937.35009765625,1984.1500244140625,4564.25,23552.349609375
2023-07-24,45923.05078125,29843.44921875,52771.69921875,15617.5498046875,14332.0498046875,20502.75,6395.5498046875,25749.900390625,537.1500244140625,5937.5,1980.5,4569.0,23497.44921875
2023-07-25,45845.0,29761.150390625,52315.94921875,15765.599609375,14383.25,20530.099609375,6583.64990234375,26078.75,535.0,5948.10009765625,2010.5,4502.10009765625,23472.150390625
2023-07-26,46062.3515625,29800.400390625,52865.30078125,15763.25,14478.349609375,20540.80078125,6604.9501953125,26293.75,541.3499755859375,6012.2998046875,2029.1500244140625,4569.5498046875,23632.69921875
2023-07-27,45679.30078125,29745.0,52499.8984375,15572.0,14919.9501953125,20381.099609375,6581.5498046875,26097.69921875,552.8499755859375,6003.39990234375,2024.5999755859375,4592.2001953125,23389.650390625
2023-07-28,45468.1015625,29490.25,52964.05078125,15537.900390625,14962.5498046875,20298.05078125,6640.7998046875,26433.69921875,562.9500122070312,6052.89990234375,2052.550048828125,4605.85009765625,23312.5
2023-07-31,45651.1015625,29928.44921875,52636.8515625,15708.0498046875,14992.150390625,20342.05078125,6758.2001953125,26853.650390625,566.75,6115.35009765625,2061.5,4620.5498046875,23411.099609375
2023-08-01,45592.5,30288.650390625,52501.1484375,15688.7001953125,15001.2998046875,20327.25,6770.14990234375,26783.44921875,556.7000122070312,6076.5498046875,2058.699951171875,4596.39990234375,23415.69921875
2023-08-02,44995.69921875,30043.599609375,52368.69921875,15428.900390625,14943.400390625,20066.94921875,6633.4501953125,26352.349609375,548.4000244140625,5997.0498046875,2026.449951171875,4476.4501953125,23126.94921875
2023-08-03,44513.44921875,29971.150390625,52062.3515625,15379.7998046875,15099.2001953125,19832.44921875,6602.2001953125,26221.849609375,538.6500244140625,5973.2998046875,2044.8499755859375,4450.25,22894.55078125
2023-08-04,44879.5,30436.099609375,52050.6484375,15328.400390625,15241.0,19988.55078125,6622.89990234375,26252.05078125,539.1500244140625,6010.5,2047.4000244140625,4419.10009765625,23180.5
2023-08-07,44837.5,30779.25,52072.5,15390.900390625,15479.25,20022.599609375,6622.14990234375,26266.30078125,542.2999877929688,6029.0498046875,2043.3499755859375,4392.7998046875,23201.849609375
2023-08-08,44964.44921875,30824.94921875,51924.3984375,15343.650390625,15578.5,20087.44921875,6544.7998046875,26174.650390625,541.3499755859375,6006.35009765625,2058.39990234375,4540.7998046875,23246.5
2023-08-09,44880.69921875,30940.05078125,52206.19921875,15486.2001953125,15696.849609375,20044.400390625,6677.85009765625,26328.150390625,534.6500244140625,6026.39990234375,2101.699951171875,4536.2001953125,23209.099609375
2023-08-10,44541.80078125,30867.0,51728.6484375,15444.7998046875,15580.7001953125,19890.900390625,6723.2998046875,26418.94921875,533.25,6014.89990234375,2241.050048828125,4499.5,23059.849609375
2023-08-11,44199.1015625,30819.150390625,51351.69921875,15378.099609375,15355.5,19718.650390625,6688.85009765625,26367.75,531.1500244140625,6002.7001953125,2200.10009765625,4555.75,22830.55078125
2023-08-14,44090.94921875,31028.900390625,51604.3984375,15327.4501953125,15305.400390625,19652.5,6545.9501953125,26375.599609375,527.6500244140625,5995.0498046875,2219.14990234375,4523.4501953125,22819.55078125
2023-08-16,43946.3984375,31212.099609375,51815.3984375,15425.0,15398.7998046875,19586.099609375,6484.10009765625,26541.75,533.4500122070312,6016.25,2245.800048828125,4528.64990234375,22715.400390625
2023-08-17,43891.3515625,31060.19921875,51353.75,15399.25,15358.4501953125,19548.0,6480.5,26266.94921875,534.0999755859375,5978.75,2236.89990234375,4593.4501953125,22671.349609375
2023-08-18,43851.05078125,30604.05078125,51464.75,15391.75,15271.5,19481.25,6493.7001953125,26302.19921875,530.2000122070312,5975.25,2251.550048828125,4603.85009765625,22624.30078125
2023-08-21,44002.0,30937.599609375,51799.0,15427.599609375,15333.349609375,19571.5,6578.39990234375,26462.349609375,535.4500122070312,6008.9501953125,2245.050048828125,4574.5,22752.099609375
2023-08-22,43993.25,30902.400390625,52141.6484375,15507.900390625,15302.599609375,19551.75,6634.39990234375,26522.099609375,536.5999755859375,6024.64990234375,2258.35009765625,4552.25,22793.5
2023-08-23,44479.05078125,30924.099609375,51888.30078125,15498.099609375,15282.5,19731.94921875,6625.5498046875,26370.19921875,538.9000244140625,6023.10009765625,2273.699951171875,4630.4501953125,23080.80078125
2023-08-24,44496.19921875,31112.150390625,52036.75,15459.2998046875,15193.150390625,19717.849609375,6602.85009765625,26171.30078125,540.0,5989.7001953125,2277.85009765625,4600.5,23080.80078125
2023-08-25,44231.44921875,30914.55078125,51506.80078125,15363.599609375,15025.2001953125,19651.55078125,6519.35009765625,25981.599609375,532.9500122070312,5938.35009765625,2265.85009765625,4530.89990234375,22984.19921875
2023-08-28,44494.6484375,30773.599609375,51390.80078125,15475.25,15161.7998046875,19759.650390625,6533.2998046875,26015.80078125,537.9500122070312,5969.35009765625,2273.550048828125,4564.89990234375,23125.099609375
2023-08-29,44495.25,30866.05078125,51223.05078125,15578.900390625,15121.099609375,19799.94921875,6616.7001953125,26056.650390625,547.0499877929688,5981.14990234375,2291.10009765625,4542.4501953125,23106.650390625
2023-08-30,44232.6015625,31103.900390625,51513.55078125,15678.099609375,15125.5,19701.349609375,6677.7998046875,25959.05078125,554.7999877929688,5984.85009765625,2302.25,4527.4501953125,23012.900390625
2023-08-31,43989.1484375,31164.900390625,51092.6484375,15670.25,15095.900390625,19597.650390625,6659.35009765625,25722.94921875,558.4000244140625,5947.0,2293.10009765625,4467.2001953125,22921.849609375
2023-09-01,44436.1015625,31514.349609375,51240.5,15928.2998046875,15011.7998046875,19764.349609375,6851.0,26332.900390625,563.6500244140625,6016.0498046875,2296.10009765625,4538.7001953125,23142.19921875
2023-09-04,44578.30078125,32163.94921875,51171.75,15943.599609375,15052.599609375,19787.599609375,7007.0498046875,26633.05078125,570.1500244140625,6064.14990234375,2332.699951171875,4648.7998046875,23205.05078125
2023-09-05,44532.1484375,32365.30078125,51548.44921875,15942.75,15218.25,19754.75,7039.14990234375,26743.0,576.2000122070312,6088.2998046875,2407.14990234375,4683.10009765625,23219.80078125
2023-09-06,44409.1015625,32312.30078125,52064.8515625,15921.25,15355.2998046875,19759.0,6983.7001953125,26819.900390625,570.6500244140625,6108.39990234375,2411.89990234375,4636.14990234375,23120.69921875
2023-09-07,44878.3515625,32448.349609375,51853.1015625,15995.849609375,15306.150390625,19960.69921875,6981.14990234375,27062.849609375,579.0999755859375,6158.25,2438.25,4691.2998046875,23351.94921875
2023-09-08,45156.3984375,32415.650390625,51778.30078125,16102.900390625,15250.5498046875,20138.099609375,6977.89990234375,27438.05078125,591.4000244140625,6229.14990234375,2414.60009765625,4706.39990234375,23482.25
2023-09-11,45570.69921875,32642.80078125,52239.05078125,16374.9501953125,15309.9501953125,20305.30078125,7104.39990234375,27716.599609375,596.5999755859375,6284.10009765625,2406.75,4853.85009765625,23668.80078125
2023-09-12,45511.3515625,32977.8984375,52065.8984375,16070.0498046875,15328.650390625,20303.849609375,6914.5498046875,27025.099609375,577.25,6208.5,2303.300048828125,4738.14990234375,23539.150390625
2023-09-13,45909.44921875,32886.69921875,52223.6484375,15995.9501953125,15448.9501953125,20386.75,6943.64990234375,27275.349609375,581.1500244140625,6244.5,2338.449951171875,4938.5498046875,23720.650390625
2023-09-14,46000.8515625,33045.3984375,52143.19921875,16169.650390625,15489.2998046875,20408.19921875,7046.89990234375,27420.55078125,589.25,6281.89990234375,2329.14990234375,5019.64990234375,23762.69921875
2023-09-15,46231.5,33355.05078125,51895.1484375,16425.80078125,15583.5498046875,20531.349609375,7035.7998046875,27338.150390625,586.9500122070312,6283.35009765625,2326.85009765625,5046.25,23914.349609375
2023-09-18,45979.8515625,33129.5,52198.6015625,16563.900390625,15503.4501953125,20408.25,6957.7998046875,27536.19921875,578.9000244140625,6268.9501953125,2297.25,5217.2998046875,23715.25
2023-09-20,45384.6015625,32949.19921875,51924.1484375,16479.69921875,15460.2001953125,20104.5,6844.0498046875,27440.30078125,572.1500244140625,6211.0,2291.35009765625,5155.9501953125,23430.5
2023-09-21,44623.8515625,32919.94921875,51672.6484375,16200.400390625,15306.7001953125,19814.94921875,6806.60009765625,27226.599609375,565.25,6185.2998046875,2292.0,5038.25,23072.05078125
2023-09-22,44612.05078125,32906.30078125,51608.5,16234.349609375,15069.099609375,19732.94921875,6761.7998046875,27102.400390625,561.5,6162.35009765625,2292.050048828125,5215.0498046875,23050.19921875
2023-09-25,44766.1015625,32648.599609375,51642.44921875,16221.5498046875,15017.400390625,19842.599609375,6754.25,27105.5,570.0499877929688,6168.5,2275.300048828125,5223.2998046875,23155.0
2023-09-26,44624.19921875,32471.0,51912.8515625,16278.25,14981.650390625,19797.849609375,6775.2998046875,27134.400390625,571.7999877929688,6180.2001953125,2255.64990234375,5190.0,23080.69921875
2023-09-27,44588.30078125,32594.650390625,52329.5,16283.400390625,15159.7998046875,19772.55078125,6777.2998046875,27231.44921875,576.0,6220.10009765625,2256.14990234375,5233.0498046875,23133.5
2023-09-28,44300.94921875,31879.599609375,51329.1015625,16092.2001953125,15023.150390625,19675.55078125,6712.0,27062.75,570.4000244140625,6186.2001953125,2224.550048828125,5173.7998046875,22935.05078125
2023-09-29,44584.55078125,31784.400390625,51602.6484375,16184.400390625,15422.75,19811.099609375,6839.2998046875,27321.75,575.6500244140625,6242.85009765625,2268.199951171875,5258.2998046875,23101.900390625
2023-10-03,44399.05078125,31717.25,51320.8515625,15990.599609375,15281.2998046875,19733.69921875,6798.0,26973.05078125,578.2999877929688,6233.2998046875,2290.89990234375,5383.25,22993.900390625
2023-10-04,43964.05078125,31811.5,51435.75,15782.599609375,15067.150390625,19578.05078125,6725.9501953125,26738.44921875,568.2999877929688,6171.7001953125,2251.5,5230.89990234375,22766.599609375
2023-10-05,44213.3515625,32125.400390625,51384.55078125,15916.099609375,15021.400390625,19678.599609375,6709.10009765625,26688.25,569.9500122070312,6209.5498046875,2287.14990234375,5204.2998046875,22854.25
2023-10-06,44360.6015625,32341.69921875,51577.8984375,15990.650390625,15128.4501953125,19818.19921875,6744.39990234375,26731.650390625,587.5,6230.2001953125,2286.75,5218.25,22971.75
2023-10-09,43886.5,32308.55078125,51502.8515625,15832.849609375,15103.849609375,19594.650390625,6647.14990234375,26472.94921875,582.8499755859375,6170.2001953125,2236.85009765625,5057.14990234375,22743.19921875
2023-10-10,44360.1484375,32569.44921875,51803.94921875,16028.7001953125,15106.7001953125,19834.849609375,6783.14990234375,26751.900390625,606.2000122070312,6231.0498046875,2259.35009765625,5162.5498046875,23006.099609375
2023-10-11,44516.8984375,32548.05078125,52254.44921875,16175.7998046875,15176.599609375,19929.75,6812.14990234375,27002.5,611.2999877929688,6288.10009765625,2278.75,5124.89990234375,23122.94921875
2023-10-12,44599.19921875,32003.650390625,52363.94921875,16301.7001953125,15186.2001953125,19945.69921875,6863.0498046875,27176.05078125,610.2000122070312,6303.5,2347.5,5120.2998046875,23179.44921875
2023-10-13,44287.94921875,31807.94921875,52520.69921875,16444.94921875,15235.0498046875,19827.349609375,6820.7998046875,27201.349609375,612.7999877929688,6310.25,2319.85009765625,5048.9501953125,23071.849609375
2023-10-16,44225.8984375,31750.400390625,52401.94921875,16519.349609375,15164.75,19814.5,6882.7998046875,27258.05078125,610.7000122070312,6309.89990234375,2314.449951171875,5085.5498046875,23036.349609375
2023-10-17,44409.5,31794.900390625,52665.30078125,16522.75,15211.9501953125,19943.19921875,6902.0,27510.25,610.9000244140625,6327.7001953125,2316.85009765625,5113.25,23116.44921875
2023-10-18,43888.69921875,31606.650390625,52442.05078125,16535.400390625,15331.2998046875,19687.19921875,6863.39990234375,27246.400390625,608.0499877929688,6274.85009765625,2323.14990234375,5027.9501953125,22845.75
2023-10-19,43754.5,31540.05078125,52516.3515625,16618.0,15273.400390625,19610.150390625,6803.2998046875,27089.05078125,605.9000244140625,6260.39990234375,2326.300048828125,5029.25,22788.30078125
2023-10-20,43723.05078125,31469.349609375,51823.3515625,16497.849609375,15107.150390625,19606.25,6712.75,26955.69921875,599.3499755859375,6208.5,2304.10009765625,4950.2001953125,22802.25
2023-10-23,43151.19921875,30848.400390625,51421.6484375,16277.849609375,14911.650390625,19404.80078125,6494.0,26449.650390625,584.4000244140625,6108.0498046875,2189.449951171875,4763.7998046875,22475.94921875
2023-10-25,42832.0,30530.5,51216.8515625,16210.4501953125,14800.150390625,19224.099609375,6503.64990234375,26328.5,578.7999877929688,6055.60009765625,2153.0,4772.0498046875,22254.05078125
2023-10-26,42280.1484375,30225.650390625,50941.1015625,15953.0498046875,14648.5498046875,18922.69921875,6398.0498046875,26045.0,571.8499755859375,5976.5,2125.699951171875,4726.25,21979.5
2023-10-27,42782.0,30599.69921875,51395.0,16169.150390625,14738.5,19129.150390625,6453.10009765625,26522.650390625,583.0,6049.39990234375,2180.5,4920.5498046875,22219.599609375
2023-10-30,43039.1484375,30641.0,51180.69921875,16023.4501953125,14775.599609375,19241.400390625,6467.9501953125,26840.900390625,595.4500122070312,6115.10009765625,2179.300048828125,4927.39990234375,22340.900390625
2023-10-31,42845.94921875,30582.25,51262.6015625,15916.2001953125,14683.650390625,19204.599609375,6452.4501953125,26785.05078125,603.0,6095.39990234375,2199.050048828125,4934.39990234375,22235.25
2023-11-01,42700.94921875,30344.849609375,51087.80078125,15835.650390625,14735.25,19144.599609375,6359.89990234375,26679.19921875,612.3499755859375,6070.0498046875,2218.449951171875,4950.0498046875,22131.19921875
2023-11-02,43017.19921875,30582.75,51589.0,15948.650390625,14834.4501953125,19271.94921875,6448.9501953125,26960.80078125,627.7999877929688,6140.89990234375,2236.0,5024.2998046875,22304.94921875
2023-11-03,43318.25,30779.94921875,51901.5,16045.400390625,14882.349609375,19367.400390625,6479.14990234375,27085.80078125,643.75,6175.2998046875,2266.75,5055.35009765625,22454.099609375
2023-11-06,43619.3984375,30972.94921875,52075.69921875,16172.75,15072.2998046875,19537.55078125,6567.10009765625,27448.900390625,651.5,6251.5498046875,2282.0,5000.4501953125,22671.599609375
2023-11-07,43737.8984375,30981.599609375,52130.0,16143.75,15271.75,19560.599609375,6576.85009765625,27508.349609375,642.7999877929688,6253.2001953125,2267.300048828125,5023.5,22759.94921875
2023-11-08,43658.6484375,30917.19921875,52455.19921875,16220.7998046875,15497.25,19510.900390625,6626.2998046875,27622.849609375,652.5499877929688,6291.75,2265.699951171875,5022.0498046875,22727.05078125
2023-11-09,43683.6015625,30717.69921875,51983.0,16355.2998046875,15491.849609375,19491.94921875,6599.64990234375,27541.80078125,660.5999755859375,6279.7001953125,2260.25,5012.10009765625,22769.44921875
2023-11-10,43820.1015625,30639.05078125,52076.05078125,16286.7001953125,15516.5,19571.05078125,6646.0498046875,27738.0,662.0999755859375,6309.5498046875,2232.449951171875,5025.5,22829.05078125
2023-11-13,43891.25,30635.849609375,52025.6015625,16365.2998046875,15497.150390625,19542.150390625,6714.10009765625,28066.25,663.4500122070312,6324.39990234375,2237.800048828125,5177.85009765625,22863.5
2023-11-15,44201.69921875,31429.349609375,52383.44921875,16648.5,15516.25,19722.849609375,6792.39990234375,28352.5,683.0499877929688,6393.0,2254.800048828125,5201.2001953125,23012.099609375
2023-11-16,44161.55078125,32273.349609375,52305.75,16788.900390625,15651.099609375,19732.25,6792.39990234375,28447.80078125,689.3499755859375,6411.2998046875,2273.25,5188.89990234375,23004.25
2023-11-17,43583.94921875,32191.349609375,52756.1015625,16905.5,15804.5,19554.30078125,6803.89990234375,28312.650390625,692.7000122070312,6429.60009765625,2275.89990234375,5064.9501953125,22704.349609375
2023-11-20,43584.94921875,32383.19921875,52550.1015625,16777.30078125,15806.75,19518.599609375,6771.5498046875,28287.19921875,691.0,6419.10009765625,2262.14990234375,5070.25,22681.25
2023-11-21,43689.1484375,32325.69921875,52466.19921875,16860.099609375,15968.900390625,19612.099609375,6854.2001953125,28356.25,698.7999877929688,6438.7998046875,2287.550048828125,5052.5,22771.05078125
2023-11-22,43449.6015625,32564.400390625,52691.19921875,16972.19921875,16069.7998046875,19566.30078125,6792.64990234375,28504.650390625,693.9500122070312,6451.60009765625,2267.550048828125,4995.0,22618.75
2023-11-23,43577.5,32370.650390625,52823.05078125,17033.55078125,15817.4501953125,19587.25,6828.35009765625,28594.849609375,701.0999755859375,6452.39990234375,2278.14990234375,4994.14990234375,22704.19921875
2023-11-24,43769.1015625,32055.150390625,52576.8984375,17040.349609375,15954.5,19652.0,6874.25,28558.75,702.9500122070312,6438.39990234375,2283.449951171875,4977.2001953125,22791.80078125
2023-11-28,43880.94921875,32118.5,52489.5,17202.75,15900.2998046875,19702.650390625,7001.64990234375,29252.94921875,706.9500122070312,6507.2998046875,2288.85009765625,5044.35009765625,22840.44921875
2023-11-29,44566.44921875,32608.400390625,52725.44921875,17482.44921875,15990.099609375,20000.349609375,7016.39990234375,29311.849609375,703.4500122070312,6543.0498046875,2285.85009765625,5097.0498046875,23179.80078125
2023-11-30,44481.75,32582.19921875,53013.80078125,17551.849609375,16238.900390625,20054.650390625,7017.4501953125,29294.900390625,713.5999755859375,6585.60009765625,2296.550048828125,5041.0,23136.80078125
2023-12-01,44814.19921875,32598.69921875,53851.44921875,17489.05078125,16257.0498046875,20211.0,7087.0,29559.75,723.0499877929688,6651.64990234375,2355.64990234375,5134.5498046875,23279.0
2023-12-04,46431.3984375,32665.55078125,54237.69921875,17687.25,16228.400390625,20862.900390625,7202.60009765625,30330.5,737.75,6822.60009765625,2337.300048828125,5332.39990234375,24102.400390625
2023-12-05,47012.25,32479.150390625,54110.8984375,17792.099609375,16229.650390625,21055.80078125,7423.39990234375,31311.900390625,734.3499755859375,6912.5,2323.75,5407.4501953125,24387.05078125
2023-12-06,46834.55078125,33022.6015625,54662.55078125,17788.400390625,16169.5498046875,21026.75,7425.35009765625,31797.25,732.2000122070312,6950.4501953125,2372.699951171875,5441.7001953125,24305.69921875
2023-12-07,46841.3984375,32961.6015625,54173.1484375,17867.349609375,16294.2001953125,21023.44921875,7369.85009765625,32188.80078125,734.7999877929688,6962.14990234375,2394.5,5468.89990234375,24272.19921875
2023-12-08,47262.0,33392.8984375,53636.3515625,17769.099609375,16163.150390625,21213.849609375,7362.89990234375,31896.25,738.7000122070312,6951.25,2396.0,5479.4501953125,24517.849609375
2023-12-11,47314.25,33514.25,53976.8984375,17852.30078125,16039.900390625,21214.69921875,7439.7001953125,32023.05078125,744.9500122070312,6991.85009765625,2426.699951171875,5554.10009765625,24555.0
2023-12-12,47097.55078125,33493.8984375,53837.0,17726.5,15963.5,21173.25,7462.60009765625,31603.19921875,731.9500122070312,6943.10009765625,2440.949951171875,5554.9501953125,24418.94921875
2023-12-13,47092.25,33066.6484375,54215.3515625,17917.900390625,16142.400390625,21171.19921875,7528.2001953125,31812.099609375,743.7000122070312,7015.35009765625,2450.800048828125,5595.0498046875,24401.849609375
2023-12-14,47732.30078125,34223.3515625,54361.44921875,18045.05078125,16155.7001953125,21461.25,7574.25,32075.80078125,772.5499877929688,7082.14990234375,2441.5,5628.0,24758.0
2023-12-15,48143.55078125,35782.44921875,54186.19921875,18038.25,16179.7998046875,21529.75,7735.35009765625,32580.650390625,767.0499877929688,7141.2998046875,2437.050048828125,5762.60009765625,24944.650390625
2023-12-18,47867.69921875,35685.55078125,54017.05078125,18068.25,16332.150390625,21444.900390625,7768.5498046875,32521.25,759.7000122070312,7158.2998046875,2465.75,5720.35009765625,24785.349609375
2023-12-19,47870.8984375,35345.0,54776.55078125,17932.69921875,16391.25,21434.44921875,7716.64990234375,33036.1484375,755.6500244140625,7185.60009765625,2447.449951171875,5765.75,24764.55078125
2023-12-20,47445.30078125,34741.05078125,54597.8984375,17523.55078125,16121.25,21201.25,7421.5498046875,32151.599609375,737.2999877929688,7004.9501953125,2322.35009765625,5532.85009765625,24508.150390625
2023-12-21,47840.1484375,34846.05078125,54803.30078125,17537.849609375,16238.150390625,21326.0,7524.0,32720.099609375,744.0999755859375,7087.2998046875,2380.199951171875,5623.7001953125,24649.900390625
2023-12-22,47491.8515625,35637.80078125,55101.05078125,17778.900390625,16394.349609375,21197.150390625,7652.64990234375,32810.1484375,763.0499877929688,7134.9501953125,2390.5,5584.9501953125,24485.30078125
2023-12-26,47724.8515625,35493.44921875,55484.3984375,17953.55078125,16562.599609375,21261.650390625,7739.7998046875,33246.25,764.9000244140625,7196.25,2376.60009765625,5576.75,24583.05078125
2023-12-27,48282.19921875,35741.0,55750.3515625,18224.849609375,16655.94921875,21465.69921875,7847.75,33212.6015625,770.0999755859375,7252.0498046875,2379.5,5691.60009765625,24820.44921875
2023-12-28,48508.55078125,35691.6484375,56504.5,18408.599609375,16860.849609375,21534.099609375,7926.35009765625,33721.3984375,777.4000244140625,7313.35009765625,2379.699951171875,5750.4501953125,24933.400390625
2023-12-29,48292.25,35515.0,56987.19921875,18618.19921875,16831.80078125,21487.44921875,7978.0,33468.05078125,783.0499877929688,7303.39990234375,2388.14990234375,5713.4501953125,24875.650390625
2024-01-01,48234.30078125,35695.8984375,,,16858.75,,,,,,,,
2024-01-02,47761.6484375,35283.1015625,57209.5,18339.349609375,17274.30078125,21346.150390625,8023.89990234375,33703.69921875,778.4500122070312,7278.60009765625,2442.5,5735.0,24565.400390625
2024-01-03,47704.94921875,34395.44921875,57213.30078125,18317.5,17379.80078125,21256.55078125,7878.39990234375,33791.6015625,788.0,7287.4501953125,2454.449951171875,5801.0498046875,24576.55078125
2024-01-04,48195.8515625,34409.3984375,57703.8984375,18326.75,17413.19921875,21516.599609375,7883.0498046875,34189.25,841.2999877929688,7369.7998046875,2464.699951171875,5860.89990234375,24863.599609375
2024-01-05,48159.0,34851.75,57667.3515625,18406.94921875,17358.599609375,21514.19921875,7871.7998046875,34216.1484375,844.3499755859375,7397.64990234375,2468.0,5838.4501953125,24841.55078125
2024-01-08,47450.25,34514.6484375,56672.8515625,18350.19921875,17195.94921875,21292.44921875,7747.0,34142.6015625,845.4500122070312,7372.64990234375,2469.89990234375,5691.39990234375,24484.44921875
2024-01-09,47242.6484375,34662.44921875,56573.1015625,18519.80078125,17346.30078125,21197.25,7808.2998046875,34226.69921875,866.75,7432.89990234375,2387.800048828125,5682.25,24394.900390625
2024-01-10,47360.8515625,34834.3515625,56348.94921875,18559.099609375,17401.900390625,21224.30078125,7882.64990234375,34330.6484375,865.7999877929688,7450.9501953125,2470.64990234375,5667.39990234375,24476.349609375
2024-01-11,47438.3515625,34735.25,56228.55078125,18755.099609375,17380.55078125,21249.19921875,7876.14990234375,34776.69921875,865.4500122070312,7502.2001953125,2462.050048828125,5703.85009765625,24577.650390625
2024-01-12,47709.80078125,36521.69921875,56485.75,18715.19921875,17347.44921875,21300.69921875,7898.35009765625,34969.94921875,881.0499877929688,7561.14990234375,2446.050048828125,5860.7998046875,24653.849609375
2024-01-15,48158.30078125,37201.94921875,56657.30078125,18765.25,17520.44921875,21461.349609375,7864.10009765625,35449.8515625,883.2999877929688,7641.5498046875,2399.550048828125,5918.2001953125,24884.5
2024-01-16,48125.1015625,36727.1015625,56755.8515625,18712.69921875,17320.150390625,21447.150390625,7941.85009765625,35185.05078125,868.5999755859375,7610.60009765625,2407.64990234375,5933.39990234375,24850.69921875
2024-01-17,46064.44921875,36960.3984375,56259.5,18447.25,17154.0,20528.900390625,7693.5498046875,34853.25,856.2999877929688,7543.5498046875,2404.699951171875,5830.0,23798.349609375
2024-01-18,45713.55078125,36730.5,55953.6015625,18496.25,17331.25,20324.05078125,7629.10009765625,34580.5,862.5,7544.25,2392.89990234375,5877.5,23603.0
2024-01-19,45701.1484375,37069.25,56640.5,18694.599609375,17388.0,20425.349609375,7732.35009765625,34985.30078125,868.5,7665.89990234375,2369.89990234375,5945.10009765625,23537.75
2024-01-23,45015.05078125,36521.3515625,54973.8984375,18361.0,17520.30078125,20137.05078125,7486.85009765625,34324.30078125,816.1500244140625,7526.10009765625,2067.300048828125,5806.85009765625,23167.599609375
2024-01-24,45082.3984375,37090.1484375,55858.69921875,18593.69921875,17763.69921875,20206.400390625,7708.64990234375,34895.1015625,818.0999755859375,7650.0,2130.64990234375,5922.25,23111.599609375
2024-01-25,44866.1484375,36496.19921875,55214.1015625,18614.900390625,17532.55078125,20099.400390625,7719.64990234375,35203.8515625,823.5499877929688,7656.7001953125,2134.60009765625,5929.7001953125,23051.099609375
2024-01-29,45442.3515625,36531.8984375,55139.1015625,18927.25,17623.599609375,20413.349609375,7843.75,37024.75,833.9000244140625,7937.7998046875,2134.699951171875,6073.89990234375,23403.0
2024-01-30,45367.75,36381.94921875,54574.3515625,18878.349609375,17470.150390625,20285.5,7864.0,36398.80078125,837.0999755859375,7838.2998046875,2143.449951171875,6132.4501953125,23324.94921875
2024-01-31,45996.80078125,36638.3984375,55071.3984375,19227.150390625,17938.650390625,20497.5,7973.10009765625,36748.0,856.2000122070312,7859.89990234375,2151.0,6271.64990234375,23594.44921875
2024-02-01,46188.6484375,36534.55078125,55215.80078125,19328.69921875,17839.19921875,20516.650390625,7891.0498046875,36910.6015625,848.1500244140625,7825.89990234375,2127.60009765625,6466.4501953125,23623.75
2024-02-02,45970.94921875,37323.25,55118.3984375,19380.5,17972.099609375,20434.05078125,8078.25,38077.69921875,856.2000122070312,7946.14990234375,2129.050048828125,6609.75,23453.5
2024-02-05,45825.55078125,37162.1484375,54698.3984375,19615.30078125,18292.94921875,20315.849609375,8109.5498046875,38481.30078125,862.75,7913.10009765625,2124.199951171875,6582.0,23419.80078125
2024-02-06,45690.80078125,38246.30078125,54608.80078125,19903.849609375,18488.05078125,20365.5,8238.25,38721.3984375,866.25,7989.64990234375,2129.25,6556.2998046875,23305.69921875
2024-02-07,45818.5,37767.75,54772.6015625,19903.80078125,18564.849609375,20443.650390625,8276.650390625,38945.5,882.1500244140625,7994.7001953125,2154.800048828125,6743.7998046875,23288.69921875
2024-02-08,45012.0,37851.6015625,53646.19921875,19649.5,18520.30078125,20064.69921875,8221.849609375,39354.3515625,876.0499877929688,8006.0498046875,2197.60009765625,6878.5,22684.44921875
2024-02-09,45634.55078125,37699.25,53867.1015625,19576.0,18617.099609375,20203.30078125,8095.60009765625,39037.6484375,875.9500122070312,7977.0498046875,2191.800048828125,6944.9501953125,22913.80078125
2024-02-12,44882.25,37998.0,53292.94921875,19419.599609375,18669.55078125,19918.5,7901.64990234375,38097.1015625,849.9500122070312,7877.0,2094.050048828125,6637.0498046875,22532.69921875
2024-02-13,45502.3984375,38204.0,53432.05078125,19433.05078125,18753.94921875,20190.5,7737.85009765625,38394.30078125,850.4000244140625,7909.60009765625,2093.39990234375,6716.5498046875,22866.849609375
2024-02-14,45908.30078125,37775.3984375,53839.05078125,19716.0,18584.349609375,20325.55078125,7874.7998046875,39253.5,861.0,8000.5,2146.0,6934.14990234375,22983.19921875
2024-02-15,46218.8984375,37999.55078125,53321.3515625,19981.69921875,18567.69921875,20416.150390625,7910.60009765625,39942.1484375,869.4000244140625,8055.14990234375,2143.64990234375,7160.7998046875,23054.30078125
2024-02-16,46384.8515625,38477.05078125,53518.6015625,20423.44921875,18870.80078125,20472.75,7976.4501953125,39682.3984375,882.7000122070312,8077.75,2164.800048828125,7135.0,23240.900390625
2024-02-19,46535.5,38363.19921875,,,19037.69921875,,,,,,,,
2024-02-20,47094.19921875,38029.69921875,53882.5,20354.25,18993.0,20800.849609375,7955.7998046875,39955.1484375,887.0,8157.14990234375,2223.0,7101.2001953125,23534.69921875
2024-02-21,47019.69921875,37405.8984375,53892.3515625,20252.55078125,18916.44921875,20686.75,7976.4501953125,39283.1484375,904.75,8078.5498046875,2113.949951171875,7143.75,23445.94921875
2024-02-22,46919.80078125,38130.1484375,54419.19921875,20584.849609375,18969.44921875,20665.900390625,8069.39990234375,39589.55078125,909.6500244140625,8152.2998046875,2135.199951171875,7158.60009765625,23430.5
2024-02-23,46811.75,38045.6484375,54337.75,20621.349609375,19048.400390625,20677.099609375,8047.75,39561.44921875,918.75,8170.7001953125,2164.300048828125,7076.0498046875,23430.849609375
2024-02-26,46576.5,37598.6484375,54317.30078125,20642.400390625,18956.44921875,20619.69921875,7971.75,39758.8984375,919.3499755859375,8180.0,2156.39990234375,7040.64990234375,23317.19921875
2024-02-27,46588.05078125,37870.25,54306.44921875,20788.55078125,19064.19921875,20552.900390625,8000.5498046875,39659.5,929.1500244140625,8200.900390625,2142.800048828125,7001.39990234375,23372.69921875
2024-02-28,45963.1484375,37741.75,53824.8984375,20372.349609375,18942.55078125,20340.400390625,7850.35009765625,38748.05078125,909.5,8055.2001953125,2068.75,6840.60009765625,23019.0
2024-02-29,46120.8984375,37720.3984375,54015.6015625,20412.400390625,19003.150390625,20407.900390625,7921.89990234375,38838.0,910.5499877929688,8085.75,2049.949951171875,6929.85009765625,23104.69921875
2024-03-01,47286.8984375,37516.05078125,54225.1484375,20871.94921875,18822.30078125,20842.69921875,8208.5,39707.1015625,917.0999755859375,8243.9501953125,2019.9000244140625,7080.75,23688.849609375
2024-03-04,47456.1015625,37314.80078125,54221.75,20840.19921875,18960.19921875,20927.25,8318.9501953125,40466.6015625,927.4500122070312,8334.400390625,2017.1500244140625,7139.5,23779.69921875
2024-03-05,47581.0,36720.75,53653.1015625,21121.19921875,19018.5,20854.5,8300.5498046875,40646.1015625,930.3499755859375,8349.9501953125,1989.5,7321.9501953125,23731.75
2024-03-06,47965.3984375,37001.80078125,53879.6015625,21181.30078125,19140.0,20986.150390625,8257.650390625,40451.5,917.8499755859375,8335.4501953125,1939.050048828125,7324.7998046875,23938.80078125
2024-03-07,47835.80078125,37099.8984375,54406.30078125,21126.80078125,19194.099609375,21005.849609375,8371.2998046875,40301.80078125,916.5,8329.2998046875,1988.3499755859375,7341.25,23848.150390625
2024-03-11,47327.8515625,36988.30078125,54087.44921875,21001.150390625,19202.05078125,20862.55078125,8250.75,39853.1015625,906.5499877929688,8278.349609375,1930.5,7225.0,23595.0
2024-03-12,47282.3984375,37224.25,53636.1015625,20931.849609375,18958.69921875,20897.5,8108.39990234375,39599.25,872.9000244140625,8226.2001953125,1894.8499755859375,7039.0,23605.349609375
2024-03-13,46981.30078125,36946.44921875,53664.1484375,20338.25,18635.69921875,20758.19921875,7647.39990234375,37439.3984375,826.5,7916.2001953125,1788.3499755859375,6737.4501953125,23441.099609375
2024-03-14,46789.94921875,37679.6015625,54145.80078125,20514.25,18897.099609375,20725.900390625,7799.9501953125,38159.94921875,831.5499877929688,8044.0,1823.300048828125,6784.64990234375,23332.5
2024-03-15,46594.1015625,37500.69921875,54155.44921875,20192.30078125,18718.44921875,20644.30078125,7802.64990234375,37583.1015625,830.1500244140625,7988.0498046875,1822.5,6761.0,23323.0
2024-03-18,46575.8984375,36886.05078125,53907.8515625,20446.599609375,18814.349609375,20626.650390625,7996.89990234375,37825.3984375,834.0499877929688,8028.14990234375,1843.5,6782.5498046875,23292.80078125
2024-03-19,46384.80078125,35814.6484375,52740.8984375,20354.099609375,18405.650390625,20601.94921875,7923.60009765625,37232.1015625,829.2000122070312,7921.89990234375,1798.300048828125,6676.5,23220.69921875
2024-03-20,46310.8984375,35748.8984375,52993.5,20406.44921875,18361.400390625,20544.25,7860.89990234375,37630.69921875,834.3499755859375,7972.9501953125,1794.8499755859375,6679.7001953125,23152.5
2024-03-21,46684.8984375,36026.80078125,53338.3515625,20700.25,18582.599609375,20714.80078125,8052.75,38328.3515625,859.4000244140625,8090.85009765625,1826.949951171875,6822.64990234375,23355.25
2024-03-22,46863.75,35188.3984375,53775.69921875,21046.400390625,18815.599609375,20783.55078125,8130.7998046875,38411.55078125,874.5,8146.39990234375,1849.800048828125,6888.5,23452.599609375
2024-03-26,46600.19921875,34969.1015625,53687.69921875,21038.30078125,18809.44921875,20705.94921875,8161.2001953125,38428.5,888.2000122070312,8167.75,1819.050048828125,6895.64990234375,23334.75
2024-03-27,46785.94921875,34744.3515625,53543.55078125,21146.19921875,18768.400390625,20792.400390625,8154.9501953125,38690.1484375,895.75,8256.2001953125,1808.5999755859375,6828.5498046875,23473.599609375
2024-03-28,47124.6015625,34898.1484375,53949.19921875,21419.099609375,18996.150390625,20989.099609375,8257.2001953125,39020.6015625,900.6500244140625,8336.0,1795.8499755859375,7007.25,23555.849609375
2024-04-01,47578.25,35042.80078125,53889.1484375,21385.25,19207.900390625,21198.400390625,8562.7001953125,39489.69921875,939.9000244140625,8423.0498046875,1880.050048828125,7113.25,23797.900390625
2024-04-02,47545.44921875,34793.94921875,54096.94921875,21614.25,19185.150390625,21150.94921875,8690.849609375,39693.75,949.3499755859375,8455.25,1914.9000244140625,7176.0498046875,23782.25
2024-04-03,47624.25,35047.3984375,53866.69921875,21555.349609375,19153.05078125,21197.25,8691.2001953125,39704.55078125,924.8499755859375,8448.2001953125,1925.8499755859375,7303.85009765625,23746.900390625
2024-04-04,48060.80078125,35426.69921875,53634.44921875,21651.849609375,19125.19921875,21373.5,8684.4501953125,39530.3515625,924.5,8395.400390625,1923.800048828125,7252.89990234375,24012.349609375
2024-04-05,48493.05078125,35247.8984375,53925.94921875,21600.900390625,19160.75,21556.650390625,8699.0498046875,39451.55078125,937.75,8361.650390625,1916.25,7306.35009765625,24228.25
2024-04-08,48581.69921875,35064.1484375,53966.05078125,22067.94921875,19218.849609375,21604.5,8794.650390625,39951.25,950.25,8461.7998046875,1901.5,7241.25,24287.099609375
2024-04-09,48730.55078125,35079.3515625,53629.3515625,21999.349609375,19182.30078125,21682.19921875,8894.400390625,39693.44921875,955.2999877929688,8434.2001953125,1877.5999755859375,7180.75,24395.25
2024-04-10,48986.6015625,35293.1484375,54290.8984375,21985.150390625,19117.0,21717.69921875,8999.599609375,40120.1015625,960.9000244140625,8496.5498046875,1911.3499755859375,7290.35009765625,24512.349609375
2024-04-12,48564.55078125,35018.1015625,53701.3984375,21851.30078125,18788.650390625,21521.80078125,8951.2998046875,39756.0,952.4000244140625,8414.2998046875,1888.25,7198.7001953125,24319.900390625
2024-04-15,47773.25,34463.6015625,53174.94921875,21680.30078125,18617.650390625,21146.0,8899.7001953125,39629.25,942.0499877929688,8348.150390625,1846.0999755859375,7056.10009765625,23916.150390625
2024-04-16,47484.80078125,33574.94921875,53402.25,21703.05078125,18695.599609375,21099.25,8851.9501953125,39712.75,937.75,8327.0,1875.1500244140625,6966.25,23759.25
2024-04-18,47069.44921875,33498.6484375,52825.5,21520.75,18525.75,20899.44921875,8824.25,39359.55078125,932.75,8324.400390625,1889.550048828125,6953.35009765625,23534.75
2024-04-19,47574.1484375,33368.30078125,53055.44921875,21609.69921875,18404.599609375,21173.0,8909.0,39357.8515625,926.25,8339.0498046875,1870.3499755859375,6933.25,23796.80078125
2024-04-22,47924.8984375,33538.80078125,53499.44921875,21812.69921875,18643.0,21326.5,8931.2001953125,39570.05078125,933.0999755859375,8423.599609375,1875.0999755859375,7146.14990234375,23974.05078125
2024-04-23,47970.44921875,33714.55078125,53905.30078125,21914.30078125,18463.75,21334.19921875,8900.4501953125,39446.6015625,957.2000122070312,8456.25,1885.0,7150.0,23999.69921875
2024-04-24,48189.0,33442.55078125,53932.5,21896.900390625,18586.19921875,21442.599609375,9140.099609375,39561.8515625,965.75,8489.599609375,1879.5999755859375,7133.89990234375,24109.150390625
2024-04-25,48494.94921875,33554.44921875,54291.6484375,22174.05078125,18878.150390625,21545.349609375,9242.0,39989.25,963.3499755859375,8548.400390625,1888.5999755859375,7403.14990234375,24140.599609375
2024-04-26,48201.05078125,33666.25,54300.75,22111.55078125,18994.650390625,21354.05078125,9222.650390625,39968.30078125,969.0499877929688,8527.25,1910.949951171875,7380.0498046875,24031.55078125
2024-04-29,49424.05078125,33579.3984375,54332.1484375,22078.75,19096.900390625,21811.19921875,9268.7998046875,40352.1015625,959.3499755859375,8587.349609375,1912.3499755859375,7569.0498046875,24551.05078125
2024-04-30,49396.75,33200.94921875,54240.6015625,22479.900390625,18970.599609375,21841.150390625,9175.7998046875,40366.69921875,973.25,8575.25,1892.800048828125,7605.60009765625,24535.94921875
2024-05-02,49231.05078125,33203.3515625,54490.55078125,22733.5,19124.44921875,21873.69921875,9279.5498046875,40801.1015625,972.6500244140625,8630.5,1862.949951171875,7586.14990234375,24472.30078125
2024-05-03,48923.55078125,32908.3984375,54273.8984375,22541.349609375,19133.400390625,21797.400390625,9276.2998046875,40571.05078125,962.6500244140625,8519.5,1851.0999755859375,7528.7001953125,24293.099609375
2024-05-06,48895.30078125,33217.1484375,54660.1484375,22526.599609375,19203.30078125,21743.69921875,9189.75,39882.1015625,989.2000122070312,8444.9501953125,1811.1500244140625,7252.85009765625,24398.44921875
2024-05-07,48285.3515625,33473.0,55765.55078125,22114.0,18846.30078125,21543.5,8969.900390625,39035.25,954.7000122070312,8322.5,1784.949951171875,7085.4501953125,24044.30078125
2024-05-08,48021.1015625,33335.1484375,56008.80078125,22458.650390625,18850.849609375,21428.349609375,9102.349609375,39635.1015625,960.8499755859375,8421.7001953125,1800.5999755859375,7147.60009765625,23849.75
2024-05-09,47487.8984375,33205.8515625,54625.1015625,22633.30078125,18437.05078125,21093.5,8841.25,38458.0,939.4500122070312,8200.7998046875,1768.4000244140625,7095.2001953125,23508.900390625
2024-05-10,47421.1015625,32935.1484375,55276.5,22846.900390625,18609.44921875,21094.150390625,8977.4501953125,39089.44921875,935.3499755859375,8283.2998046875,1772.4000244140625,7074.35009765625,23550.650390625
2024-05-13,47754.1015625,33074.6015625,55340.69921875,22462.650390625,18939.0,21249.80078125,9094.7998046875,38868.1484375,946.9000244140625,8304.7001953125,1768.550048828125,6987.2998046875,23753.0
2024-05-14,47859.44921875,33122.8515625,55054.30078125,22874.80078125,18860.849609375,21254.55078125,9347.150390625,39494.19921875,955.25,8415.900390625,1781.5,7060.14990234375,23796.05078125
2024-05-15,47687.44921875,33117.3984375,54555.94921875,22759.849609375,18886.55078125,21186.0,9376.900390625,39949.55078125,965.0,8488.2998046875,1772.449951171875,7160.75,23716.650390625
2024-05-16,47977.05078125,33668.44921875,54997.0,22886.849609375,18996.150390625,21416.099609375,9405.400390625,40076.6015625,980.75,8561.25,1794.1500244140625,7097.5498046875,23875.099609375
2024-05-17,48115.6484375,33381.8515625,55064.69921875,23285.650390625,18981.599609375,21478.30078125,9557.9501953125,40302.5,997.0999755859375,8623.5498046875,1811.800048828125,7109.25,23931.650390625
2024-05-21,48048.19921875,33379.75,54969.25,23353.75,19205.19921875,21438.19921875,9981.150390625,40971.05078125,1004.7000122070312,8683.650390625,1857.3499755859375,7264.75,23828.900390625
2024-05-22,47781.94921875,33613.1015625,55753.8984375,23324.099609375,19317.400390625,21326.69921875,9919.4501953125,41331.55078125,1018.9000244140625,8716.4501953125,1870.9000244140625,7240.2998046875,23730.150390625
2024-05-23,48768.6015625,34042.8515625,55899.0,23849.25,19216.349609375,21731.650390625,9959.4501953125,41559.25,1030.4000244140625,8848.5,1877.4000244140625,7364.9501953125,24203.94921875
2024-05-24,48971.6484375,33824.30078125,55449.1484375,23891.44921875,19119.5,21852.30078125,9928.400390625,41634.6484375,1023.6500244140625,8855.900390625,1897.0,7359.0498046875,24303.5
2024-05-27,49281.80078125,33995.25,55260.5,23877.150390625,19111.94921875,21965.599609375,9866.400390625,41292.6484375,1032.3499755859375,8845.0,1878.5999755859375,7456.75,24435.099609375
2024-05-28,49142.1484375,33880.8515625,55271.94921875,23814.25,19215.75,21982.150390625,9815.0498046875,40794.8515625,1010.0,8775.2001953125,1884.449951171875,7361.10009765625,24359.150390625
2024-05-29,48501.3515625,33542.69921875,54974.25,23757.94921875,19321.349609375,21620.44921875,9841.2001953125,40572.19921875,1000.9500122070312,8721.0,1887.75,7325.2998046875,24026.69921875
2024-05-30,48682.3515625,32806.75,54280.1015625,23471.0,18971.0,21597.30078125,9545.25,39986.8515625,996.0499877929688,8623.0498046875,1896.8499755859375,7292.39990234375,24102.80078125
2024-05-31,48983.94921875,32386.099609375,54107.3515625,23419.599609375,18796.30078125,21718.30078125,9723.599609375,40255.5,1019.4000244140625,8668.0,1870.4000244140625,7386.0,24224.099609375
2024-06-03,50979.94921875,32511.400390625,54653.6015625,23992.69921875,18864.150390625,22596.400390625,10048.5498046875,42981.8984375,1080.050048828125,9147.0,1929.050048828125,8006.14990234375,25032.44921875
2024-06-04,46928.6015625,32315.55078125,55172.5,23193.30078125,18603.150390625,20819.5,8980.150390625,37624.1015625,976.0999755859375,8178.0,1802.0,6794.25,23269.30078125
2024-06-05,49054.6015625,33087.94921875,57567.3984375,24283.75,19281.25,21682.599609375,9496.599609375,38712.3515625,1000.7999877929688,8403.9501953125,1873.4000244140625,6989.75,24462.69921875
2024-06-06,49291.8984375,34023.80078125,57373.6015625,24396.69921875,19232.099609375,21894.900390625,9632.5,39339.6484375,1047.75,8547.5,1942.3499755859375,7193.7001953125,24456.25
2024-06-07,49803.19921875,35169.8984375,57953.3515625,25020.19921875,19578.0,22165.80078125,9833.599609375,40283.30078125,1069.5,8752.599609375,1970.6500244140625,7281.89990234375,24706.900390625
2024-06-10,49780.8984375,34526.25,57991.75,25022.650390625,19774.69921875,22154.849609375,9795.849609375,40510.05078125,1083.6500244140625,8806.7001953125,2007.4000244140625,7333.85009765625,24684.900390625
2024-06-11,49705.75,34531.44921875,57792.8515625,25230.80078125,19689.69921875,22125.44921875,9789.5498046875,40620.80078125,1095.8499755859375,8856.2998046875,2042.550048828125,7344.60009765625,24644.19921875
2024-06-12,49895.1015625,34547.44921875,57495.55078125,25217.599609375,19739.099609375,22232.400390625,9838.349609375,40995.6484375,1095.4000244140625,8935.5,2081.199951171875,7429.5498046875,24740.349609375
2024-06-13,49846.69921875,34902.05078125,57117.0,25393.19921875,19838.5,22296.69921875,9840.25,40943.25,1119.9000244140625,8978.099609375,2058.550048828125,7424.60009765625,24692.69921875
2024-06-14,50002.0,34598.55078125,57225.8515625,25722.099609375,19895.650390625,22411.94921875,9912.099609375,41040.0,1129.0999755859375,9028.7001953125,2057.85009765625,7464.14990234375,24777.05078125
2024-06-18,50440.8984375,34802.94921875,57167.3984375,25715.30078125,19826.650390625,22585.349609375,9890.2001953125,41307.25,1150.300048828125,9053.150390625,2044.5999755859375,7482.89990234375,25049.650390625
2024-06-19,51398.05078125,34927.1015625,56646.55078125,25381.69921875,19644.5,22943.94921875,9773.2998046875,40600.8984375,1117.699951171875,8892.9501953125,2018.199951171875,7489.9501953125,25553.900390625
2024-06-20,51783.25,34936.44921875,56669.6484375,25267.849609375,19544.55078125,23035.30078125,9951.0498046875,40753.94921875,1140.300048828125,8929.150390625,2020.5,7469.60009765625,25849.849609375
2024-06-21,51661.44921875,35200.30078125,55990.1015625,25092.30078125,19528.400390625,22991.55078125,9990.900390625,40457.55078125,1131.9000244140625,8885.7001953125,2039.6500244140625,7384.25,25811.349609375
2024-06-24,51703.94921875,35143.80078125,56392.69921875,25309.80078125,19521.150390625,23071.25,9926.849609375,40464.1484375,1135.3499755859375,8899.349609375,2001.5999755859375,7335.2998046875,25781.05078125
2024-06-25,52606.0,35426.8984375,56246.3515625,25250.25,19532.30078125,23510.650390625,9857.4501953125,40255.19921875,1115.5,8896.099609375,1991.5,7344.60009765625,26218.400390625
2024-06-26,52870.5,35406.6015625,56465.19921875,25018.900390625,19545.349609375,23592.69921875,9714.2998046875,40822.6015625,1099.5,9015.2998046875,2023.449951171875,7368.85009765625,26368.849609375
2024-06-27,52811.30078125,36123.69921875,56670.6015625,25191.400390625,19514.80078125,23624.849609375,9767.400390625,41342.3515625,1098.949951171875,9106.900390625,1996.199951171875,7301.39990234375,26401.849609375
2024-06-28,52342.25,36157.5,56756.8515625,25200.599609375,19731.55078125,23420.30078125,9814.2998046875,41789.19921875,1104.75,9133.9501953125,1992.3499755859375,7365.9501953125,26075.5
2024-07-01,52574.75,36869.19921875,57154.69921875,25323.849609375,19758.25,23631.05078125,9882.7998046875,41569.80078125,1101.050048828125,9131.7001953125,2040.5999755859375,7310.25,26210.0
2024-07-02,52168.1015625,37299.1484375,56669.19921875,25130.849609375,19786.400390625,23500.849609375,9835.7001953125,41714.55078125,1110.1500244140625,9138.099609375,2062.050048828125,7178.0,25979.05078125
2024-07-03,53089.25,37314.3515625,57177.55078125,25182.80078125,19915.30078125,23923.75,9940.099609375,41784.5,1113.8499755859375,9141.650390625,2054.10009765625,7254.2001953125,26504.650390625
2024-07-04,53103.69921875,37725.8984375,57058.3984375,25366.44921875,20192.599609375,23879.69921875,9936.7998046875,41847.69921875,1119.5,9137.25,2044.9000244140625,7266.0,26524.19921875
2024-07-05,52660.3515625,37720.75,57673.0,25398.30078125,20453.849609375,23641.75,9970.5,42523.8984375,1119.1500244140625,9250.599609375,2047.550048828125,7356.75,26266.19921875
2024-07-08,52425.80078125,37742.25,58611.19921875,25260.5,20325.80078125,23586.75,9877.349609375,42644.94921875,1114.300048828125,9251.25,2039.949951171875,7238.89990234375,26200.25
2024-07-09,52568.80078125,37668.6484375,59182.6484375,25823.55078125,20645.80078125,23662.599609375,9881.900390625,42609.19921875,1127.050048828125,9263.7998046875,2047.25,7331.5,26232.5
2024-07-10,52189.30078125,37280.75,59349.6015625,25302.80078125,20725.94921875,23599.099609375,9722.7998046875,42675.44921875,1126.6500244140625,9278.0498046875,2011.1500244140625,7228.64990234375,26086.599609375
2024-07-11,52270.6484375,37332.6015625,59516.69921875,25257.25,20601.69921875,23599.44921875,9723.25,42756.8515625,1109.9000244140625,9263.849609375,2031.9000244140625,7241.14990234375,26129.25
2024-07-12,52278.8984375,39023.0,59725.75,25145.44921875,20612.650390625,23604.400390625,9708.2001953125,42846.3515625,1093.199951171875,9276.2998046875,2074.14990234375,7203.0,26146.80078125
2024-07-15,52455.8984375,38911.3515625,60070.69921875,25419.80078125,20844.55078125,23691.849609375,9729.599609375,43303.0,1107.9000244140625,9343.7001953125,2105.800048828125,7423.85009765625,26148.69921875
2024-07-16,52396.80078125,39141.5,60645.1484375,25482.900390625,20765.44921875,23648.349609375,9722.0,43204.30078125,1126.25,9330.7998046875,2084.050048828125,7405.5,26125.75
2024-07-18,52620.69921875,40010.3984375,61225.3515625,25576.69921875,20768.349609375,23783.5,9636.9501953125,43236.6484375,1122.699951171875,9340.599609375,2009.6500244140625,7407.25,26229.80078125
2024-07-19,52265.6015625,39923.30078125,61087.8984375,24963.349609375,20425.400390625,23596.349609375,9256.2998046875,42062.80078125,1096.199951171875,9122.349609375,1962.949951171875,7302.60009765625,26008.0
2024-07-22,52280.3984375,39773.1484375,60881.75,25250.75,20641.55078125,23626.80078125,9350.599609375,41945.5,1090.9000244140625,9157.7998046875,1953.699951171875,7321.5,26015.0
2024-07-23,51778.30078125,40044.69921875,62511.25,25321.69921875,20755.349609375,23304.099609375,9263.099609375,41719.5,1065.949951171875,9085.2001953125,1976.300048828125,7218.89990234375,25800.150390625
2024-07-24,51317.0,40115.05078125,62182.3515625,25309.05078125,20908.5,23165.099609375,9267.150390625,42234.3515625,1074.25,9116.5,2025.050048828125,7193.5,25604.80078125
2024-07-25,50888.75,40055.5,62139.5,25627.349609375,21105.5,23049.5,9148.0,42770.30078125,1065.3499755859375,9188.0498046875,2041.4000244140625,7151.64990234375,25369.05078125
2024-07-26,51295.94921875,40977.3515625,62728.80078125,26250.69921875,21603.099609375,23316.69921875,9423.400390625,43238.30078125,1077.6500244140625,9372.25,2075.64990234375,7270.64990234375,25518.19921875
2024-07-29,51406.25,40820.1015625,62513.8515625,26426.55078125,21674.94921875,23315.30078125,9450.2998046875,43438.69921875,1093.050048828125,9423.5498046875,2113.050048828125,7434.5,25588.599609375
2024-07-30,51499.30078125,40776.3515625,61819.0,26580.94921875,21540.80078125,23338.0,9468.349609375,43908.3515625,1097.800048828125,9443.400390625,2127.0,7428.5498046875,25672.75
2024-07-31,51553.3984375,40851.1015625,62082.19921875,26685.25,21777.150390625,23412.19921875,9583.400390625,44086.80078125,1093.75,9499.4501953125,2149.699951171875,7396.9501953125,25712.099609375
2024-08-01,51564.0,40709.3984375,62173.19921875,26487.44921875,21790.349609375,23435.849609375,9573.2001953125,44954.44921875,1075.1500244140625,9531.5498046875,2109.14990234375,7323.5,25712.19921875
2024-08-02,51350.1484375,39730.30078125,61745.1484375,25714.44921875,21902.849609375,23365.900390625,9314.5498046875,44334.25,1037.1500244140625,9379.0498046875,2100.300048828125,7197.5,25612.05078125
2024-08-05,50092.1015625,38435.94921875,61550.44921875,24706.5,21583.05078125,22762.69921875,8862.5,42640.8984375,992.2999877929688,9071.5498046875,2004.199951171875,6903.4501953125,25031.349609375
2024-08-06,49748.30078125,38624.19921875,61604.1484375,24520.05078125,21562.55078125,22520.099609375,8888.9501953125,42474.94921875,1000.5999755859375,9059.5,2007.25,6816.2001953125,24880.19921875
2024-08-07,50119.0,39194.80078125,62322.6484375,24937.599609375,22036.94921875,22804.75,9128.4501953125,43400.3984375,1018.9500122070312,9207.7001953125,2058.949951171875,6916.0,24999.849609375
2024-08-08,50156.69921875,38448.30078125,62042.55078125,24917.349609375,22114.25,22838.400390625,8969.25,42687.1484375,1006.6500244140625,9077.5,2063.85009765625,6862.35009765625,25022.80078125
2024-08-09,50484.5,39043.30078125,62157.3515625,25346.650390625,22209.55078125,22983.30078125,9038.2998046875,43216.05078125,1022.25,9166.4501953125,2101.64990234375,6994.4501953125,25146.5
2024-08-12,50577.94921875,39109.55078125,61668.44921875,25278.94921875,22205.599609375,23028.55078125,9106.25,42916.05078125,1035.699951171875,9119.849609375,2058.550048828125,6911.9501953125,25256.849609375
2024-08-13,49831.8515625,39114.8515625,61495.75,25081.849609375,22191.599609375,22596.80078125,8957.150390625,42570.3515625,1028.0999755859375,9052.9501953125,2039.0,6800.7001953125,24944.849609375
2024-08-14,49727.30078125,39731.25,61305.30078125,25093.5,22012.69921875,22591.69921875,8844.2998046875,42298.94921875,1023.1500244140625,9025.849609375,2017.4000244140625,6774.5,24844.94921875
2024-08-16,50516.8984375,40878.25,62213.0,25597.349609375,22106.5,22976.19921875,8994.099609375,42762.69921875,1048.6500244140625,9157.900390625,2059.64990234375,6843.7998046875,25256.05078125
2024-08-19,50368.3515625,41236.8515625,62326.05078125,25368.75,22237.849609375,22922.69921875,9161.9501953125,43332.3515625,1050.199951171875,9182.7001953125,2080.75,6926.14990234375,25134.69921875
2024-08-20,50803.1484375,41572.80078125,62240.6015625,25500.0,22374.25,23178.150390625,9204.650390625,43527.6484375,1052.3499755859375,9202.599609375,2075.199951171875,7042.5498046875,25390.94921875
2024-08-21,50685.55078125,41570.8515625,63091.8984375,25586.75,22577.900390625,23143.650390625,9264.0498046875,43591.44921875,1038.550048828125,9234.400390625,2100.050048828125,7012.4501953125,25389.900390625
2024-08-22,50985.69921875,41506.19921875,63483.6015625,25563.650390625,22546.099609375,23247.150390625,9326.25,43321.1484375,1043.449951171875,9266.4501953125,2096.0,7059.7001953125,25534.349609375
2024-08-23,50933.44921875,41089.8515625,63409.25,25850.69921875,22527.849609375,23232.150390625,9290.5,43338.1484375,1018.0999755859375,9271.9501953125,2068.949951171875,7017.7001953125,25502.849609375
2024-08-26,51148.1015625,41662.1015625,63657.94921875,25941.44921875,22554.94921875,23386.19921875,9490.75,43792.05078125,1036.0,9346.7998046875,2064.300048828125,6982.5,25603.44921875
2024-08-27,51278.75,41709.25,62981.1484375,25911.900390625,22729.0,23578.80078125,9432.75,43523.69921875,1038.0999755859375,9339.0498046875,2148.85009765625,6985.39990234375,25681.349609375
2024-08-28,51143.8515625,42394.3984375,62713.6015625,25879.400390625,22989.099609375,23521.5,9414.7998046875,43398.1015625,1036.199951171875,9344.2998046875,2118.60009765625,6954.10009765625,25646.099609375
2024-08-29,51152.75,42591.6484375,63162.94921875,26020.400390625,22878.05078125,23581.69921875,9369.9501953125,43661.1015625,1034.5,9370.0498046875,2112.0,6965.0,25608.150390625
2024-08-30,51351.0,42787.80078125,63059.75,26172.80078125,23217.599609375,23637.900390625,9405.25,43757.3984375,1053.4000244140625,9425.75,2104.5,6985.7998046875,25687.75
2024-09-02,51439.55078125,42975.6015625,63578.6015625,26071.400390625,22987.44921875,23727.55078125,9307.150390625,43782.94921875,1050.9000244140625,9400.25,2094.550048828125,7021.2001953125,25752.05078125
2024-09-03,51689.1015625,42851.30078125,63485.75,26034.650390625,23014.30078125,23922.19921875,9254.75,43477.6484375,1045.4000244140625,9372.099609375,2064.39990234375,6996.9501953125,25871.44921875
2024-09-04,51400.25,42450.5,63742.8984375,25934.25,23184.400390625,23834.05078125,9185.5,43249.8515625,1052.199951171875,9371.4501953125,2066.10009765625,6878.89990234375,25702.5
2024-09-05,51473.05078125,42644.6484375,63700.3984375,25835.30078125,23156.69921875,23859.5,9212.9501953125,42911.6015625,1041.949951171875,9318.75,2082.85009765625,6901.2001953125,25725.5
2024-09-06,50576.8515625,42228.8984375,63175.69921875,25527.150390625,23043.400390625,23529.75,9161.150390625,42212.44921875,1032.0999755859375,9183.900390625,2059.89990234375,6655.0498046875,25328.80078125
2024-09-09,51117.80078125,41919.05078125,64465.8515625,25495.25,23009.400390625,23722.150390625,9099.0,41926.75,1029.6500244140625,9154.599609375,2052.199951171875,6641.9501953125,25613.5
2024-09-10,51272.30078125,42644.19921875,64584.94921875,25556.44921875,23256.849609375,23649.400390625,9156.2001953125,42243.3984375,1038.75,9235.7998046875,2107.35009765625,6638.35009765625,25720.30078125
2024-09-11,51010.0,42473.30078125,64768.1484375,25240.599609375,23220.400390625,23582.5,9028.2001953125,41626.25,1026.6500244140625,9147.099609375,2075.699951171875,6522.0498046875,25591.0
2024-09-12,51772.3984375,43152.1015625,65513.19921875,25779.80078125,23429.599609375,23945.599609375,9290.849609375,42497.8515625,1035.699951171875,9364.599609375,2083.5,6633.64990234375,25949.900390625
2024-09-13,51938.05078125,43394.3515625,65062.80078125,25820.849609375,23457.650390625,23979.55078125,9370.650390625,42229.3984375,1053.6500244140625,9333.75,2118.449951171875,6715.2998046875,26075.55078125
2024-09-16,52153.1484375,43352.6484375,64597.0,25829.650390625,23448.75,23989.849609375,9427.7001953125,42569.30078125,1059.699951171875,9348.5498046875,2139.5,6714.4501953125,26207.099609375
2024-09-17,52188.6484375,43415.0,64686.44921875,25896.400390625,23383.650390625,23991.55078125,9388.150390625,42648.80078125,1066.199951171875,9380.5498046875,2114.050048828125,6675.39990234375,26250.349609375
2024-09-18,52750.3984375,42089.30078125,64615.05078125,25804.44921875,23025.19921875,24326.900390625,9310.5498046875,42350.69921875,1063.75,9338.599609375,2107.699951171875,6676.9501953125,26502.599609375
2024-09-19,53037.6015625,41945.6015625,64975.80078125,25907.650390625,22930.150390625,24403.650390625,9251.2001953125,42326.8984375,1069.0,9318.5498046875,2056.10009765625,6633.7998046875,26650.69921875
2024-09-20,53793.19921875,42204.3984375,65870.796875,26394.55078125,23005.25,24789.19921875,9404.2998046875,42850.0,1101.5999755859375,9455.400390625,2062.949951171875,6628.0,27062.349609375
2024-09-23,54105.80078125,41987.44921875,66305.203125,26805.400390625,23134.25,24953.099609375,9454.849609375,43370.5,1126.1500244140625,9565.400390625,2077.85009765625,6853.7998046875,27122.599609375
2024-09-24,53968.6015625,42243.94921875,65796.6484375,26920.44921875,23188.400390625,24883.650390625,9735.400390625,43707.8515625,1122.75,9581.5498046875,2078.10009765625,6795.0,27046.400390625
2024-09-25,54101.6484375,41960.94921875,65521.69921875,26888.349609375,23249.0,24987.75,9777.150390625,44064.69921875,1130.1500244140625,9623.75,2139.25,6736.0,27129.400390625
2024-09-26,54375.3515625,42160.8984375,66156.8984375,27496.25,23250.900390625,25155.44921875,9985.7001953125,44145.05078125,1131.300048828125,9663.2998046875,2148.0,6804.64990234375,27241.69921875
2024-09-27,53834.30078125,42312.6015625,65845.453125,27610.75,23519.099609375,24907.94921875,10064.599609375,44545.0,1117.800048828125,9689.099609375,2114.800048828125,6853.75,26960.25
2024-09-30,52978.1015625,41946.1015625,65540.3515625,27027.19921875,23281.19921875,24480.30078125,10198.349609375,44016.69921875,1099.0,9574.7998046875,2138.5,6756.14990234375,26501.849609375
2024-10-01,52922.6015625,42434.80078125,65470.94921875,27083.44921875,23296.55078125,24477.44921875,10222.9501953125,43688.75,1096.8499755859375,9555.25,2172.75,6762.25,26470.25
2024-10-03,51845.19921875,41762.6015625,64502.05078125,26302.099609375,23178.75,23881.55078125,10155.0,42550.5,1049.0,9284.5,2126.449951171875,6678.39990234375,25779.0
2024-10-04,51462.05078125,41912.5,63380.05078125,25926.30078125,23094.69921875,23621.80078125,10113.2001953125,42080.6484375,1031.800048828125,9153.5,2070.949951171875,6714.64990234375,25583.44921875
2024-10-07,50478.8984375,42190.6015625,63028.3515625,25807.150390625,22977.80078125,23221.099609375,9886.2998046875,41039.3515625,1020.1500244140625,9014.849609375,1995.300048828125,6492.35009765625,25119.05078125
2024-10-08,51021.0,42387.55078125,63326.55078125,26236.099609375,23307.94921875,23452.849609375,9794.4501953125,41712.75,1029.949951171875,9158.25,2057.39990234375,6580.10009765625,25367.650390625
2024-10-09,51007.0,42622.75,62334.3515625,26450.25,23783.80078125,23546.0,9800.75,41377.80078125,1052.050048828125,9146.599609375,2074.39990234375,6623.4501953125,25363.30078125
2024-10-10,51530.8984375,42088.80078125,62056.30078125,26528.5,23305.150390625,23764.650390625,9839.9501953125,41509.19921875,1047.8499755859375,9154.75,2064.949951171875,6606.0,25765.69921875
2024-10-11,51172.30078125,42335.69921875,62080.19921875,26436.599609375,23582.25,23612.55078125,9932.7001953125,41515.80078125,1040.5999755859375,9165.650390625,2077.25,6606.0,25642.599609375
2024-10-14,51816.8984375,42872.75,62372.30078125,26463.55078125,23680.0,23857.55078125,9905.0,41534.94921875,1057.3499755859375,9209.7998046875,2056.5,6632.25,25916.25
2024-10-15,51906.0,42731.30078125,62607.69921875,26242.599609375,23555.69921875,23863.44921875,9762.0498046875,41283.6015625,1079.050048828125,9217.0498046875,2069.300048828125,6618.2998046875,25900.400390625
2024-10-16,51801.05078125,42230.69921875,62373.25,25909.0,23467.349609375,23882.349609375,9741.7001953125,41304.6484375,1084.949951171875,9231.25,2059.35009765625,6618.10009765625,25789.650390625
2024-10-17,51288.80078125,42734.3515625,61352.75,24991.19921875,23254.0,23583.75,9603.2998046875,40983.0,1044.1500244140625,9134.5,2014.4000244140625,6584.9501953125,25500.400390625
2024-10-18,52094.19921875,42106.5,61042.1015625,25146.900390625,23356.19921875,23938.099609375,9753.900390625,41205.55078125,1047.300048828125,9182.0,2042.199951171875,6671.25,25984.099609375
2024-10-21,51962.69921875,41562.69921875,60280.25,25251.849609375,23122.69921875,23954.69921875,9606.7998046875,40984.69921875,1032.6500244140625,9104.7998046875,1984.3499755859375,6600.0,25703.5
2024-10-22,51257.1484375,41238.80078125,60000.94921875,24627.25,22828.19921875,23700.349609375,9318.7998046875,40009.3515625,997.75,8934.099609375,1933.75,6323.85009765625,25453.30078125
2024-10-23,51239.0,42222.1015625,60097.6484375,24451.30078125,22471.599609375,23752.0,9295.25,39812.3984375,997.1500244140625,8862.0,1940.199951171875,6352.60009765625,25383.150390625
2024-10-24,51531.1484375,42139.8515625,58396.8984375,24324.849609375,22570.80078125,23854.150390625,9273.4501953125,39942.5,985.8499755859375,8873.0498046875,1936.949951171875,6430.0,25476.099609375
2024-10-25,50787.44921875,42038.8515625,58908.5,23799.30078125,22574.55078125,23732.69921875,9048.9501953125,39063.75,974.3499755859375,8712.4501953125,1894.3499755859375,6283.89990234375,25166.80078125
2024-10-28,51259.30078125,42205.3984375,59252.6484375,23964.44921875,22857.25,23861.849609375,9278.400390625,39123.5,987.75,8746.349609375,1931.5,6521.2998046875,25235.349609375
2024-10-29,52320.69921875,42031.44921875,59203.8515625,23588.599609375,22601.400390625,24357.80078125,9338.75,39359.80078125,1001.8499755859375,8783.5498046875,1937.5999755859375,6758.9501953125,25622.150390625
2024-10-30,51807.5,41668.6015625,59748.8984375,23594.0,22374.94921875,24037.400390625,9342.4501953125,39296.1484375,1001.0499877929688,8788.5498046875,1982.8499755859375,6741.5498046875,25393.05078125
2024-10-31,51475.3515625,40407.55078125,59203.0,23514.69921875,22735.55078125,23886.55078125,9326.849609375,39301.94921875,999.5499877929688,8823.400390625,2019.0,6725.35009765625,25220.44921875
2024-11-01,51673.8984375,40433.6484375,59433.19921875,23805.599609375,22807.150390625,23947.599609375,9390.2998046875,39635.6484375,1009.0999755859375,8869.150390625,2027.25,6778.5498046875,25347.80078125
2024-11-04,51215.25,40421.80078125,58743.69921875,23573.19921875,22638.30078125,23660.25,9242.900390625,38604.75,979.5,8681.7001953125,1983.550048828125,6762.39990234375,25012.5
2024-11-05,52207.25,40424.6015625,58542.19921875,23839.599609375,22661.25,24128.900390625,9505.400390625,38924.8984375,985.5999755859375,8705.849609375,1978.949951171875,6886.5,25498.099609375
2024-11-06,52317.3984375,42039.5,58754.80078125,24137.900390625,22920.349609375,24181.19921875,9656.4501953125,39562.8515625,1011.0499877929688,8857.150390625,2006.8499755859375,6982.5,25506.900390625
2024-11-07,51916.5,41752.3984375,58180.25,23812.5,22526.94921875,23966.599609375,9392.849609375,38990.55078125,996.5499877929688,8767.7001953125,2002.5999755859375,6982.75,25274.599609375
2024-11-08,51561.19921875,42050.1484375,58359.3984375,23805.19921875,22542.25,23834.55078125,9308.900390625,38403.6484375,967.6500244140625,8709.400390625,1960.699951171875,6845.2001953125,25186.75
2024-11-11,51876.75,42590.30078125,57843.94921875,23729.44921875,22344.25,23959.94921875,9216.25,38247.44921875,966.2000122070312,8657.75,1935.1500244140625,6878.35009765625,25318.25
2024-11-12,51157.80078125,42609.55078125,56902.55078125,23269.099609375,22151.599609375,23563.650390625,9078.5,37705.6484375,967.9500122070312,8554.599609375,1923.5,6745.9501953125,25036.0
2024-11-13,50088.3515625,42369.5,56647.8515625,22765.19921875,21809.30078125,23138.400390625,8836.75,37114.6484375,937.25,8430.849609375,1881.949951171875,6538.14990234375,24530.400390625
2024-11-14,50179.55078125,42390.8515625,55782.69921875,22914.5,21752.0,23200.30078125,8828.7001953125,37047.55078125,946.9500122070312,8432.849609375,1924.4000244140625,6492.64990234375,24610.599609375
2024-11-18,50363.80078125,41406.55078125,56314.3515625,23043.849609375,21544.150390625,23257.69921875,8996.650390625,36757.19921875,952.25,8401.599609375,1898.949951171875,6534.75,24644.400390625
2024-11-19,50626.5,41748.3515625,56378.55078125,23359.5,21768.849609375,23403.05078125,8920.349609375,36584.19921875,966.2999877929688,8381.099609375,1945.4000244140625,6494.0498046875,24804.349609375
2024-11-21,50372.8984375,41952.80078125,55693.69921875,23145.900390625,21740.099609375,23273.44921875,8717.400390625,35789.30078125,975.2999877929688,8306.2998046875,1898.75,6318.89990234375,24824.69921875
2024-11-22,51135.3984375,43332.1015625,56956.44921875,23554.099609375,21962.05078125,23623.75,8846.2001953125,36523.5,1006.25,8537.9501953125,1892.5999755859375,6508.14990234375,25083.0
2024-11-25,52207.5,43618.1484375,57358.19921875,23716.44921875,22177.05078125,24058.69921875,8883.0,37006.0,1028.5,8721.25,1927.3499755859375,6779.10009765625,25487.0
2024-11-26,52191.5,44085.94921875,57838.25,23413.0,21961.75,24046.80078125,8916.7001953125,36722.19921875,1029.1500244140625,8663.25,1943.0999755859375,6789.9501953125,25461.150390625
2024-11-27,52301.80078125,44018.69921875,58028.6015625,23517.349609375,21828.599609375,24171.55078125,8987.349609375,37256.0,1024.9000244140625,8700.7998046875,1962.0999755859375,6783.9501953125,25517.94921875
2024-11-28,51906.8515625,42968.75,57706.05078125,23134.69921875,21728.599609375,23919.599609375,8964.849609375,36979.19921875,1025.3499755859375,8602.5,1968.3499755859375,6846.85009765625,25234.849609375
2024-11-29,52055.6015625,43146.25,57943.69921875,23368.55078125,22240.19921875,24010.150390625,9034.0,37481.94921875,1020.1500244140625,8734.2998046875,1996.800048828125,6813.85009765625,25327.94921875
2024-12-02,52109.0,43547.0,57917.0,23599.599609375,22450.19921875,24072.650390625,9133.599609375,37594.3984375,1051.199951171875,8803.7998046875,2017.25,6800.39990234375,25339.94921875
2024-12-03,52695.75,43754.94921875,57689.19921875,23752.400390625,22445.69921875,24296.55078125,9246.25,38014.05078125,1054.5999755859375,8905.150390625,2068.300048828125,6977.5,25559.05078125
2024-12-04,53266.8984375,43949.25,57270.3515625,23584.0,22422.900390625,24562.599609375,9230.099609375,37736.05078125,1077.1500244140625,8865.349609375,2083.85009765625,7134.35009765625,25779.900390625
2024-12-05,53603.55078125,44806.3984375,57605.19921875,23736.25,22463.400390625,24731.25,9282.75,37884.69921875,1074.449951171875,8936.7998046875,2083.949951171875,7125.5498046875,25958.44921875
2024-12-06,53509.5,44716.05078125,57744.30078125,23960.25,22434.75,24703.69921875,9397.150390625,37842.80078125,1073.9000244140625,8933.2001953125,2077.050048828125,7155.25,25956.349609375
2024-12-09,53407.75,44832.0,56460.6015625,23775.05078125,22309.099609375,24722.599609375,9455.25,37689.3984375,1076.9000244140625,8944.7001953125,2035.1500244140625,7114.85009765625,25884.0
2024-12-10,53577.69921875,45199.75,56530.25,23767.05078125,22291.44921875,24802.94921875,9475.349609375,37451.55078125,1092.3499755859375,8899.75,2021.25,7152.64990234375,25919.849609375
2024-12-11,53391.3515625,45350.3515625,56766.80078125,23851.849609375,22302.599609375,24803.05078125,9483.650390625,37308.8515625,1094.3499755859375,8904.5498046875,2010.8499755859375,7089.0498046875,25856.099609375
2024-12-12,53216.44921875,45701.6484375,56146.69921875,23660.30078125,22229.30078125,24726.94921875,9507.75,37024.94921875,1089.8499755859375,8846.650390625,1964.75,7033.5498046875,25745.44921875
2024-12-13,53583.80078125,45995.80078125,56869.3984375,23773.099609375,22157.349609375,24880.400390625,9439.2998046875,37194.19921875,1085.050048828125,8951.7001953125,1953.25,7020.7998046875,25952.599609375
2024-12-16,53581.3515625,45653.6015625,56697.19921875,23790.5,22255.55078125,24857.0,9347.75,36969.94921875,1118.6500244140625,8927.0,1981.6500244140625,7056.5,25971.55078125
2024-12-17,52834.80078125,45413.75,56467.44921875,23417.80078125,22074.55078125,24498.900390625,9194.9501953125,36375.3984375,1117.5999755859375,8773.75,1982.0999755859375,6928.0498046875,25611.94921875
2024-12-18,52139.55078125,45526.8515625,56467.80078125,23241.25,22314.55078125,24198.349609375,9069.900390625,35981.80078125,1112.4000244140625,8695.9501953125,1937.800048828125,6794.9501953125,25326.849609375
2024-12-19,51575.69921875,44954.19921875,56157.8984375,23070.900390625,22697.900390625,23906.599609375,8977.2001953125,35628.19921875,1103.25,8632.150390625,1920.5,6754.7001953125,25056.30078125
2024-12-20,50759.19921875,43771.05078125,55600.80078125,22580.0,22501.849609375,23591.69921875,8813.25,34910.6015625,1060.0999755859375,8452.400390625,1887.9000244140625,6575.7001953125,24617.599609375
2024-12-23,51317.6015625,43828.3515625,56135.05078125,22557.75,22572.05078125,23785.55078125,8891.400390625,35147.75,1075.6500244140625,8510.099609375,1880.449951171875,6646.5,24833.349609375
2024-12-24,51233.0,43668.8984375,56439.30078125,22685.55078125,22558.900390625,23737.599609375,8817.599609375,35084.94921875,1074.75,8505.0498046875,1874.1500244140625,6609.5498046875,24838.849609375
2024-12-26,51170.69921875,43664.25,56258.0,22876.099609375,22712.55078125,23743.80078125,8805.25,35159.55078125,1077.25,8528.849609375,1846.75,6630.14990234375,24798.400390625
2024-12-27,51311.30078125,43721.3984375,56444.25,23099.05078125,23008.349609375,23788.0,8720.7001953125,35039.3984375,1071.3499755859375,8495.0,1853.75,6570.89990234375,24919.05078125
2024-12-30,50952.75,43971.44921875,56618.3984375,22768.25,23241.150390625,23565.30078125,8609.849609375,34832.19921875,1054.8499755859375,8426.400390625,1819.050048828125,6493.25,24761.599609375
